match_id,season,match_phase,team1,team2,team1_short,team2_short,venue,city,pitch_type,toss_winner,toss_decision,team1_home,team2_home,team1_strength,team2_strength,team1_score,team2_score,winner,winner_short,win_margin,player_of_match
1,2018,league,Rajasthan Royals,Punjab Kings,RR,PBKS,"Sawai Mansingh Stadium, Jaipur",Jaipur,batting,Punjab Kings,bat,1,0,83,75,187,208,Punjab Kings,PBKS,7 wickets,Jonny Bairstow
2,2024,league,Mumbai Indians,Sunrisers Hyderabad,MI,SRH,"Rajiv Gandhi Stadium, Hyderabad",Hyderabad,balanced,Mumbai Indians,field,0,1,88,78,195,200,Sunrisers Hyderabad,SRH,6 wickets,Heinrich Klaasen
3,2020,league,Chennai Super Kings,Sunrisers Hyderabad,CSK,SRH,"Arun Jaitley Stadium, Delhi",Delhi,balanced,Sunrisers Hyderabad,field,0,0,90,78,175,187,Sunrisers Hyderabad,SRH,3 wickets,Bhuvneshwar Kumar
4,2022,playoff,Punjab Kings,Rajasthan Royals,PBKS,RR,"M.A. Chidambaram Stadium, Chennai",Chennai,spin,Rajasthan Royals,bat,0,0,75,83,135,163,Rajasthan Royals,RR,33 runs,Sanju Samson
5,2020,league,Delhi Capitals,Lucknow Super Giants,DC,LSG,"Arun Jaitley Stadium, Delhi",Delhi,balanced,Lucknow Super Giants,bat,1,0,80,81,188,196,Lucknow Super Giants,LSG,8 runs,Nicholas Pooran
6,2020,league,Sunrisers Hyderabad,Royal Challengers Bangalore,SRH,RCB,"M. Chinnaswamy Stadium, Bangalore",Bangalore,batting,Sunrisers Hyderabad,field,0,1,78,82,183,198,Royal Challengers Bangalore,RCB,4 wickets,Rajat Patidar
7,2022,league,Delhi Capitals,Rajasthan Royals,DC,RR,"Sawai Mansingh Stadium, Jaipur",Jaipur,batting,Rajasthan Royals,bat,0,1,80,83,197,170,Delhi Capitals,DC,3 wickets,Jake Fraser-McGurk
8,2023,league,Punjab Kings,Kolkata Knight Riders,PBKS,KKR,"IS Bindra Stadium, Mohali",Mohali,pace,Kolkata Knight Riders,field,1,0,75,85,151,153,Kolkata Knight Riders,KKR,17 runs,Rinku Singh
9,2019,league,Punjab Kings,Gujarat Titans,PBKS,GT,"M.A. Chidambaram Stadium, Chennai",Chennai,spin,Punjab Kings,bat,0,0,75,86,171,144,Punjab Kings,PBKS,7 runs,Sam Curran
10,2021,final,Chennai Super Kings,Delhi Capitals,CSK,DC,"M.A. Chidambaram Stadium, Chennai",Chennai,spin,Delhi Capitals,field,1,0,90,80,189,202,Delhi Capitals,DC,15 runs,Tristan Stubbs
11,2021,league,Royal Challengers Bangalore,Kolkata Knight Riders,RCB,KKR,"Sawai Mansingh Stadium, Jaipur",Jaipur,batting,Kolkata Knight Riders,field,0,0,82,85,100,125,Kolkata Knight Riders,KKR,29 runs,Sunil Narine
12,2019,league,Sunrisers Hyderabad,Delhi Capitals,SRH,DC,"IS Bindra Stadium, Mohali",Mohali,pace,Delhi Capitals,bat,0,0,78,80,178,201,Delhi Capitals,DC,7 wickets,Kuldeep Yadav
13,2021,playoff,Gujarat Titans,Punjab Kings,GT,PBKS,"Narendra Modi Stadium, Ahmedabad",Ahmedabad,balanced,Gujarat Titans,field,1,0,86,75,201,182,Gujarat Titans,GT,26 runs,David Miller
14,2021,league,Mumbai Indians,Chennai Super Kings,MI,CSK,"Wankhede Stadium, Mumbai",Mumbai,batting,Mumbai Indians,bat,1,0,88,90,178,140,Mumbai Indians,MI,6 wickets,Jasprit Bumrah
15,2020,league,Kolkata Knight Riders,Delhi Capitals,KKR,DC,"Arun Jaitley Stadium, Delhi",Delhi,balanced,Kolkata Knight Riders,bat,0,1,85,80,172,166,Kolkata Knight Riders,KKR,42 runs,Varun Chakravarthy
16,2023,league,Royal Challengers Bangalore,Gujarat Titans,RCB,GT,"Narendra Modi Stadium, Ahmedabad",Ahmedabad,balanced,Royal Challengers Bangalore,field,0,1,82,86,171,175,Gujarat Titans,GT,5 wickets,Mohammed Shami
17,2020,playoff,Kolkata Knight Riders,Sunrisers Hyderabad,KKR,SRH,"Eden Gardens, Kolkata",Kolkata,balanced,Kolkata Knight Riders,field,1,0,85,78,186,158,Kolkata Knight Riders,KKR,6 runs,Varun Chakravarthy
18,2020,league,Kolkata Knight Riders,Sunrisers Hyderabad,KKR,SRH,"M. Chinnaswamy Stadium, Bangalore",Bangalore,batting,Sunrisers Hyderabad,bat,0,0,85,78,191,184,Kolkata Knight Riders,KKR,1 wickets,Venkatesh Iyer
19,2022,league,Royal Challengers Bangalore,Lucknow Super Giants,RCB,LSG,"IS Bindra Stadium, Mohali",Mohali,pace,Lucknow Super Giants,bat,0,0,82,81,143,150,Lucknow Super Giants,LSG,2 wickets,Ayush Badoni
20,2026,league,Chennai Super Kings,Royal Challengers Bangalore,CSK,RCB,"M.A. Chidambaram Stadium, Chennai",Chennai,spin,Chennai Super Kings,bat,1,0,90,82,150,127,Chennai Super Kings,CSK,7 wickets,MS Dhoni
21,2021,league,Sunrisers Hyderabad,Kolkata Knight Riders,SRH,KKR,"Rajiv Gandhi Stadium, Hyderabad",Hyderabad,balanced,Kolkata Knight Riders,field,1,0,78,85,179,204,Kolkata Knight Riders,KKR,31 runs,Venkatesh Iyer
22,2022,league,Royal Challengers Bangalore,Mumbai Indians,RCB,MI,"M. Chinnaswamy Stadium, Bangalore",Bangalore,batting,Mumbai Indians,bat,1,0,82,88,220,221,Mumbai Indians,MI,7 wickets,Suryakumar Yadav
23,2024,league,Chennai Super Kings,Mumbai Indians,CSK,MI,"Wankhede Stadium, Mumbai",Mumbai,batting,Chennai Super Kings,field,0,1,90,88,144,151,Mumbai Indians,MI,31 runs,Tim David
24,2026,league,Kolkata Knight Riders,Chennai Super Kings,KKR,CSK,"M.A. Chidambaram Stadium, Chennai",Chennai,spin,Kolkata Knight Riders,field,0,1,85,90,143,117,Kolkata Knight Riders,KKR,32 runs,Varun Chakravarthy
25,2018,playoff,Rajasthan Royals,Lucknow Super Giants,RR,LSG,"BRSABV Ekana Stadium, Lucknow",Lucknow,balanced,Rajasthan Royals,field,0,1,83,81,162,185,Lucknow Super Giants,LSG,31 runs,Mark Wood
26,2023,league,Delhi Capitals,Rajasthan Royals,DC,RR,"Sawai Mansingh Stadium, Jaipur",Jaipur,batting,Delhi Capitals,field,0,1,80,83,178,168,Delhi Capitals,DC,7 wickets,Anrich Nortje
27,2024,league,Sunrisers Hyderabad,Gujarat Titans,SRH,GT,"Narendra Modi Stadium, Ahmedabad",Ahmedabad,balanced,Sunrisers Hyderabad,field,0,1,78,86,166,186,Gujarat Titans,GT,4 wickets,Wriddhiman Saha
28,2021,final,Lucknow Super Giants,Mumbai Indians,LSG,MI,"Arun Jaitley Stadium, Delhi",Delhi,balanced,Lucknow Super Giants,bat,0,0,81,88,182,159,Lucknow Super Giants,LSG,13 runs,Mark Wood
29,2025,league,Mumbai Indians,Rajasthan Royals,MI,RR,"Wankhede Stadium, Mumbai",Mumbai,batting,Mumbai Indians,field,1,0,88,83,194,167,Mumbai Indians,MI,8 runs,Tim David
30,2020,league,Mumbai Indians,Punjab Kings,MI,PBKS,"M.A. Chidambaram Stadium, Chennai",Chennai,spin,Punjab Kings,bat,0,0,88,75,146,156,Punjab Kings,PBKS,4 wickets,Kagiso Rabada
31,2020,league,Punjab Kings,Gujarat Titans,PBKS,GT,"Narendra Modi Stadium, Ahmedabad",Ahmedabad,balanced,Gujarat Titans,field,0,1,75,86,151,143,Punjab Kings,PBKS,14 runs,Sam Curran
32,2019,league,Chennai Super Kings,Sunrisers Hyderabad,CSK,SRH,"M.A. Chidambaram Stadium, Chennai",Chennai,spin,Sunrisers Hyderabad,bat,1,0,90,78,153,139,Chennai Super Kings,CSK,2 wickets,Ravindra Jadeja
33,2021,league,Lucknow Super Giants,Mumbai Indians,LSG,MI,"Sawai Mansingh Stadium, Jaipur",Jaipur,batting,Lucknow Super Giants,bat,0,0,81,88,162,132,Lucknow Super Giants,LSG,42 runs,Marcus Stoinis
34,2023,league,Royal Challengers Bangalore,Punjab Kings,RCB,PBKS,"IS Bindra Stadium, Mohali",Mohali,pace,Royal Challengers Bangalore,field,0,1,82,75,142,155,Punjab Kings,PBKS,2 wickets,Liam Livingstone
35,2018,league,Gujarat Titans,Rajasthan Royals,GT,RR,"Sawai Mansingh Stadium, Jaipur",Jaipur,batting,Rajasthan Royals,bat,0,1,86,83,165,122,Gujarat Titans,GT,6 wickets,David Miller
36,2024,league,Mumbai Indians,Rajasthan Royals,MI,RR,"M.A. Chidambaram Stadium, Chennai",Chennai,spin,Mumbai Indians,bat,0,0,88,83,207,176,Mumbai Indians,MI,6 wickets,Piyush Chawla
37,2025,league,Lucknow Super Giants,Sunrisers Hyderabad,LSG,SRH,"Arun Jaitley Stadium, Delhi",Delhi,balanced,Lucknow Super Giants,field,0,0,81,78,185,160,Lucknow Super Giants,LSG,5 wickets,Mark Wood
38,2019,league,Sunrisers Hyderabad,Kolkata Knight Riders,SRH,KKR,"Eden Gardens, Kolkata",Kolkata,balanced,Kolkata Knight Riders,bat,0,1,78,85,167,156,Sunrisers Hyderabad,SRH,2 wickets,T Natarajan
39,2021,league,Chennai Super Kings,Sunrisers Hyderabad,CSK,SRH,"M.A. Chidambaram Stadium, Chennai",Chennai,spin,Sunrisers Hyderabad,field,1,0,90,78,173,149,Chennai Super Kings,CSK,3 wickets,Ruturaj Gaikwad
40,2024,league,Rajasthan Royals,Gujarat Titans,RR,GT,"Narendra Modi Stadium, Ahmedabad",Ahmedabad,balanced,Rajasthan Royals,bat,0,1,83,86,171,147,Rajasthan Royals,RR,47 runs,Trent Boult
41,2026,playoff,Rajasthan Royals,Royal Challengers Bangalore,RR,RCB,"M. Chinnaswamy Stadium, Bangalore",Bangalore,batting,Royal Challengers Bangalore,field,0,1,83,82,160,123,Rajasthan Royals,RR,43 runs,Trent Boult
42,2026,league,Punjab Kings,Kolkata Knight Riders,PBKS,KKR,"Eden Gardens, Kolkata",Kolkata,balanced,Punjab Kings,field,0,1,75,85,213,186,Punjab Kings,PBKS,11 runs,Shikhar Dhawan
43,2018,league,Mumbai Indians,Gujarat Titans,MI,GT,"Wankhede Stadium, Mumbai",Mumbai,batting,Mumbai Indians,field,1,0,88,86,183,194,Gujarat Titans,GT,7 wickets,Rahul Tewatia
44,2022,league,Delhi Capitals,Sunrisers Hyderabad,DC,SRH,"Rajiv Gandhi Stadium, Hyderabad",Hyderabad,balanced,Sunrisers Hyderabad,field,0,1,80,78,130,147,Sunrisers Hyderabad,SRH,4 wickets,Heinrich Klaasen
45,2020,league,Royal Challengers Bangalore,Chennai Super Kings,RCB,CSK,"M.A. Chidambaram Stadium, Chennai",Chennai,spin,Chennai Super Kings,bat,0,1,82,90,126,135,Chennai Super Kings,CSK,35 runs,MS Dhoni
46,2021,league,Royal Challengers Bangalore,Mumbai Indians,RCB,MI,"M. Chinnaswamy Stadium, Bangalore",Bangalore,batting,Mumbai Indians,bat,1,0,82,88,169,129,Royal Challengers Bangalore,RCB,2 wickets,Glenn Maxwell
47,2025,league,Rajasthan Royals,Sunrisers Hyderabad,RR,SRH,"Rajiv Gandhi Stadium, Hyderabad",Hyderabad,balanced,Sunrisers Hyderabad,bat,0,1,83,78,172,142,Rajasthan Royals,RR,1 wickets,Yashasvi Jaiswal
48,2023,league,Gujarat Titans,Delhi Capitals,GT,DC,"BRSABV Ekana Stadium, Lucknow",Lucknow,balanced,Gujarat Titans,bat,0,0,86,80,195,200,Delhi Capitals,DC,2 wickets,Tristan Stubbs
49,2022,league,Kolkata Knight Riders,Punjab Kings,KKR,PBKS,"IS Bindra Stadium, Mohali",Mohali,pace,Kolkata Knight Riders,field,0,1,85,75,151,161,Punjab Kings,PBKS,10 runs,Kagiso Rabada
50,2026,league,Kolkata Knight Riders,Sunrisers Hyderabad,KKR,SRH,"Rajiv Gandhi Stadium, Hyderabad",Hyderabad,balanced,Kolkata Knight Riders,bat,0,1,85,78,189,210,Sunrisers Hyderabad,SRH,3 runs,T Natarajan
51,2021,league,Delhi Capitals,Sunrisers Hyderabad,DC,SRH,"Arun Jaitley Stadium, Delhi",Delhi,balanced,Sunrisers Hyderabad,field,1,0,80,78,207,231,Sunrisers Hyderabad,SRH,6 wickets,Travis Head
52,2026,league,Delhi Capitals,Lucknow Super Giants,DC,LSG,"BRSABV Ekana Stadium, Lucknow",Lucknow,balanced,Lucknow Super Giants,bat,0,1,80,81,148,166,Lucknow Super Giants,LSG,2 wickets,Ravi Bishnoi
53,2020,league,Rajasthan Royals,Gujarat Titans,RR,GT,"M.A. Chidambaram Stadium, Chennai",Chennai,spin,Gujarat Titans,field,0,0,83,86,196,225,Gujarat Titans,GT,37 runs,Rahul Tewatia
54,2020,playoff,Gujarat Titans,Punjab Kings,GT,PBKS,"M.A. Chidambaram Stadium, Chennai",Chennai,spin,Punjab Kings,field,0,0,86,75,161,189,Punjab Kings,PBKS,20 runs,Sam Curran
55,2018,league,Delhi Capitals,Kolkata Knight Riders,DC,KKR,"Arun Jaitley Stadium, Delhi",Delhi,balanced,Delhi Capitals,field,1,0,80,85,120,113,Delhi Capitals,DC,34 runs,David Warner
56,2026,league,Kolkata Knight Riders,Royal Challengers Bangalore,KKR,RCB,"Narendra Modi Stadium, Ahmedabad",Ahmedabad,balanced,Royal Challengers Bangalore,field,0,0,85,82,149,141,Kolkata Knight Riders,KKR,15 runs,Shreyas Iyer
57,2018,league,Chennai Super Kings,Mumbai Indians,CSK,MI,"M.A. Chidambaram Stadium, Chennai",Chennai,spin,Mumbai Indians,bat,1,0,90,88,187,205,Mumbai Indians,MI,10 runs,Tim David
58,2020,league,Sunrisers Hyderabad,Kolkata Knight Riders,SRH,KKR,"Narendra Modi Stadium, Ahmedabad",Ahmedabad,balanced,Sunrisers Hyderabad,bat,0,0,78,85,170,174,Kolkata Knight Riders,KKR,2 wickets,Venkatesh Iyer
59,2020,league,Sunrisers Hyderabad,Royal Challengers Bangalore,SRH,RCB,"M. Chinnaswamy Stadium, Bangalore",Bangalore,batting,Sunrisers Hyderabad,field,0,1,78,82,188,211,Royal Challengers Bangalore,RCB,5 wickets,Rajat Patidar
60,2022,league,Gujarat Titans,Delhi Capitals,GT,DC,"Arun Jaitley Stadium, Delhi",Delhi,balanced,Delhi Capitals,field,0,1,86,80,170,192,Delhi Capitals,DC,12 runs,Kuldeep Yadav
61,2022,league,Mumbai Indians,Kolkata Knight Riders,MI,KKR,"Eden Gardens, Kolkata",Kolkata,balanced,Kolkata Knight Riders,field,0,1,88,85,206,178,Mumbai Indians,MI,42 runs,Tim David
62,2024,league,Delhi Capitals,Mumbai Indians,DC,MI,"Arun Jaitley Stadium, Delhi",Delhi,balanced,Delhi Capitals,field,1,0,80,88,189,191,Mumbai Indians,MI,10 runs,Suryakumar Yadav
63,2018,league,Lucknow Super Giants,Mumbai Indians,LSG,MI,"M. Chinnaswamy Stadium, Bangalore",Bangalore,batting,Lucknow Super Giants,field,0,0,81,88,139,133,Lucknow Super Giants,LSG,49 runs,Quinton de Kock
64,2022,league,Sunrisers Hyderabad,Chennai Super Kings,SRH,CSK,"M.A. Chidambaram Stadium, Chennai",Chennai,spin,Sunrisers Hyderabad,field,0,1,78,90,227,255,Chennai Super Kings,CSK,17 runs,Deepak Chahar
65,2023,league,Lucknow Super Giants,Royal Challengers Bangalore,LSG,RCB,"BRSABV Ekana Stadium, Lucknow",Lucknow,balanced,Lucknow Super Giants,bat,1,0,81,82,242,264,Royal Challengers Bangalore,RCB,20 runs,Wanindu Hasaranga
66,2018,league,Kolkata Knight Riders,Delhi Capitals,KKR,DC,"M.A. Chidambaram Stadium, Chennai",Chennai,spin,Kolkata Knight Riders,field,0,0,85,80,123,126,Delhi Capitals,DC,7 wickets,David Warner
67,2021,league,Lucknow Super Giants,Gujarat Titans,LSG,GT,"Narendra Modi Stadium, Ahmedabad",Ahmedabad,balanced,Gujarat Titans,field,0,1,81,86,132,143,Gujarat Titans,GT,5 runs,Shubman Gill
68,2023,league,Royal Challengers Bangalore,Punjab Kings,RCB,PBKS,"IS Bindra Stadium, Mohali",Mohali,pace,Punjab Kings,bat,0,1,82,75,98,80,Royal Challengers Bangalore,RCB,1 wickets,Faf du Plessis
69,2020,playoff,Delhi Capitals,Lucknow Super Giants,DC,LSG,"BRSABV Ekana Stadium, Lucknow",Lucknow,balanced,Lucknow Super Giants,bat,0,1,80,81,197,206,Lucknow Super Giants,LSG,7 wickets,KL Rahul
70,2025,league,Mumbai Indians,Royal Challengers Bangalore,MI,RCB,"Rajiv Gandhi Stadium, Hyderabad",Hyderabad,balanced,Royal Challengers Bangalore,field,0,0,88,82,137,166,Royal Challengers Bangalore,RCB,33 runs,Virat Kohli
71,2019,league,Kolkata Knight Riders,Sunrisers Hyderabad,KKR,SRH,"Rajiv Gandhi Stadium, Hyderabad",Hyderabad,balanced,Sunrisers Hyderabad,field,0,1,85,78,164,174,Sunrisers Hyderabad,SRH,43 runs,T Natarajan
72,2024,league,Chennai Super Kings,Lucknow Super Giants,CSK,LSG,"M. Chinnaswamy Stadium, Bangalore",Bangalore,batting,Chennai Super Kings,field,0,0,90,81,187,168,Chennai Super Kings,CSK,3 wickets,MS Dhoni
73,2023,playoff,Gujarat Titans,Sunrisers Hyderabad,GT,SRH,"Rajiv Gandhi Stadium, Hyderabad",Hyderabad,balanced,Sunrisers Hyderabad,field,0,1,86,78,151,152,Sunrisers Hyderabad,SRH,5 wickets,T Natarajan
74,2023,playoff,Sunrisers Hyderabad,Kolkata Knight Riders,SRH,KKR,"Eden Gardens, Kolkata",Kolkata,balanced,Kolkata Knight Riders,field,0,1,78,85,162,155,Sunrisers Hyderabad,SRH,5 wickets,Travis Head
75,2018,league,Gujarat Titans,Sunrisers Hyderabad,GT,SRH,"Narendra Modi Stadium, Ahmedabad",Ahmedabad,balanced,Gujarat Titans,field,1,0,86,78,150,129,Gujarat Titans,GT,16 runs,Wriddhiman Saha
76,2022,league,Lucknow Super Giants,Chennai Super Kings,LSG,CSK,"IS Bindra Stadium, Mohali",Mohali,pace,Lucknow Super Giants,bat,0,0,81,90,180,200,Chennai Super Kings,CSK,1 wickets,Ruturaj Gaikwad
77,2019,league,Delhi Capitals,Lucknow Super Giants,DC,LSG,"Arun Jaitley Stadium, Delhi",Delhi,balanced,Lucknow Super Giants,field,1,0,80,81,145,117,Delhi Capitals,DC,5 runs,Kuldeep Yadav
78,2018,league,Delhi Capitals,Sunrisers Hyderabad,DC,SRH,"Arun Jaitley Stadium, Delhi",Delhi,balanced,Delhi Capitals,field,1,0,80,78,141,147,Sunrisers Hyderabad,SRH,2 wickets,Aiden Markram
79,2022,final,Royal Challengers Bangalore,Lucknow Super Giants,RCB,LSG,"M. Chinnaswamy Stadium, Bangalore",Bangalore,batting,Lucknow Super Giants,bat,1,0,82,81,153,172,Lucknow Super Giants,LSG,3 wickets,Quinton de Kock
80,2021,playoff,Gujarat Titans,Lucknow Super Giants,GT,LSG,"Arun Jaitley Stadium, Delhi",Delhi,balanced,Gujarat Titans,bat,0,0,86,81,198,173,Gujarat Titans,GT,3 wickets,Hardik Pandya
81,2023,league,Kolkata Knight Riders,Royal Challengers Bangalore,KKR,RCB,"Wankhede Stadium, Mumbai",Mumbai,batting,Royal Challengers Bangalore,field,0,0,85,82,178,183,Royal Challengers Bangalore,RCB,20 runs,Mohammed Siraj
82,2018,league,Delhi Capitals,Lucknow Super Giants,DC,LSG,"Arun Jaitley Stadium, Delhi",Delhi,balanced,Lucknow Super Giants,field,1,0,80,81,156,121,Delhi Capitals,DC,3 wickets,Anrich Nortje
83,2022,league,Mumbai Indians,Kolkata Knight Riders,MI,KKR,"Arun Jaitley Stadium, Delhi",Delhi,balanced,Kolkata Knight Riders,bat,0,0,88,85,146,109,Mumbai Indians,MI,25 runs,Suryakumar Yadav
84,2025,playoff,Lucknow Super Giants,Gujarat Titans,LSG,GT,"Narendra Modi Stadium, Ahmedabad",Ahmedabad,balanced,Lucknow Super Giants,field,0,1,81,86,192,168,Lucknow Super Giants,LSG,1 wickets,Marcus Stoinis
85,2018,league,Rajasthan Royals,Lucknow Super Giants,RR,LSG,"Wankhede Stadium, Mumbai",Mumbai,batting,Lucknow Super Giants,bat,0,0,83,81,238,234,Rajasthan Royals,RR,4 wickets,Trent Boult
86,2022,final,Lucknow Super Giants,Gujarat Titans,LSG,GT,"IS Bindra Stadium, Mohali",Mohali,pace,Gujarat Titans,bat,0,0,81,86,116,99,Lucknow Super Giants,LSG,28 runs,Marcus Stoinis
87,2019,league,Kolkata Knight Riders,Rajasthan Royals,KKR,RR,"Arun Jaitley Stadium, Delhi",Delhi,balanced,Kolkata Knight Riders,bat,0,0,85,83,152,115,Kolkata Knight Riders,KKR,2 wickets,Sunil Narine
88,2022,league,Punjab Kings,Kolkata Knight Riders,PBKS,KKR,"Eden Gardens, Kolkata",Kolkata,balanced,Kolkata Knight Riders,field,0,1,75,85,165,193,Kolkata Knight Riders,KKR,6 wickets,Rinku Singh
89,2022,final,Delhi Capitals,Kolkata Knight Riders,DC,KKR,"Arun Jaitley Stadium, Delhi",Delhi,balanced,Delhi Capitals,field,1,0,80,85,210,216,Kolkata Knight Riders,KKR,42 runs,Sunil Narine
90,2022,league,Sunrisers Hyderabad,Mumbai Indians,SRH,MI,"Wankhede Stadium, Mumbai",Mumbai,batting,Sunrisers Hyderabad,field,0,1,78,88,194,157,Sunrisers Hyderabad,SRH,16 runs,Abhishek Sharma
91,2018,league,Mumbai Indians,Sunrisers Hyderabad,MI,SRH,"Wankhede Stadium, Mumbai",Mumbai,batting,Mumbai Indians,field,1,0,88,78,160,185,Sunrisers Hyderabad,SRH,7 wickets,Nitish Kumar Reddy
92,2019,playoff,Rajasthan Royals,Delhi Capitals,RR,DC,"M. Chinnaswamy Stadium, Bangalore",Bangalore,batting,Delhi Capitals,bat,0,0,83,80,173,129,Rajasthan Royals,RR,5 runs,Jos Buttler
93,2019,league,Chennai Super Kings,Royal Challengers Bangalore,CSK,RCB,"Sawai Mansingh Stadium, Jaipur",Jaipur,batting,Royal Challengers Bangalore,field,0,0,90,82,152,118,Chennai Super Kings,CSK,7 wickets,Ravindra Jadeja
94,2022,playoff,Rajasthan Royals,Lucknow Super Giants,RR,LSG,"Wankhede Stadium, Mumbai",Mumbai,batting,Lucknow Super Giants,field,0,0,83,81,104,80,Rajasthan Royals,RR,2 wickets,Trent Boult
95,2021,league,Royal Challengers Bangalore,Punjab Kings,RCB,PBKS,"M. Chinnaswamy Stadium, Bangalore",Bangalore,batting,Punjab Kings,field,1,0,82,75,198,217,Punjab Kings,PBKS,48 runs,Jitesh Sharma
96,2022,playoff,Delhi Capitals,Chennai Super Kings,DC,CSK,"Arun Jaitley Stadium, Delhi",Delhi,balanced,Chennai Super Kings,field,1,0,80,90,160,168,Chennai Super Kings,CSK,24 runs,Ravindra Jadeja
97,2022,playoff,Punjab Kings,Royal Challengers Bangalore,PBKS,RCB,"Arun Jaitley Stadium, Delhi",Delhi,balanced,Punjab Kings,field,0,0,75,82,135,156,Royal Challengers Bangalore,RCB,37 runs,Glenn Maxwell
98,2026,league,Gujarat Titans,Lucknow Super Giants,GT,LSG,"Narendra Modi Stadium, Ahmedabad",Ahmedabad,balanced,Gujarat Titans,field,1,0,86,81,179,196,Lucknow Super Giants,LSG,7 wickets,Quinton de Kock
99,2022,league,Lucknow Super Giants,Gujarat Titans,LSG,GT,"Arun Jaitley Stadium, Delhi",Delhi,balanced,Lucknow Super Giants,field,0,0,81,86,171,198,Gujarat Titans,GT,6 wickets,Rashid Khan
100,2019,league,Mumbai Indians,Delhi Capitals,MI,DC,"Narendra Modi Stadium, Ahmedabad",Ahmedabad,balanced,Mumbai Indians,field,0,0,88,80,200,228,Delhi Capitals,DC,2 wickets,Jake Fraser-McGurk
101,2019,league,Chennai Super Kings,Mumbai Indians,CSK,MI,"M.A. Chidambaram Stadium, Chennai",Chennai,spin,Chennai Super Kings,field,1,0,90,88,161,169,Mumbai Indians,MI,6 wickets,Ishan Kishan
102,2018,league,Gujarat Titans,Royal Challengers Bangalore,GT,RCB,"IS Bindra Stadium, Mohali",Mohali,pace,Royal Challengers Bangalore,bat,0,0,86,82,125,137,Royal Challengers Bangalore,RCB,3 wickets,Virat Kohli
103,2019,league,Lucknow Super Giants,Rajasthan Royals,LSG,RR,"BRSABV Ekana Stadium, Lucknow",Lucknow,balanced,Lucknow Super Giants,bat,1,0,81,83,120,136,Rajasthan Royals,RR,23 runs,Yuzvendra Chahal
104,2021,league,Royal Challengers Bangalore,Gujarat Titans,RCB,GT,"M. Chinnaswamy Stadium, Bangalore",Bangalore,batting,Gujarat Titans,field,1,0,82,86,152,173,Gujarat Titans,GT,7 wickets,Shubman Gill
105,2021,league,Mumbai Indians,Gujarat Titans,MI,GT,"Wankhede Stadium, Mumbai",Mumbai,batting,Gujarat Titans,bat,1,0,88,86,213,186,Mumbai Indians,MI,3 runs,Suryakumar Yadav
106,2020,league,Sunrisers Hyderabad,Kolkata Knight Riders,SRH,KKR,"Rajiv Gandhi Stadium, Hyderabad",Hyderabad,balanced,Kolkata Knight Riders,field,1,0,78,85,99,95,Sunrisers Hyderabad,SRH,39 runs,Abhishek Sharma
107,2024,league,Kolkata Knight Riders,Sunrisers Hyderabad,KKR,SRH,"Rajiv Gandhi Stadium, Hyderabad",Hyderabad,balanced,Sunrisers Hyderabad,bat,0,1,85,78,177,194,Sunrisers Hyderabad,SRH,20 runs,Travis Head
108,2020,final,Sunrisers Hyderabad,Rajasthan Royals,SRH,RR,"Sawai Mansingh Stadium, Jaipur",Jaipur,batting,Sunrisers Hyderabad,field,0,1,78,83,190,168,Sunrisers Hyderabad,SRH,16 runs,Travis Head
109,2020,league,Kolkata Knight Riders,Sunrisers Hyderabad,KKR,SRH,"M. Chinnaswamy Stadium, Bangalore",Bangalore,batting,Sunrisers Hyderabad,field,0,0,85,78,250,245,Kolkata Knight Riders,KKR,3 wickets,Sunil Narine
110,2026,league,Chennai Super Kings,Gujarat Titans,CSK,GT,"Eden Gardens, Kolkata",Kolkata,balanced,Chennai Super Kings,field,0,0,90,86,167,130,Chennai Super Kings,CSK,48 runs,Ravindra Jadeja
111,2020,league,Chennai Super Kings,Mumbai Indians,CSK,MI,"Sawai Mansingh Stadium, Jaipur",Jaipur,batting,Mumbai Indians,field,0,0,90,88,208,228,Mumbai Indians,MI,3 wickets,Jasprit Bumrah
112,2025,league,Mumbai Indians,Gujarat Titans,MI,GT,"Sawai Mansingh Stadium, Jaipur",Jaipur,batting,Mumbai Indians,bat,0,0,88,86,214,182,Mumbai Indians,MI,19 runs,Jasprit Bumrah
113,2023,league,Kolkata Knight Riders,Chennai Super Kings,KKR,CSK,"M. Chinnaswamy Stadium, Bangalore",Bangalore,batting,Kolkata Knight Riders,bat,0,0,85,90,155,178,Chennai Super Kings,CSK,4 wickets,Ravindra Jadeja
114,2024,playoff,Royal Challengers Bangalore,Chennai Super Kings,RCB,CSK,"Sawai Mansingh Stadium, Jaipur",Jaipur,batting,Chennai Super Kings,bat,0,0,82,90,183,161,Royal Challengers Bangalore,RCB,7 wickets,Glenn Maxwell
115,2022,league,Delhi Capitals,Punjab Kings,DC,PBKS,"IS Bindra Stadium, Mohali",Mohali,pace,Delhi Capitals,field,0,1,80,75,123,85,Delhi Capitals,DC,4 runs,Kuldeep Yadav
116,2025,league,Delhi Capitals,Sunrisers Hyderabad,DC,SRH,"Rajiv Gandhi Stadium, Hyderabad",Hyderabad,balanced,Sunrisers Hyderabad,field,0,1,80,78,150,152,Sunrisers Hyderabad,SRH,1 wickets,Bhuvneshwar Kumar
117,2019,league,Punjab Kings,Sunrisers Hyderabad,PBKS,SRH,"Rajiv Gandhi Stadium, Hyderabad",Hyderabad,balanced,Sunrisers Hyderabad,field,0,1,75,78,165,180,Sunrisers Hyderabad,SRH,15 runs,Nitish Kumar Reddy
118,2026,league,Kolkata Knight Riders,Lucknow Super Giants,KKR,LSG,"Eden Gardens, Kolkata",Kolkata,balanced,Kolkata Knight Riders,bat,1,0,85,81,211,215,Lucknow Super Giants,LSG,2 wickets,KL Rahul
119,2025,league,Delhi Capitals,Rajasthan Royals,DC,RR,"Sawai Mansingh Stadium, Jaipur",Jaipur,batting,Rajasthan Royals,field,0,1,80,83,166,163,Delhi Capitals,DC,14 runs,Anrich Nortje
120,2023,playoff,Delhi Capitals,Kolkata Knight Riders,DC,KKR,"Eden Gardens, Kolkata",Kolkata,balanced,Kolkata Knight Riders,field,0,1,80,85,110,138,Kolkata Knight Riders,KKR,6 runs,Shreyas Iyer
121,2024,league,Gujarat Titans,Lucknow Super Giants,GT,LSG,"BRSABV Ekana Stadium, Lucknow",Lucknow,balanced,Gujarat Titans,field,0,1,86,81,163,164,Lucknow Super Giants,LSG,4 wickets,Quinton de Kock
122,2025,league,Kolkata Knight Riders,Punjab Kings,KKR,PBKS,"Eden Gardens, Kolkata",Kolkata,balanced,Kolkata Knight Riders,field,1,0,85,75,189,207,Punjab Kings,PBKS,4 wickets,Kagiso Rabada
123,2022,league,Gujarat Titans,Lucknow Super Giants,GT,LSG,"BRSABV Ekana Stadium, Lucknow",Lucknow,balanced,Lucknow Super Giants,field,0,1,86,81,188,162,Gujarat Titans,GT,6 wickets,Shubman Gill
124,2022,league,Mumbai Indians,Delhi Capitals,MI,DC,"Wankhede Stadium, Mumbai",Mumbai,batting,Mumbai Indians,field,1,0,88,80,185,175,Mumbai Indians,MI,2 wickets,Piyush Chawla
125,2021,league,Punjab Kings,Rajasthan Royals,PBKS,RR,"Arun Jaitley Stadium, Delhi",Delhi,balanced,Punjab Kings,bat,0,0,75,83,177,200,Rajasthan Royals,RR,6 wickets,Shimron Hetmyer
126,2023,league,Chennai Super Kings,Punjab Kings,CSK,PBKS,"M.A. Chidambaram Stadium, Chennai",Chennai,spin,Punjab Kings,bat,1,0,90,75,140,99,Chennai Super Kings,CSK,31 runs,Shivam Dube
127,2022,league,Sunrisers Hyderabad,Lucknow Super Giants,SRH,LSG,"Rajiv Gandhi Stadium, Hyderabad",Hyderabad,balanced,Lucknow Super Giants,field,1,0,78,81,152,168,Lucknow Super Giants,LSG,29 runs,Mark Wood
128,2021,league,Kolkata Knight Riders,Punjab Kings,KKR,PBKS,"Eden Gardens, Kolkata",Kolkata,balanced,Punjab Kings,field,1,0,85,75,139,159,Punjab Kings,PBKS,5 runs,Shikhar Dhawan
129,2021,league,Mumbai Indians,Punjab Kings,MI,PBKS,"Wankhede Stadium, Mumbai",Mumbai,batting,Mumbai Indians,field,1,0,88,75,258,215,Mumbai Indians,MI,48 runs,Ishan Kishan
130,2023,league,Punjab Kings,Royal Challengers Bangalore,PBKS,RCB,"IS Bindra Stadium, Mohali",Mohali,pace,Punjab Kings,field,1,0,75,82,121,115,Punjab Kings,PBKS,6 wickets,Jitesh Sharma
131,2019,league,Chennai Super Kings,Lucknow Super Giants,CSK,LSG,"BRSABV Ekana Stadium, Lucknow",Lucknow,balanced,Chennai Super Kings,bat,0,1,90,81,148,139,Chennai Super Kings,CSK,5 wickets,Deepak Chahar
132,2018,league,Lucknow Super Giants,Mumbai Indians,LSG,MI,"Wankhede Stadium, Mumbai",Mumbai,batting,Mumbai Indians,bat,0,1,81,88,146,171,Mumbai Indians,MI,14 runs,Tilak Varma
133,2019,league,Punjab Kings,Sunrisers Hyderabad,PBKS,SRH,"Sawai Mansingh Stadium, Jaipur",Jaipur,batting,Punjab Kings,field,0,0,75,78,137,145,Sunrisers Hyderabad,SRH,6 wickets,Nitish Kumar Reddy
134,2020,league,Kolkata Knight Riders,Royal Challengers Bangalore,KKR,RCB,"Arun Jaitley Stadium, Delhi",Delhi,balanced,Royal Challengers Bangalore,field,0,0,85,82,178,207,Royal Challengers Bangalore,RCB,36 runs,Glenn Maxwell
135,2025,league,Sunrisers Hyderabad,Royal Challengers Bangalore,SRH,RCB,"IS Bindra Stadium, Mohali",Mohali,pace,Sunrisers Hyderabad,bat,0,0,78,82,120,92,Sunrisers Hyderabad,SRH,2 wickets,Abhishek Sharma
136,2022,league,Kolkata Knight Riders,Gujarat Titans,KKR,GT,"Wankhede Stadium, Mumbai",Mumbai,batting,Gujarat Titans,field,0,0,85,86,149,137,Kolkata Knight Riders,KKR,35 runs,Andre Russell
137,2026,league,Gujarat Titans,Rajasthan Royals,GT,RR,"Wankhede Stadium, Mumbai",Mumbai,batting,Rajasthan Royals,bat,0,0,86,83,161,156,Gujarat Titans,GT,4 wickets,Mohammed Shami
138,2024,league,Kolkata Knight Riders,Lucknow Super Giants,KKR,LSG,"Eden Gardens, Kolkata",Kolkata,balanced,Lucknow Super Giants,field,1,0,85,81,157,130,Kolkata Knight Riders,KKR,33 runs,Sunil Narine
139,2024,league,Delhi Capitals,Lucknow Super Giants,DC,LSG,"BRSABV Ekana Stadium, Lucknow",Lucknow,balanced,Delhi Capitals,field,0,1,80,81,149,167,Lucknow Super Giants,LSG,3 wickets,KL Rahul
140,2025,league,Rajasthan Royals,Chennai Super Kings,RR,CSK,"Sawai Mansingh Stadium, Jaipur",Jaipur,batting,Rajasthan Royals,field,1,0,83,90,185,153,Rajasthan Royals,RR,3 runs,Jos Buttler
141,2023,league,Gujarat Titans,Punjab Kings,GT,PBKS,"IS Bindra Stadium, Mohali",Mohali,pace,Punjab Kings,field,0,1,86,75,113,82,Gujarat Titans,GT,28 runs,David Miller
142,2020,league,Chennai Super Kings,Rajasthan Royals,CSK,RR,"IS Bindra Stadium, Mohali",Mohali,pace,Rajasthan Royals,bat,0,0,90,83,216,239,Rajasthan Royals,RR,34 runs,Riyan Parag
143,2021,league,Rajasthan Royals,Punjab Kings,RR,PBKS,"M.A. Chidambaram Stadium, Chennai",Chennai,spin,Punjab Kings,field,0,0,83,75,193,160,Rajasthan Royals,RR,25 runs,Trent Boult
144,2024,league,Rajasthan Royals,Punjab Kings,RR,PBKS,"Sawai Mansingh Stadium, Jaipur",Jaipur,batting,Rajasthan Royals,field,1,0,83,75,149,168,Punjab Kings,PBKS,3 wickets,Arshdeep Singh
145,2021,league,Kolkata Knight Riders,Gujarat Titans,KKR,GT,"Eden Gardens, Kolkata",Kolkata,balanced,Gujarat Titans,bat,1,0,85,86,122,99,Kolkata Knight Riders,KKR,15 runs,Shreyas Iyer
146,2020,league,Chennai Super Kings,Kolkata Knight Riders,CSK,KKR,"M.A. Chidambaram Stadium, Chennai",Chennai,spin,Chennai Super Kings,field,1,0,90,85,175,184,Kolkata Knight Riders,KKR,4 wickets,Andre Russell
147,2023,league,Kolkata Knight Riders,Rajasthan Royals,KKR,RR,"Eden Gardens, Kolkata",Kolkata,balanced,Kolkata Knight Riders,bat,1,0,85,83,155,168,Rajasthan Royals,RR,21 runs,Riyan Parag
148,2024,league,Mumbai Indians,Rajasthan Royals,MI,RR,"Sawai Mansingh Stadium, Jaipur",Jaipur,batting,Mumbai Indians,field,0,1,88,83,141,109,Mumbai Indians,MI,4 wickets,Suryakumar Yadav
149,2021,league,Lucknow Super Giants,Kolkata Knight Riders,LSG,KKR,"Rajiv Gandhi Stadium, Hyderabad",Hyderabad,balanced,Kolkata Knight Riders,field,0,0,81,85,167,134,Lucknow Super Giants,LSG,43 runs,Ravi Bishnoi
150,2023,league,Gujarat Titans,Kolkata Knight Riders,GT,KKR,"Eden Gardens, Kolkata",Kolkata,balanced,Kolkata Knight Riders,field,0,1,86,85,221,226,Kolkata Knight Riders,KKR,4 wickets,Venkatesh Iyer
151,2021,league,Rajasthan Royals,Gujarat Titans,RR,GT,"Narendra Modi Stadium, Ahmedabad",Ahmedabad,balanced,Rajasthan Royals,bat,0,1,83,86,198,169,Rajasthan Royals,RR,3 wickets,Trent Boult
152,2021,league,Kolkata Knight Riders,Royal Challengers Bangalore,KKR,RCB,"Arun Jaitley Stadium, Delhi",Delhi,balanced,Kolkata Knight Riders,bat,0,0,85,82,160,118,Kolkata Knight Riders,KKR,3 wickets,Venkatesh Iyer
153,2026,league,Royal Challengers Bangalore,Mumbai Indians,RCB,MI,"Sawai Mansingh Stadium, Jaipur",Jaipur,batting,Royal Challengers Bangalore,bat,0,0,82,88,185,212,Mumbai Indians,MI,5 wickets,Ishan Kishan
154,2021,league,Kolkata Knight Riders,Royal Challengers Bangalore,KKR,RCB,"M. Chinnaswamy Stadium, Bangalore",Bangalore,batting,Kolkata Knight Riders,bat,0,1,85,82,160,123,Kolkata Knight Riders,KKR,40 runs,Sunil Narine
155,2024,league,Rajasthan Royals,Mumbai Indians,RR,MI,"Sawai Mansingh Stadium, Jaipur",Jaipur,batting,Rajasthan Royals,field,1,0,83,88,121,130,Mumbai Indians,MI,5 runs,Suryakumar Yadav
156,2019,league,Delhi Capitals,Chennai Super Kings,DC,CSK,"Wankhede Stadium, Mumbai",Mumbai,batting,Chennai Super Kings,field,0,0,80,90,203,221,Chennai Super Kings,CSK,2 wickets,Devon Conway
157,2022,league,Mumbai Indians,Rajasthan Royals,MI,RR,"Sawai Mansingh Stadium, Jaipur",Jaipur,batting,Mumbai Indians,bat,0,1,88,83,170,195,Rajasthan Royals,RR,19 runs,Trent Boult
158,2022,league,Rajasthan Royals,Mumbai Indians,RR,MI,"Rajiv Gandhi Stadium, Hyderabad",Hyderabad,balanced,Rajasthan Royals,field,0,0,83,88,206,199,Rajasthan Royals,RR,3 wickets,Yashasvi Jaiswal
159,2025,league,Sunrisers Hyderabad,Gujarat Titans,SRH,GT,"Wankhede Stadium, Mumbai",Mumbai,batting,Gujarat Titans,field,0,0,78,86,178,194,Gujarat Titans,GT,3 runs,Shubman Gill
160,2021,league,Gujarat Titans,Delhi Capitals,GT,DC,"BRSABV Ekana Stadium, Lucknow",Lucknow,balanced,Delhi Capitals,field,0,0,86,80,142,171,Delhi Capitals,DC,5 wickets,Axar Patel
161,2025,league,Royal Challengers Bangalore,Delhi Capitals,RCB,DC,"Eden Gardens, Kolkata",Kolkata,balanced,Delhi Capitals,field,0,0,82,80,161,157,Royal Challengers Bangalore,RCB,7 runs,Mohammed Siraj
162,2022,league,Royal Challengers Bangalore,Rajasthan Royals,RCB,RR,"IS Bindra Stadium, Mohali",Mohali,pace,Rajasthan Royals,field,0,0,82,83,119,84,Royal Challengers Bangalore,RCB,6 runs,Mohammed Siraj
163,2020,playoff,Rajasthan Royals,Gujarat Titans,RR,GT,"Sawai Mansingh Stadium, Jaipur",Jaipur,batting,Gujarat Titans,bat,1,0,83,86,152,163,Gujarat Titans,GT,38 runs,Shubman Gill
164,2024,league,Delhi Capitals,Punjab Kings,DC,PBKS,"M.A. Chidambaram Stadium, Chennai",Chennai,spin,Delhi Capitals,field,0,0,80,75,144,130,Delhi Capitals,DC,3 wickets,Rishabh Pant
165,2026,league,Gujarat Titans,Mumbai Indians,GT,MI,"Wankhede Stadium, Mumbai",Mumbai,batting,Gujarat Titans,field,0,1,86,88,129,106,Gujarat Titans,GT,29 runs,Wriddhiman Saha
166,2026,league,Royal Challengers Bangalore,Sunrisers Hyderabad,RCB,SRH,"Rajiv Gandhi Stadium, Hyderabad",Hyderabad,balanced,Royal Challengers Bangalore,field,0,1,82,78,188,210,Sunrisers Hyderabad,SRH,39 runs,Nitish Kumar Reddy
167,2023,final,Delhi Capitals,Chennai Super Kings,DC,CSK,"Wankhede Stadium, Mumbai",Mumbai,batting,Delhi Capitals,field,0,0,80,90,209,235,Chennai Super Kings,CSK,1 wickets,Shivam Dube
168,2020,league,Kolkata Knight Riders,Punjab Kings,KKR,PBKS,"IS Bindra Stadium, Mohali",Mohali,pace,Kolkata Knight Riders,bat,0,1,85,75,152,174,Punjab Kings,PBKS,5 wickets,Arshdeep Singh
169,2025,playoff,Punjab Kings,Sunrisers Hyderabad,PBKS,SRH,"IS Bindra Stadium, Mohali",Mohali,pace,Sunrisers Hyderabad,field,1,0,75,78,174,170,Punjab Kings,PBKS,38 runs,Shikhar Dhawan
170,2020,league,Mumbai Indians,Gujarat Titans,MI,GT,"Narendra Modi Stadium, Ahmedabad",Ahmedabad,balanced,Gujarat Titans,field,0,1,88,86,158,140,Mumbai Indians,MI,49 runs,Tim David
171,2022,playoff,Sunrisers Hyderabad,Chennai Super Kings,SRH,CSK,"Wankhede Stadium, Mumbai",Mumbai,batting,Sunrisers Hyderabad,field,0,0,78,90,188,213,Chennai Super Kings,CSK,32 runs,Deepak Chahar
172,2024,playoff,Kolkata Knight Riders,Mumbai Indians,KKR,MI,"Eden Gardens, Kolkata",Kolkata,balanced,Kolkata Knight Riders,bat,1,0,85,88,182,210,Mumbai Indians,MI,6 wickets,Jasprit Bumrah
173,2021,league,Gujarat Titans,Sunrisers Hyderabad,GT,SRH,"Rajiv Gandhi Stadium, Hyderabad",Hyderabad,balanced,Gujarat Titans,field,0,1,86,78,157,138,Gujarat Titans,GT,47 runs,Hardik Pandya
174,2018,playoff,Rajasthan Royals,Punjab Kings,RR,PBKS,"Sawai Mansingh Stadium, Jaipur",Jaipur,batting,Rajasthan Royals,field,1,0,83,75,213,209,Rajasthan Royals,RR,7 wickets,Sanju Samson
175,2018,league,Royal Challengers Bangalore,Punjab Kings,RCB,PBKS,"M. Chinnaswamy Stadium, Bangalore",Bangalore,batting,Punjab Kings,bat,1,0,82,75,181,210,Punjab Kings,PBKS,31 runs,Shikhar Dhawan
176,2024,playoff,Royal Challengers Bangalore,Kolkata Knight Riders,RCB,KKR,"M. Chinnaswamy Stadium, Bangalore",Bangalore,batting,Kolkata Knight Riders,bat,1,0,82,85,201,176,Royal Challengers Bangalore,RCB,3 wickets,Glenn Maxwell
177,2024,league,Royal Challengers Bangalore,Delhi Capitals,RCB,DC,"Arun Jaitley Stadium, Delhi",Delhi,balanced,Delhi Capitals,bat,0,1,82,80,139,102,Royal Challengers Bangalore,RCB,3 runs,Virat Kohli
178,2026,league,Lucknow Super Giants,Royal Challengers Bangalore,LSG,RCB,"BRSABV Ekana Stadium, Lucknow",Lucknow,balanced,Lucknow Super Giants,field,1,0,81,82,153,144,Lucknow Super Giants,LSG,25 runs,Ayush Badoni
179,2019,playoff,Mumbai Indians,Royal Challengers Bangalore,MI,RCB,"Eden Gardens, Kolkata",Kolkata,balanced,Royal Challengers Bangalore,field,0,0,88,82,161,132,Mumbai Indians,MI,2 wickets,Tim David
180,2018,league,Chennai Super Kings,Sunrisers Hyderabad,CSK,SRH,"Rajiv Gandhi Stadium, Hyderabad",Hyderabad,balanced,Chennai Super Kings,bat,0,1,90,78,179,174,Chennai Super Kings,CSK,2 wickets,Ravindra Jadeja
181,2022,league,Rajasthan Royals,Royal Challengers Bangalore,RR,RCB,"M. Chinnaswamy Stadium, Bangalore",Bangalore,batting,Rajasthan Royals,field,0,1,83,82,151,129,Rajasthan Royals,RR,26 runs,Yashasvi Jaiswal
182,2021,league,Kolkata Knight Riders,Lucknow Super Giants,KKR,LSG,"Eden Gardens, Kolkata",Kolkata,balanced,Lucknow Super Giants,field,1,0,85,81,160,187,Lucknow Super Giants,LSG,37 runs,Quinton de Kock
183,2021,league,Lucknow Super Giants,Mumbai Indians,LSG,MI,"Wankhede Stadium, Mumbai",Mumbai,batting,Lucknow Super Giants,bat,0,1,81,88,198,212,Mumbai Indians,MI,2 wickets,Piyush Chawla
184,2021,league,Chennai Super Kings,Gujarat Titans,CSK,GT,"Narendra Modi Stadium, Ahmedabad",Ahmedabad,balanced,Gujarat Titans,bat,0,1,90,86,179,155,Chennai Super Kings,CSK,41 runs,Ruturaj Gaikwad
185,2022,league,Kolkata Knight Riders,Delhi Capitals,KKR,DC,"Eden Gardens, Kolkata",Kolkata,balanced,Delhi Capitals,bat,1,0,85,80,139,156,Delhi Capitals,DC,6 wickets,Rishabh Pant
186,2025,league,Chennai Super Kings,Gujarat Titans,CSK,GT,"M.A. Chidambaram Stadium, Chennai",Chennai,spin,Gujarat Titans,field,1,0,90,86,174,130,Chennai Super Kings,CSK,2 wickets,Devon Conway
187,2020,league,Lucknow Super Giants,Rajasthan Royals,LSG,RR,"Sawai Mansingh Stadium, Jaipur",Jaipur,batting,Rajasthan Royals,bat,0,1,81,83,221,229,Rajasthan Royals,RR,16 runs,Shimron Hetmyer
188,2022,league,Delhi Capitals,Kolkata Knight Riders,DC,KKR,"Arun Jaitley Stadium, Delhi",Delhi,balanced,Kolkata Knight Riders,field,1,0,80,85,142,136,Delhi Capitals,DC,3 wickets,Axar Patel
189,2025,league,Kolkata Knight Riders,Mumbai Indians,KKR,MI,"Wankhede Stadium, Mumbai",Mumbai,batting,Kolkata Knight Riders,bat,0,1,85,88,164,172,Mumbai Indians,MI,35 runs,Suryakumar Yadav
190,2022,league,Gujarat Titans,Chennai Super Kings,GT,CSK,"Wankhede Stadium, Mumbai",Mumbai,batting,Gujarat Titans,bat,0,0,86,90,227,237,Chennai Super Kings,CSK,10 runs,Ravindra Jadeja
191,2024,league,Lucknow Super Giants,Royal Challengers Bangalore,LSG,RCB,"Wankhede Stadium, Mumbai",Mumbai,batting,Royal Challengers Bangalore,field,0,0,81,82,153,145,Lucknow Super Giants,LSG,29 runs,KL Rahul
192,2022,final,Sunrisers Hyderabad,Gujarat Titans,SRH,GT,"Rajiv Gandhi Stadium, Hyderabad",Hyderabad,balanced,Gujarat Titans,bat,1,0,78,86,183,204,Gujarat Titans,GT,11 runs,Hardik Pandya
193,2022,league,Rajasthan Royals,Lucknow Super Giants,RR,LSG,"BRSABV Ekana Stadium, Lucknow",Lucknow,balanced,Lucknow Super Giants,field,0,1,83,81,193,159,Rajasthan Royals,RR,29 runs,Jos Buttler
194,2018,league,Chennai Super Kings,Lucknow Super Giants,CSK,LSG,"Arun Jaitley Stadium, Delhi",Delhi,balanced,Chennai Super Kings,field,0,0,90,81,182,201,Lucknow Super Giants,LSG,38 runs,Quinton de Kock
195,2022,league,Chennai Super Kings,Gujarat Titans,CSK,GT,"Arun Jaitley Stadium, Delhi",Delhi,balanced,Gujarat Titans,bat,0,0,90,86,152,155,Gujarat Titans,GT,11 runs,David Miller
196,2022,playoff,Kolkata Knight Riders,Punjab Kings,KKR,PBKS,"Rajiv Gandhi Stadium, Hyderabad",Hyderabad,balanced,Kolkata Knight Riders,field,0,0,85,75,253,256,Punjab Kings,PBKS,5 runs,Liam Livingstone
197,2025,league,Rajasthan Royals,Delhi Capitals,RR,DC,"Arun Jaitley Stadium, Delhi",Delhi,balanced,Rajasthan Royals,field,0,1,83,80,165,173,Delhi Capitals,DC,33 runs,Kuldeep Yadav
198,2022,league,Rajasthan Royals,Kolkata Knight Riders,RR,KKR,"Sawai Mansingh Stadium, Jaipur",Jaipur,batting,Rajasthan Royals,bat,1,0,83,85,176,134,Rajasthan Royals,RR,36 runs,Sanju Samson
199,2024,league,Punjab Kings,Chennai Super Kings,PBKS,CSK,"Rajiv Gandhi Stadium, Hyderabad",Hyderabad,balanced,Punjab Kings,bat,0,0,75,90,150,178,Chennai Super Kings,CSK,21 runs,Ravindra Jadeja
200,2025,league,Royal Challengers Bangalore,Delhi Capitals,RCB,DC,"BRSABV Ekana Stadium, Lucknow",Lucknow,balanced,Royal Challengers Bangalore,field,0,0,82,80,119,140,Delhi Capitals,DC,1 wickets,Jake Fraser-McGurk
201,2020,final,Rajasthan Royals,Kolkata Knight Riders,RR,KKR,"Sawai Mansingh Stadium, Jaipur",Jaipur,batting,Kolkata Knight Riders,field,1,0,83,85,232,253,Kolkata Knight Riders,KKR,11 runs,Venkatesh Iyer
202,2024,league,Chennai Super Kings,Rajasthan Royals,CSK,RR,"Sawai Mansingh Stadium, Jaipur",Jaipur,batting,Rajasthan Royals,field,0,1,90,83,202,208,Rajasthan Royals,RR,30 runs,Shimron Hetmyer
203,2025,league,Kolkata Knight Riders,Punjab Kings,KKR,PBKS,"IS Bindra Stadium, Mohali",Mohali,pace,Punjab Kings,field,0,1,85,75,191,180,Kolkata Knight Riders,KKR,6 wickets,Andre Russell
204,2025,league,Delhi Capitals,Sunrisers Hyderabad,DC,SRH,"BRSABV Ekana Stadium, Lucknow",Lucknow,balanced,Sunrisers Hyderabad,field,0,0,80,78,158,127,Delhi Capitals,DC,2 runs,Anrich Nortje
205,2024,league,Mumbai Indians,Sunrisers Hyderabad,MI,SRH,"Rajiv Gandhi Stadium, Hyderabad",Hyderabad,balanced,Sunrisers Hyderabad,field,0,1,88,78,207,225,Sunrisers Hyderabad,SRH,4 wickets,Aiden Markram
206,2023,league,Mumbai Indians,Chennai Super Kings,MI,CSK,"IS Bindra Stadium, Mohali",Mohali,pace,Chennai Super Kings,field,0,0,88,90,217,243,Chennai Super Kings,CSK,28 runs,Deepak Chahar
207,2018,league,Gujarat Titans,Delhi Capitals,GT,DC,"Narendra Modi Stadium, Ahmedabad",Ahmedabad,balanced,Gujarat Titans,field,1,0,86,80,173,148,Gujarat Titans,GT,23 runs,Mohammed Shami
208,2022,league,Mumbai Indians,Chennai Super Kings,MI,CSK,"M.A. Chidambaram Stadium, Chennai",Chennai,spin,Chennai Super Kings,field,0,1,88,90,172,149,Mumbai Indians,MI,45 runs,Rohit Sharma
209,2022,league,Gujarat Titans,Rajasthan Royals,GT,RR,"Narendra Modi Stadium, Ahmedabad",Ahmedabad,balanced,Rajasthan Royals,field,1,0,86,83,184,144,Gujarat Titans,GT,7 runs,Wriddhiman Saha
210,2019,league,Chennai Super Kings,Mumbai Indians,CSK,MI,"M.A. Chidambaram Stadium, Chennai",Chennai,spin,Chennai Super Kings,bat,1,0,90,88,157,142,Chennai Super Kings,CSK,42 runs,Ravindra Jadeja
211,2022,league,Royal Challengers Bangalore,Kolkata Knight Riders,RCB,KKR,"Eden Gardens, Kolkata",Kolkata,balanced,Kolkata Knight Riders,field,0,1,82,85,174,196,Kolkata Knight Riders,KKR,3 wickets,Andre Russell
212,2022,league,Kolkata Knight Riders,Royal Challengers Bangalore,KKR,RCB,"Narendra Modi Stadium, Ahmedabad",Ahmedabad,balanced,Kolkata Knight Riders,bat,0,0,85,82,171,153,Kolkata Knight Riders,KKR,40 runs,Andre Russell
213,2024,league,Gujarat Titans,Mumbai Indians,GT,MI,"Wankhede Stadium, Mumbai",Mumbai,batting,Gujarat Titans,bat,0,1,86,88,209,170,Gujarat Titans,GT,40 runs,David Miller
214,2024,league,Chennai Super Kings,Royal Challengers Bangalore,CSK,RCB,"M. Chinnaswamy Stadium, Bangalore",Bangalore,batting,Royal Challengers Bangalore,bat,0,1,90,82,227,252,Royal Challengers Bangalore,RCB,5 wickets,Faf du Plessis
215,2024,league,Sunrisers Hyderabad,Gujarat Titans,SRH,GT,"Wankhede Stadium, Mumbai",Mumbai,batting,Gujarat Titans,bat,0,0,78,86,200,178,Sunrisers Hyderabad,SRH,5 runs,Abhishek Sharma
216,2024,league,Mumbai Indians,Chennai Super Kings,MI,CSK,"IS Bindra Stadium, Mohali",Mohali,pace,Chennai Super Kings,bat,0,0,88,90,207,163,Mumbai Indians,MI,2 wickets,Ishan Kishan
217,2026,league,Gujarat Titans,Delhi Capitals,GT,DC,"Arun Jaitley Stadium, Delhi",Delhi,balanced,Delhi Capitals,field,0,1,86,80,260,266,Delhi Capitals,DC,3 wickets,David Warner
218,2022,league,Delhi Capitals,Kolkata Knight Riders,DC,KKR,"Eden Gardens, Kolkata",Kolkata,balanced,Delhi Capitals,field,0,1,80,85,166,137,Delhi Capitals,DC,4 wickets,Jake Fraser-McGurk
219,2019,league,Punjab Kings,Chennai Super Kings,PBKS,CSK,"M.A. Chidambaram Stadium, Chennai",Chennai,spin,Chennai Super Kings,field,0,1,75,90,201,221,Chennai Super Kings,CSK,33 runs,MS Dhoni
220,2018,league,Kolkata Knight Riders,Rajasthan Royals,KKR,RR,"Eden Gardens, Kolkata",Kolkata,balanced,Kolkata Knight Riders,bat,1,0,85,83,172,177,Rajasthan Royals,RR,9 runs,Riyan Parag
221,2021,playoff,Gujarat Titans,Royal Challengers Bangalore,GT,RCB,"Arun Jaitley Stadium, Delhi",Delhi,balanced,Royal Challengers Bangalore,bat,0,0,86,82,211,203,Gujarat Titans,GT,3 wickets,David Miller
222,2018,playoff,Delhi Capitals,Lucknow Super Giants,DC,LSG,"M.A. Chidambaram Stadium, Chennai",Chennai,spin,Lucknow Super Giants,bat,0,0,80,81,105,125,Lucknow Super Giants,LSG,2 wickets,Nicholas Pooran
223,2026,league,Chennai Super Kings,Kolkata Knight Riders,CSK,KKR,"Eden Gardens, Kolkata",Kolkata,balanced,Kolkata Knight Riders,bat,0,1,90,85,160,121,Chennai Super Kings,CSK,29 runs,Devon Conway
224,2024,league,Kolkata Knight Riders,Punjab Kings,KKR,PBKS,"Narendra Modi Stadium, Ahmedabad",Ahmedabad,balanced,Kolkata Knight Riders,field,0,0,85,75,179,137,Kolkata Knight Riders,KKR,40 runs,Sunil Narine
225,2024,league,Gujarat Titans,Royal Challengers Bangalore,GT,RCB,"M. Chinnaswamy Stadium, Bangalore",Bangalore,batting,Royal Challengers Bangalore,bat,0,1,86,82,168,148,Gujarat Titans,GT,43 runs,Shubman Gill
226,2023,league,Punjab Kings,Mumbai Indians,PBKS,MI,"Wankhede Stadium, Mumbai",Mumbai,batting,Punjab Kings,field,0,1,75,88,182,184,Mumbai Indians,MI,34 runs,Suryakumar Yadav
227,2026,league,Punjab Kings,Lucknow Super Giants,PBKS,LSG,"Wankhede Stadium, Mumbai",Mumbai,batting,Punjab Kings,field,0,0,75,81,210,227,Lucknow Super Giants,LSG,5 wickets,Nicholas Pooran
228,2025,final,Chennai Super Kings,Rajasthan Royals,CSK,RR,"Rajiv Gandhi Stadium, Hyderabad",Hyderabad,balanced,Chennai Super Kings,bat,0,0,90,83,146,149,Rajasthan Royals,RR,6 runs,Trent Boult
229,2022,league,Rajasthan Royals,Chennai Super Kings,RR,CSK,"M.A. Chidambaram Stadium, Chennai",Chennai,spin,Rajasthan Royals,field,0,1,83,90,119,107,Rajasthan Royals,RR,2 wickets,Yuzvendra Chahal
230,2024,league,Gujarat Titans,Delhi Capitals,GT,DC,"Arun Jaitley Stadium, Delhi",Delhi,balanced,Gujarat Titans,bat,0,1,86,80,120,138,Delhi Capitals,DC,3 wickets,Jake Fraser-McGurk
231,2021,league,Lucknow Super Giants,Punjab Kings,LSG,PBKS,"Sawai Mansingh Stadium, Jaipur",Jaipur,batting,Lucknow Super Giants,field,0,0,81,75,235,209,Lucknow Super Giants,LSG,28 runs,Nicholas Pooran
232,2022,league,Lucknow Super Giants,Delhi Capitals,LSG,DC,"BRSABV Ekana Stadium, Lucknow",Lucknow,balanced,Delhi Capitals,field,1,0,81,80,185,199,Delhi Capitals,DC,15 runs,Tristan Stubbs
233,2021,league,Chennai Super Kings,Mumbai Indians,CSK,MI,"Wankhede Stadium, Mumbai",Mumbai,batting,Chennai Super Kings,field,0,1,90,88,139,164,Mumbai Indians,MI,4 wickets,Tim David
234,2020,league,Chennai Super Kings,Rajasthan Royals,CSK,RR,"Sawai Mansingh Stadium, Jaipur",Jaipur,batting,Rajasthan Royals,field,0,1,90,83,201,168,Chennai Super Kings,CSK,6 wickets,MS Dhoni
235,2020,league,Lucknow Super Giants,Chennai Super Kings,LSG,CSK,"M.A. Chidambaram Stadium, Chennai",Chennai,spin,Chennai Super Kings,bat,0,1,81,90,192,211,Chennai Super Kings,CSK,18 runs,MS Dhoni
236,2023,league,Sunrisers Hyderabad,Kolkata Knight Riders,SRH,KKR,"Rajiv Gandhi Stadium, Hyderabad",Hyderabad,balanced,Sunrisers Hyderabad,bat,1,0,78,85,111,103,Sunrisers Hyderabad,SRH,26 runs,Nitish Kumar Reddy
237,2018,league,Punjab Kings,Sunrisers Hyderabad,PBKS,SRH,"IS Bindra Stadium, Mohali",Mohali,pace,Punjab Kings,field,1,0,75,78,152,140,Punjab Kings,PBKS,8 runs,Kagiso Rabada
238,2021,league,Sunrisers Hyderabad,Gujarat Titans,SRH,GT,"Narendra Modi Stadium, Ahmedabad",Ahmedabad,balanced,Gujarat Titans,field,0,1,78,86,151,170,Gujarat Titans,GT,7 wickets,Wriddhiman Saha
239,2024,league,Royal Challengers Bangalore,Kolkata Knight Riders,RCB,KKR,"M. Chinnaswamy Stadium, Bangalore",Bangalore,batting,Kolkata Knight Riders,field,1,0,82,85,160,129,Royal Challengers Bangalore,RCB,1 wickets,Wanindu Hasaranga
240,2024,league,Kolkata Knight Riders,Gujarat Titans,KKR,GT,"Rajiv Gandhi Stadium, Hyderabad",Hyderabad,balanced,Kolkata Knight Riders,field,0,0,85,86,176,195,Gujarat Titans,GT,32 runs,Wriddhiman Saha
241,2023,league,Mumbai Indians,Gujarat Titans,MI,GT,"Eden Gardens, Kolkata",Kolkata,balanced,Gujarat Titans,field,0,0,88,86,115,134,Gujarat Titans,GT,4 wickets,Rashid Khan
242,2021,league,Lucknow Super Giants,Sunrisers Hyderabad,LSG,SRH,"BRSABV Ekana Stadium, Lucknow",Lucknow,balanced,Sunrisers Hyderabad,bat,1,0,81,78,171,154,Lucknow Super Giants,LSG,17 runs,Ayush Badoni
243,2025,playoff,Rajasthan Royals,Delhi Capitals,RR,DC,"BRSABV Ekana Stadium, Lucknow",Lucknow,balanced,Rajasthan Royals,field,0,0,83,80,168,169,Delhi Capitals,DC,23 runs,Jake Fraser-McGurk
244,2019,league,Mumbai Indians,Chennai Super Kings,MI,CSK,"Wankhede Stadium, Mumbai",Mumbai,batting,Mumbai Indians,bat,1,0,88,90,194,179,Mumbai Indians,MI,13 runs,Rohit Sharma
245,2025,playoff,Chennai Super Kings,Sunrisers Hyderabad,CSK,SRH,"M.A. Chidambaram Stadium, Chennai",Chennai,spin,Chennai Super Kings,field,1,0,90,78,177,172,Chennai Super Kings,CSK,32 runs,Ravindra Jadeja
246,2025,league,Kolkata Knight Riders,Royal Challengers Bangalore,KKR,RCB,"Eden Gardens, Kolkata",Kolkata,balanced,Kolkata Knight Riders,field,1,0,85,82,190,211,Royal Challengers Bangalore,RCB,20 runs,Dinesh Karthik
247,2022,league,Lucknow Super Giants,Punjab Kings,LSG,PBKS,"Arun Jaitley Stadium, Delhi",Delhi,balanced,Lucknow Super Giants,bat,0,0,81,75,131,102,Lucknow Super Giants,LSG,25 runs,Ayush Badoni
248,2025,league,Sunrisers Hyderabad,Royal Challengers Bangalore,SRH,RCB,"Rajiv Gandhi Stadium, Hyderabad",Hyderabad,balanced,Sunrisers Hyderabad,field,1,0,78,82,160,138,Sunrisers Hyderabad,SRH,33 runs,Heinrich Klaasen
249,2019,playoff,Delhi Capitals,Gujarat Titans,DC,GT,"IS Bindra Stadium, Mohali",Mohali,pace,Gujarat Titans,field,0,0,80,86,185,178,Delhi Capitals,DC,3 wickets,Jake Fraser-McGurk
250,2024,league,Rajasthan Royals,Punjab Kings,RR,PBKS,"Sawai Mansingh Stadium, Jaipur",Jaipur,batting,Punjab Kings,bat,1,0,83,75,183,202,Punjab Kings,PBKS,21 runs,Kagiso Rabada
251,2022,league,Sunrisers Hyderabad,Gujarat Titans,SRH,GT,"Rajiv Gandhi Stadium, Hyderabad",Hyderabad,balanced,Gujarat Titans,field,1,0,78,86,162,182,Gujarat Titans,GT,7 wickets,Rahul Tewatia
252,2018,league,Chennai Super Kings,Rajasthan Royals,CSK,RR,"Sawai Mansingh Stadium, Jaipur",Jaipur,batting,Chennai Super Kings,field,0,1,90,83,186,145,Chennai Super Kings,CSK,6 wickets,Devon Conway
253,2026,playoff,Mumbai Indians,Lucknow Super Giants,MI,LSG,"Wankhede Stadium, Mumbai",Mumbai,batting,Lucknow Super Giants,field,1,0,88,81,190,192,Lucknow Super Giants,LSG,9 runs,Marcus Stoinis
254,2023,league,Lucknow Super Giants,Sunrisers Hyderabad,LSG,SRH,"Rajiv Gandhi Stadium, Hyderabad",Hyderabad,balanced,Lucknow Super Giants,field,0,1,81,78,177,159,Lucknow Super Giants,LSG,30 runs,Nicholas Pooran
255,2025,league,Royal Challengers Bangalore,Chennai Super Kings,RCB,CSK,"M.A. Chidambaram Stadium, Chennai",Chennai,spin,Chennai Super Kings,field,0,1,82,90,146,104,Royal Challengers Bangalore,RCB,15 runs,Wanindu Hasaranga
256,2019,playoff,Rajasthan Royals,Lucknow Super Giants,RR,LSG,"BRSABV Ekana Stadium, Lucknow",Lucknow,balanced,Lucknow Super Giants,field,0,1,83,81,111,80,Rajasthan Royals,RR,43 runs,Shimron Hetmyer
257,2022,league,Rajasthan Royals,Mumbai Indians,RR,MI,"Sawai Mansingh Stadium, Jaipur",Jaipur,batting,Mumbai Indians,field,1,0,83,88,162,144,Rajasthan Royals,RR,23 runs,Trent Boult
258,2023,playoff,Mumbai Indians,Sunrisers Hyderabad,MI,SRH,"Wankhede Stadium, Mumbai",Mumbai,batting,Mumbai Indians,field,1,0,88,78,171,162,Mumbai Indians,MI,38 runs,Suryakumar Yadav
259,2019,league,Kolkata Knight Riders,Royal Challengers Bangalore,KKR,RCB,"BRSABV Ekana Stadium, Lucknow",Lucknow,balanced,Kolkata Knight Riders,bat,0,0,85,82,178,160,Kolkata Knight Riders,KKR,29 runs,Sunil Narine
260,2026,league,Sunrisers Hyderabad,Punjab Kings,SRH,PBKS,"Rajiv Gandhi Stadium, Hyderabad",Hyderabad,balanced,Sunrisers Hyderabad,bat,1,0,78,75,183,167,Sunrisers Hyderabad,SRH,2 wickets,Heinrich Klaasen
261,2019,league,Rajasthan Royals,Sunrisers Hyderabad,RR,SRH,"Sawai Mansingh Stadium, Jaipur",Jaipur,batting,Sunrisers Hyderabad,field,1,0,83,78,200,226,Sunrisers Hyderabad,SRH,5 wickets,Travis Head
262,2022,league,Delhi Capitals,Rajasthan Royals,DC,RR,"Narendra Modi Stadium, Ahmedabad",Ahmedabad,balanced,Rajasthan Royals,field,0,0,80,83,123,131,Rajasthan Royals,RR,32 runs,Yuzvendra Chahal
263,2020,league,Gujarat Titans,Delhi Capitals,GT,DC,"Narendra Modi Stadium, Ahmedabad",Ahmedabad,balanced,Delhi Capitals,bat,1,0,86,80,223,216,Gujarat Titans,GT,30 runs,Rahul Tewatia
264,2019,league,Royal Challengers Bangalore,Delhi Capitals,RCB,DC,"M. Chinnaswamy Stadium, Bangalore",Bangalore,batting,Delhi Capitals,field,1,0,82,80,191,188,Royal Challengers Bangalore,RCB,4 runs,Wanindu Hasaranga
265,2024,league,Mumbai Indians,Gujarat Titans,MI,GT,"Wankhede Stadium, Mumbai",Mumbai,batting,Gujarat Titans,bat,1,0,88,86,173,153,Mumbai Indians,MI,4 wickets,Ishan Kishan
266,2026,league,Chennai Super Kings,Punjab Kings,CSK,PBKS,"M.A. Chidambaram Stadium, Chennai",Chennai,spin,Punjab Kings,field,1,0,90,75,189,209,Punjab Kings,PBKS,43 runs,Kagiso Rabada
267,2021,playoff,Mumbai Indians,Lucknow Super Giants,MI,LSG,"BRSABV Ekana Stadium, Lucknow",Lucknow,balanced,Mumbai Indians,bat,0,1,88,81,168,170,Lucknow Super Giants,LSG,40 runs,Ravi Bishnoi
268,2018,league,Delhi Capitals,Lucknow Super Giants,DC,LSG,"BRSABV Ekana Stadium, Lucknow",Lucknow,balanced,Lucknow Super Giants,field,0,1,80,81,200,208,Lucknow Super Giants,LSG,7 wickets,Ravi Bishnoi
269,2018,final,Punjab Kings,Royal Challengers Bangalore,PBKS,RCB,"Rajiv Gandhi Stadium, Hyderabad",Hyderabad,balanced,Royal Challengers Bangalore,field,0,0,75,82,194,208,Royal Challengers Bangalore,RCB,6 wickets,Virat Kohli
270,2020,league,Rajasthan Royals,Punjab Kings,RR,PBKS,"IS Bindra Stadium, Mohali",Mohali,pace,Rajasthan Royals,field,0,1,83,75,122,133,Punjab Kings,PBKS,2 wickets,Shikhar Dhawan
271,2020,league,Royal Challengers Bangalore,Punjab Kings,RCB,PBKS,"M.A. Chidambaram Stadium, Chennai",Chennai,spin,Punjab Kings,field,0,0,82,75,146,103,Royal Challengers Bangalore,RCB,2 wickets,Rajat Patidar
272,2019,playoff,Mumbai Indians,Delhi Capitals,MI,DC,"Arun Jaitley Stadium, Delhi",Delhi,balanced,Mumbai Indians,field,0,1,88,80,183,210,Delhi Capitals,DC,4 wickets,Axar Patel
273,2020,league,Mumbai Indians,Delhi Capitals,MI,DC,"Wankhede Stadium, Mumbai",Mumbai,batting,Delhi Capitals,bat,1,0,88,80,175,157,Mumbai Indians,MI,49 runs,Tim David
274,2020,league,Delhi Capitals,Sunrisers Hyderabad,DC,SRH,"Arun Jaitley Stadium, Delhi",Delhi,balanced,Delhi Capitals,field,1,0,80,78,141,164,Sunrisers Hyderabad,SRH,11 runs,Nitish Kumar Reddy
275,2024,playoff,Punjab Kings,Kolkata Knight Riders,PBKS,KKR,"IS Bindra Stadium, Mohali",Mohali,pace,Kolkata Knight Riders,field,1,0,75,85,155,175,Kolkata Knight Riders,KKR,4 wickets,Andre Russell
276,2024,playoff,Lucknow Super Giants,Rajasthan Royals,LSG,RR,"BRSABV Ekana Stadium, Lucknow",Lucknow,balanced,Lucknow Super Giants,field,1,0,81,83,180,198,Rajasthan Royals,RR,6 wickets,Riyan Parag
277,2024,league,Mumbai Indians,Kolkata Knight Riders,MI,KKR,"Wankhede Stadium, Mumbai",Mumbai,batting,Mumbai Indians,bat,1,0,88,85,211,187,Mumbai Indians,MI,2 runs,Tim David
278,2023,league,Sunrisers Hyderabad,Delhi Capitals,SRH,DC,"Arun Jaitley Stadium, Delhi",Delhi,balanced,Delhi Capitals,field,0,1,78,80,195,220,Delhi Capitals,DC,33 runs,Jake Fraser-McGurk
279,2025,league,Punjab Kings,Rajasthan Royals,PBKS,RR,"Sawai Mansingh Stadium, Jaipur",Jaipur,batting,Punjab Kings,field,0,1,75,83,215,193,Punjab Kings,PBKS,43 runs,Sam Curran
280,2025,league,Gujarat Titans,Kolkata Knight Riders,GT,KKR,"Eden Gardens, Kolkata",Kolkata,balanced,Gujarat Titans,field,0,1,86,85,188,209,Kolkata Knight Riders,KKR,43 runs,Venkatesh Iyer
281,2018,league,Sunrisers Hyderabad,Royal Challengers Bangalore,SRH,RCB,"Arun Jaitley Stadium, Delhi",Delhi,balanced,Sunrisers Hyderabad,bat,0,0,78,82,170,141,Sunrisers Hyderabad,SRH,42 runs,Bhuvneshwar Kumar
282,2022,league,Lucknow Super Giants,Delhi Capitals,LSG,DC,"Narendra Modi Stadium, Ahmedabad",Ahmedabad,balanced,Delhi Capitals,bat,0,0,81,80,172,192,Delhi Capitals,DC,25 runs,Axar Patel
283,2026,league,Rajasthan Royals,Chennai Super Kings,RR,CSK,"Eden Gardens, Kolkata",Kolkata,balanced,Rajasthan Royals,field,0,0,83,90,171,189,Chennai Super Kings,CSK,37 runs,Shivam Dube
284,2021,league,Sunrisers Hyderabad,Lucknow Super Giants,SRH,LSG,"Sawai Mansingh Stadium, Jaipur",Jaipur,batting,Sunrisers Hyderabad,field,0,0,78,81,181,185,Lucknow Super Giants,LSG,10 runs,KL Rahul
285,2020,league,Rajasthan Royals,Mumbai Indians,RR,MI,"Wankhede Stadium, Mumbai",Mumbai,batting,Rajasthan Royals,field,0,1,83,88,177,196,Mumbai Indians,MI,45 runs,Tim David
286,2026,league,Kolkata Knight Riders,Gujarat Titans,KKR,GT,"M.A. Chidambaram Stadium, Chennai",Chennai,spin,Gujarat Titans,field,0,0,85,86,108,97,Kolkata Knight Riders,KKR,4 wickets,Sunil Narine
287,2026,playoff,Kolkata Knight Riders,Royal Challengers Bangalore,KKR,RCB,"Eden Gardens, Kolkata",Kolkata,balanced,Royal Challengers Bangalore,field,1,0,85,82,167,177,Royal Challengers Bangalore,RCB,44 runs,Virat Kohli
288,2018,playoff,Gujarat Titans,Rajasthan Royals,GT,RR,"Sawai Mansingh Stadium, Jaipur",Jaipur,batting,Gujarat Titans,field,0,1,86,83,160,123,Gujarat Titans,GT,5 wickets,Hardik Pandya
289,2021,league,Sunrisers Hyderabad,Delhi Capitals,SRH,DC,"Rajiv Gandhi Stadium, Hyderabad",Hyderabad,balanced,Sunrisers Hyderabad,field,1,0,78,80,139,112,Sunrisers Hyderabad,SRH,30 runs,Bhuvneshwar Kumar
290,2023,league,Sunrisers Hyderabad,Delhi Capitals,SRH,DC,"Wankhede Stadium, Mumbai",Mumbai,batting,Sunrisers Hyderabad,bat,0,0,78,80,148,173,Delhi Capitals,DC,2 wickets,Rishabh Pant
291,2026,league,Gujarat Titans,Kolkata Knight Riders,GT,KKR,"Rajiv Gandhi Stadium, Hyderabad",Hyderabad,balanced,Kolkata Knight Riders,bat,0,0,86,85,107,119,Kolkata Knight Riders,KKR,8 runs,Venkatesh Iyer
292,2024,league,Lucknow Super Giants,Delhi Capitals,LSG,DC,"Sawai Mansingh Stadium, Jaipur",Jaipur,batting,Delhi Capitals,field,0,0,81,80,220,216,Lucknow Super Giants,LSG,5 wickets,Mark Wood
293,2019,league,Delhi Capitals,Gujarat Titans,DC,GT,"Narendra Modi Stadium, Ahmedabad",Ahmedabad,balanced,Delhi Capitals,field,0,1,80,86,194,213,Gujarat Titans,GT,9 runs,Rashid Khan
294,2019,playoff,Sunrisers Hyderabad,Chennai Super Kings,SRH,CSK,"M.A. Chidambaram Stadium, Chennai",Chennai,spin,Chennai Super Kings,bat,0,1,78,90,147,149,Chennai Super Kings,CSK,3 wickets,MS Dhoni
295,2024,league,Gujarat Titans,Mumbai Indians,GT,MI,"Narendra Modi Stadium, Ahmedabad",Ahmedabad,balanced,Mumbai Indians,bat,1,0,86,88,173,131,Gujarat Titans,GT,46 runs,Mohammed Shami
296,2025,playoff,Punjab Kings,Kolkata Knight Riders,PBKS,KKR,"M.A. Chidambaram Stadium, Chennai",Chennai,spin,Punjab Kings,field,0,0,75,85,134,119,Punjab Kings,PBKS,4 wickets,Liam Livingstone
297,2021,league,Lucknow Super Giants,Mumbai Indians,LSG,MI,"IS Bindra Stadium, Mohali",Mohali,pace,Lucknow Super Giants,field,0,0,81,88,166,178,Mumbai Indians,MI,28 runs,Ishan Kishan
298,2019,playoff,Lucknow Super Giants,Punjab Kings,LSG,PBKS,"M.A. Chidambaram Stadium, Chennai",Chennai,spin,Punjab Kings,bat,0,0,81,75,130,159,Punjab Kings,PBKS,5 wickets,Kagiso Rabada
299,2025,league,Punjab Kings,Rajasthan Royals,PBKS,RR,"IS Bindra Stadium, Mohali",Mohali,pace,Rajasthan Royals,bat,1,0,75,83,155,132,Punjab Kings,PBKS,48 runs,Arshdeep Singh
300,2026,league,Royal Challengers Bangalore,Delhi Capitals,RCB,DC,"Arun Jaitley Stadium, Delhi",Delhi,balanced,Delhi Capitals,bat,0,1,82,80,228,253,Delhi Capitals,DC,47 runs,Tristan Stubbs
301,2019,league,Kolkata Knight Riders,Mumbai Indians,KKR,MI,"Rajiv Gandhi Stadium, Hyderabad",Hyderabad,balanced,Kolkata Knight Riders,field,0,0,85,88,164,180,Mumbai Indians,MI,3 wickets,Tim David
302,2024,playoff,Delhi Capitals,Sunrisers Hyderabad,DC,SRH,"Arun Jaitley Stadium, Delhi",Delhi,balanced,Delhi Capitals,bat,1,0,80,78,219,188,Delhi Capitals,DC,32 runs,Jake Fraser-McGurk
303,2024,playoff,Rajasthan Royals,Delhi Capitals,RR,DC,"Arun Jaitley Stadium, Delhi",Delhi,balanced,Delhi Capitals,field,0,1,83,80,160,183,Delhi Capitals,DC,5 wickets,Anrich Nortje
304,2018,league,Kolkata Knight Riders,Lucknow Super Giants,KKR,LSG,"BRSABV Ekana Stadium, Lucknow",Lucknow,balanced,Kolkata Knight Riders,field,0,1,85,81,126,139,Lucknow Super Giants,LSG,7 wickets,Ayush Badoni
305,2024,league,Sunrisers Hyderabad,Rajasthan Royals,SRH,RR,"Rajiv Gandhi Stadium, Hyderabad",Hyderabad,balanced,Rajasthan Royals,field,1,0,78,83,228,242,Rajasthan Royals,RR,45 runs,Yuzvendra Chahal
306,2021,league,Delhi Capitals,Gujarat Titans,DC,GT,"Narendra Modi Stadium, Ahmedabad",Ahmedabad,balanced,Delhi Capitals,field,0,1,80,86,194,191,Delhi Capitals,DC,47 runs,Anrich Nortje
307,2022,league,Chennai Super Kings,Sunrisers Hyderabad,CSK,SRH,"M.A. Chidambaram Stadium, Chennai",Chennai,spin,Sunrisers Hyderabad,bat,1,0,90,78,169,158,Chennai Super Kings,CSK,2 runs,Deepak Chahar
308,2025,league,Lucknow Super Giants,Kolkata Knight Riders,LSG,KKR,"Eden Gardens, Kolkata",Kolkata,balanced,Kolkata Knight Riders,bat,0,1,81,85,219,238,Kolkata Knight Riders,KKR,7 wickets,Varun Chakravarthy
309,2024,league,Kolkata Knight Riders,Gujarat Titans,KKR,GT,"M. Chinnaswamy Stadium, Bangalore",Bangalore,batting,Gujarat Titans,field,0,0,85,86,162,167,Gujarat Titans,GT,11 runs,Rahul Tewatia
310,2025,league,Punjab Kings,Mumbai Indians,PBKS,MI,"Wankhede Stadium, Mumbai",Mumbai,batting,Punjab Kings,bat,0,1,75,88,212,239,Mumbai Indians,MI,6 wickets,Ishan Kishan
311,2019,league,Lucknow Super Giants,Royal Challengers Bangalore,LSG,RCB,"M.A. Chidambaram Stadium, Chennai",Chennai,spin,Lucknow Super Giants,bat,0,0,81,82,159,168,Royal Challengers Bangalore,RCB,5 wickets,Dinesh Karthik
312,2024,league,Chennai Super Kings,Punjab Kings,CSK,PBKS,"IS Bindra Stadium, Mohali",Mohali,pace,Punjab Kings,bat,0,1,90,75,151,162,Punjab Kings,PBKS,7 wickets,Arshdeep Singh
313,2021,playoff,Punjab Kings,Royal Challengers Bangalore,PBKS,RCB,"M. Chinnaswamy Stadium, Bangalore",Bangalore,batting,Punjab Kings,field,0,1,75,82,183,206,Royal Challengers Bangalore,RCB,5 wickets,Rajat Patidar
314,2023,playoff,Gujarat Titans,Punjab Kings,GT,PBKS,"IS Bindra Stadium, Mohali",Mohali,pace,Gujarat Titans,field,0,1,86,75,192,187,Gujarat Titans,GT,1 wickets,Mohammed Shami
315,2024,league,Rajasthan Royals,Punjab Kings,RR,PBKS,"M. Chinnaswamy Stadium, Bangalore",Bangalore,batting,Punjab Kings,field,0,0,83,75,200,159,Rajasthan Royals,RR,3 wickets,Jos Buttler
316,2019,league,Kolkata Knight Riders,Chennai Super Kings,KKR,CSK,"Eden Gardens, Kolkata",Kolkata,balanced,Kolkata Knight Riders,field,1,0,85,90,115,133,Chennai Super Kings,CSK,44 runs,Devon Conway
317,2020,league,Kolkata Knight Riders,Rajasthan Royals,KKR,RR,"Eden Gardens, Kolkata",Kolkata,balanced,Kolkata Knight Riders,bat,1,0,85,83,191,205,Rajasthan Royals,RR,2 wickets,Yuzvendra Chahal
318,2026,league,Lucknow Super Giants,Kolkata Knight Riders,LSG,KKR,"Eden Gardens, Kolkata",Kolkata,balanced,Lucknow Super Giants,field,0,1,81,85,145,152,Kolkata Knight Riders,KKR,5 wickets,Sunil Narine
319,2021,league,Lucknow Super Giants,Chennai Super Kings,LSG,CSK,"IS Bindra Stadium, Mohali",Mohali,pace,Lucknow Super Giants,field,0,0,81,90,162,181,Chennai Super Kings,CSK,31 runs,MS Dhoni
320,2019,league,Royal Challengers Bangalore,Chennai Super Kings,RCB,CSK,"BRSABV Ekana Stadium, Lucknow",Lucknow,balanced,Chennai Super Kings,field,0,0,82,90,162,164,Chennai Super Kings,CSK,3 wickets,MS Dhoni
321,2026,league,Sunrisers Hyderabad,Royal Challengers Bangalore,SRH,RCB,"Rajiv Gandhi Stadium, Hyderabad",Hyderabad,balanced,Royal Challengers Bangalore,field,1,0,78,82,175,191,Royal Challengers Bangalore,RCB,5 wickets,Dinesh Karthik
322,2026,playoff,Lucknow Super Giants,Royal Challengers Bangalore,LSG,RCB,"Wankhede Stadium, Mumbai",Mumbai,batting,Lucknow Super Giants,bat,0,0,81,82,242,205,Lucknow Super Giants,LSG,32 runs,Ayush Badoni
323,2022,league,Punjab Kings,Royal Challengers Bangalore,PBKS,RCB,"M. Chinnaswamy Stadium, Bangalore",Bangalore,batting,Punjab Kings,field,0,1,75,82,146,162,Royal Challengers Bangalore,RCB,30 runs,Faf du Plessis
324,2026,league,Mumbai Indians,Gujarat Titans,MI,GT,"Narendra Modi Stadium, Ahmedabad",Ahmedabad,balanced,Mumbai Indians,field,0,1,88,86,148,158,Gujarat Titans,GT,9 runs,Rahul Tewatia
325,2026,league,Chennai Super Kings,Rajasthan Royals,CSK,RR,"M.A. Chidambaram Stadium, Chennai",Chennai,spin,Chennai Super Kings,field,1,0,90,83,197,207,Rajasthan Royals,RR,40 runs,Shimron Hetmyer
326,2020,league,Royal Challengers Bangalore,Mumbai Indians,RCB,MI,"BRSABV Ekana Stadium, Lucknow",Lucknow,balanced,Royal Challengers Bangalore,field,0,0,82,88,182,183,Mumbai Indians,MI,34 runs,Piyush Chawla
327,2025,league,Royal Challengers Bangalore,Mumbai Indians,RCB,MI,"IS Bindra Stadium, Mohali",Mohali,pace,Royal Challengers Bangalore,field,0,0,82,88,184,179,Royal Challengers Bangalore,RCB,4 wickets,Rajat Patidar
328,2018,league,Delhi Capitals,Kolkata Knight Riders,DC,KKR,"Arun Jaitley Stadium, Delhi",Delhi,balanced,Delhi Capitals,bat,1,0,80,85,184,141,Delhi Capitals,DC,6 wickets,Jake Fraser-McGurk
329,2020,league,Gujarat Titans,Chennai Super Kings,GT,CSK,"M.A. Chidambaram Stadium, Chennai",Chennai,spin,Chennai Super Kings,field,0,1,86,90,176,148,Gujarat Titans,GT,7 wickets,Rashid Khan
330,2018,league,Sunrisers Hyderabad,Mumbai Indians,SRH,MI,"Sawai Mansingh Stadium, Jaipur",Jaipur,batting,Mumbai Indians,field,0,0,78,88,250,256,Mumbai Indians,MI,5 runs,Tilak Varma
331,2022,league,Rajasthan Royals,Kolkata Knight Riders,RR,KKR,"Eden Gardens, Kolkata",Kolkata,balanced,Kolkata Knight Riders,field,0,1,83,85,176,202,Kolkata Knight Riders,KKR,49 runs,Sunil Narine
332,2020,league,Sunrisers Hyderabad,Chennai Super Kings,SRH,CSK,"Rajiv Gandhi Stadium, Hyderabad",Hyderabad,balanced,Chennai Super Kings,field,1,0,78,90,174,192,Chennai Super Kings,CSK,3 wickets,Shivam Dube
333,2022,playoff,Kolkata Knight Riders,Sunrisers Hyderabad,KKR,SRH,"Rajiv Gandhi Stadium, Hyderabad",Hyderabad,balanced,Sunrisers Hyderabad,field,0,1,85,78,179,155,Kolkata Knight Riders,KKR,10 runs,Venkatesh Iyer
334,2021,league,Mumbai Indians,Delhi Capitals,MI,DC,"Arun Jaitley Stadium, Delhi",Delhi,balanced,Mumbai Indians,field,0,1,88,80,182,197,Delhi Capitals,DC,7 wickets,Axar Patel
335,2022,league,Royal Challengers Bangalore,Gujarat Titans,RCB,GT,"M. Chinnaswamy Stadium, Bangalore",Bangalore,batting,Royal Challengers Bangalore,bat,1,0,82,86,193,155,Royal Challengers Bangalore,RCB,12 runs,Dinesh Karthik
336,2022,playoff,Gujarat Titans,Sunrisers Hyderabad,GT,SRH,"Narendra Modi Stadium, Ahmedabad",Ahmedabad,balanced,Gujarat Titans,bat,1,0,86,78,165,126,Gujarat Titans,GT,1 wickets,Mohammed Shami
337,2020,league,Sunrisers Hyderabad,Delhi Capitals,SRH,DC,"Rajiv Gandhi Stadium, Hyderabad",Hyderabad,balanced,Sunrisers Hyderabad,field,1,0,78,80,184,142,Sunrisers Hyderabad,SRH,3 wickets,Bhuvneshwar Kumar
338,2021,playoff,Royal Challengers Bangalore,Kolkata Knight Riders,RCB,KKR,"Eden Gardens, Kolkata",Kolkata,balanced,Royal Challengers Bangalore,bat,0,1,82,85,173,188,Kolkata Knight Riders,KKR,12 runs,Varun Chakravarthy
339,2025,final,Royal Challengers Bangalore,Mumbai Indians,RCB,MI,"Wankhede Stadium, Mumbai",Mumbai,batting,Royal Challengers Bangalore,field,0,1,82,88,169,197,Mumbai Indians,MI,7 wickets,Ishan Kishan
340,2025,league,Royal Challengers Bangalore,Gujarat Titans,RCB,GT,"M. Chinnaswamy Stadium, Bangalore",Bangalore,batting,Royal Challengers Bangalore,field,1,0,82,86,161,128,Royal Challengers Bangalore,RCB,4 wickets,Faf du Plessis
341,2025,final,Kolkata Knight Riders,Delhi Capitals,KKR,DC,"Eden Gardens, Kolkata",Kolkata,balanced,Kolkata Knight Riders,field,1,0,85,80,165,146,Kolkata Knight Riders,KKR,34 runs,Shreyas Iyer
342,2020,league,Sunrisers Hyderabad,Royal Challengers Bangalore,SRH,RCB,"M. Chinnaswamy Stadium, Bangalore",Bangalore,batting,Royal Challengers Bangalore,bat,0,1,78,82,202,171,Sunrisers Hyderabad,SRH,30 runs,T Natarajan
343,2019,league,Delhi Capitals,Royal Challengers Bangalore,DC,RCB,"Arun Jaitley Stadium, Delhi",Delhi,balanced,Delhi Capitals,field,1,0,80,82,161,163,Royal Challengers Bangalore,RCB,5 runs,Faf du Plessis
344,2024,league,Royal Challengers Bangalore,Punjab Kings,RCB,PBKS,"IS Bindra Stadium, Mohali",Mohali,pace,Punjab Kings,bat,0,1,82,75,186,205,Punjab Kings,PBKS,4 wickets,Sam Curran
345,2019,league,Mumbai Indians,Delhi Capitals,MI,DC,"Eden Gardens, Kolkata",Kolkata,balanced,Delhi Capitals,bat,0,0,88,80,197,204,Delhi Capitals,DC,7 runs,Tristan Stubbs
346,2019,playoff,Royal Challengers Bangalore,Chennai Super Kings,RCB,CSK,"BRSABV Ekana Stadium, Lucknow",Lucknow,balanced,Royal Challengers Bangalore,bat,0,0,82,90,132,111,Royal Challengers Bangalore,RCB,2 runs,Virat Kohli
347,2022,league,Lucknow Super Giants,Mumbai Indians,LSG,MI,"Rajiv Gandhi Stadium, Hyderabad",Hyderabad,balanced,Mumbai Indians,field,0,0,81,88,205,230,Mumbai Indians,MI,2 wickets,Suryakumar Yadav
348,2024,league,Kolkata Knight Riders,Sunrisers Hyderabad,KKR,SRH,"Rajiv Gandhi Stadium, Hyderabad",Hyderabad,balanced,Kolkata Knight Riders,bat,0,1,85,78,159,152,Kolkata Knight Riders,KKR,7 wickets,Rinku Singh
349,2020,league,Chennai Super Kings,Rajasthan Royals,CSK,RR,"M.A. Chidambaram Stadium, Chennai",Chennai,spin,Chennai Super Kings,field,1,0,90,83,125,95,Chennai Super Kings,CSK,3 wickets,Devon Conway
350,2018,league,Mumbai Indians,Royal Challengers Bangalore,MI,RCB,"M. Chinnaswamy Stadium, Bangalore",Bangalore,batting,Mumbai Indians,field,0,1,88,82,179,199,Royal Challengers Bangalore,RCB,13 runs,Virat Kohli
351,2021,league,Sunrisers Hyderabad,Rajasthan Royals,SRH,RR,"Rajiv Gandhi Stadium, Hyderabad",Hyderabad,balanced,Sunrisers Hyderabad,field,1,0,78,83,141,112,Sunrisers Hyderabad,SRH,5 wickets,Bhuvneshwar Kumar
352,2020,league,Sunrisers Hyderabad,Royal Challengers Bangalore,SRH,RCB,"Arun Jaitley Stadium, Delhi",Delhi,balanced,Royal Challengers Bangalore,field,0,0,78,82,218,231,Royal Challengers Bangalore,RCB,30 runs,Mohammed Siraj
353,2025,league,Gujarat Titans,Sunrisers Hyderabad,GT,SRH,"Narendra Modi Stadium, Ahmedabad",Ahmedabad,balanced,Gujarat Titans,field,1,0,86,78,166,178,Sunrisers Hyderabad,SRH,44 runs,Abhishek Sharma
354,2026,league,Chennai Super Kings,Kolkata Knight Riders,CSK,KKR,"Eden Gardens, Kolkata",Kolkata,balanced,Kolkata Knight Riders,field,0,1,90,85,130,110,Chennai Super Kings,CSK,1 wickets,Shivam Dube
355,2018,league,Chennai Super Kings,Sunrisers Hyderabad,CSK,SRH,"Rajiv Gandhi Stadium, Hyderabad",Hyderabad,balanced,Sunrisers Hyderabad,field,0,1,90,78,174,189,Sunrisers Hyderabad,SRH,2 wickets,Nitish Kumar Reddy
356,2019,league,Delhi Capitals,Chennai Super Kings,DC,CSK,"Arun Jaitley Stadium, Delhi",Delhi,balanced,Delhi Capitals,field,1,0,80,90,178,174,Delhi Capitals,DC,19 runs,Rishabh Pant
357,2023,league,Chennai Super Kings,Kolkata Knight Riders,CSK,KKR,"BRSABV Ekana Stadium, Lucknow",Lucknow,balanced,Kolkata Knight Riders,bat,0,0,90,85,172,143,Chennai Super Kings,CSK,49 runs,Ravindra Jadeja
358,2019,league,Royal Challengers Bangalore,Mumbai Indians,RCB,MI,"M. Chinnaswamy Stadium, Bangalore",Bangalore,batting,Mumbai Indians,field,1,0,82,88,213,223,Mumbai Indians,MI,3 wickets,Rohit Sharma
359,2020,league,Rajasthan Royals,Gujarat Titans,RR,GT,"Narendra Modi Stadium, Ahmedabad",Ahmedabad,balanced,Rajasthan Royals,bat,0,1,83,86,147,128,Rajasthan Royals,RR,6 wickets,Trent Boult
360,2026,league,Rajasthan Royals,Royal Challengers Bangalore,RR,RCB,"M. Chinnaswamy Stadium, Bangalore",Bangalore,batting,Rajasthan Royals,bat,0,1,83,82,142,169,Royal Challengers Bangalore,RCB,1 wickets,Virat Kohli
361,2021,league,Mumbai Indians,Punjab Kings,MI,PBKS,"Wankhede Stadium, Mumbai",Mumbai,batting,Punjab Kings,bat,1,0,88,75,168,195,Punjab Kings,PBKS,4 wickets,Jonny Bairstow
362,2019,league,Sunrisers Hyderabad,Royal Challengers Bangalore,SRH,RCB,"Eden Gardens, Kolkata",Kolkata,balanced,Sunrisers Hyderabad,field,0,0,78,82,174,142,Sunrisers Hyderabad,SRH,43 runs,Abhishek Sharma
363,2021,league,Kolkata Knight Riders,Royal Challengers Bangalore,KKR,RCB,"Wankhede Stadium, Mumbai",Mumbai,batting,Kolkata Knight Riders,field,0,0,85,82,171,164,Kolkata Knight Riders,KKR,28 runs,Varun Chakravarthy
364,2019,league,Chennai Super Kings,Rajasthan Royals,CSK,RR,"Sawai Mansingh Stadium, Jaipur",Jaipur,batting,Rajasthan Royals,bat,0,1,90,83,146,156,Rajasthan Royals,RR,5 runs,Shimron Hetmyer
365,2025,league,Kolkata Knight Riders,Delhi Capitals,KKR,DC,"Eden Gardens, Kolkata",Kolkata,balanced,Delhi Capitals,bat,1,0,85,80,163,154,Kolkata Knight Riders,KKR,2 wickets,Venkatesh Iyer
366,2020,league,Mumbai Indians,Punjab Kings,MI,PBKS,"Arun Jaitley Stadium, Delhi",Delhi,balanced,Mumbai Indians,field,0,0,88,75,161,137,Mumbai Indians,MI,13 runs,Tilak Varma
367,2020,final,Mumbai Indians,Sunrisers Hyderabad,MI,SRH,"BRSABV Ekana Stadium, Lucknow",Lucknow,balanced,Mumbai Indians,bat,0,0,88,78,113,96,Mumbai Indians,MI,7 wickets,Tilak Varma
368,2022,league,Delhi Capitals,Royal Challengers Bangalore,DC,RCB,"Arun Jaitley Stadium, Delhi",Delhi,balanced,Delhi Capitals,bat,1,0,80,82,202,220,Royal Challengers Bangalore,RCB,4 wickets,Glenn Maxwell
369,2018,league,Chennai Super Kings,Mumbai Indians,CSK,MI,"M.A. Chidambaram Stadium, Chennai",Chennai,spin,Chennai Super Kings,field,1,0,90,88,133,107,Chennai Super Kings,CSK,1 wickets,Ravindra Jadeja
370,2025,league,Rajasthan Royals,Kolkata Knight Riders,RR,KKR,"Sawai Mansingh Stadium, Jaipur",Jaipur,batting,Kolkata Knight Riders,bat,1,0,83,85,191,206,Kolkata Knight Riders,KKR,32 runs,Sunil Narine
371,2018,league,Rajasthan Royals,Chennai Super Kings,RR,CSK,"Sawai Mansingh Stadium, Jaipur",Jaipur,batting,Chennai Super Kings,field,1,0,83,90,197,198,Chennai Super Kings,CSK,5 wickets,MS Dhoni
372,2024,league,Punjab Kings,Mumbai Indians,PBKS,MI,"Wankhede Stadium, Mumbai",Mumbai,batting,Punjab Kings,bat,0,1,75,88,160,121,Punjab Kings,PBKS,20 runs,Jitesh Sharma
373,2023,league,Rajasthan Royals,Gujarat Titans,RR,GT,"Sawai Mansingh Stadium, Jaipur",Jaipur,batting,Rajasthan Royals,field,1,0,83,86,149,168,Gujarat Titans,GT,26 runs,Hardik Pandya
374,2022,league,Delhi Capitals,Gujarat Titans,DC,GT,"Arun Jaitley Stadium, Delhi",Delhi,balanced,Delhi Capitals,bat,1,0,80,86,132,115,Delhi Capitals,DC,41 runs,Axar Patel
375,2026,league,Royal Challengers Bangalore,Chennai Super Kings,RCB,CSK,"M.A. Chidambaram Stadium, Chennai",Chennai,spin,Royal Challengers Bangalore,bat,0,1,82,90,197,223,Chennai Super Kings,CSK,7 runs,Shivam Dube
376,2019,league,Gujarat Titans,Mumbai Indians,GT,MI,"Narendra Modi Stadium, Ahmedabad",Ahmedabad,balanced,Mumbai Indians,field,1,0,86,88,194,221,Mumbai Indians,MI,6 wickets,Ishan Kishan
377,2023,playoff,Royal Challengers Bangalore,Chennai Super Kings,RCB,CSK,"M.A. Chidambaram Stadium, Chennai",Chennai,spin,Royal Challengers Bangalore,bat,0,1,82,90,129,139,Chennai Super Kings,CSK,23 runs,MS Dhoni
378,2026,league,Lucknow Super Giants,Sunrisers Hyderabad,LSG,SRH,"Wankhede Stadium, Mumbai",Mumbai,batting,Sunrisers Hyderabad,field,0,0,81,78,198,226,Sunrisers Hyderabad,SRH,4 wickets,Bhuvneshwar Kumar
379,2018,league,Chennai Super Kings,Mumbai Indians,CSK,MI,"Narendra Modi Stadium, Ahmedabad",Ahmedabad,balanced,Mumbai Indians,field,0,0,90,88,193,181,Chennai Super Kings,CSK,33 runs,Ravindra Jadeja
380,2024,league,Rajasthan Royals,Gujarat Titans,RR,GT,"Sawai Mansingh Stadium, Jaipur",Jaipur,batting,Gujarat Titans,field,1,0,83,86,186,187,Gujarat Titans,GT,14 runs,Rashid Khan
381,2018,league,Chennai Super Kings,Sunrisers Hyderabad,CSK,SRH,"M.A. Chidambaram Stadium, Chennai",Chennai,spin,Sunrisers Hyderabad,field,1,0,90,78,183,205,Sunrisers Hyderabad,SRH,17 runs,Nitish Kumar Reddy
382,2021,league,Lucknow Super Giants,Royal Challengers Bangalore,LSG,RCB,"M. Chinnaswamy Stadium, Bangalore",Bangalore,batting,Lucknow Super Giants,field,0,1,81,82,197,180,Lucknow Super Giants,LSG,46 runs,Ayush Badoni
383,2021,league,Lucknow Super Giants,Delhi Capitals,LSG,DC,"Arun Jaitley Stadium, Delhi",Delhi,balanced,Delhi Capitals,bat,0,1,81,80,206,221,Delhi Capitals,DC,2 wickets,Kuldeep Yadav
384,2021,league,Chennai Super Kings,Sunrisers Hyderabad,CSK,SRH,"Rajiv Gandhi Stadium, Hyderabad",Hyderabad,balanced,Chennai Super Kings,field,0,1,90,78,190,150,Chennai Super Kings,CSK,2 wickets,MS Dhoni
385,2018,league,Rajasthan Royals,Delhi Capitals,RR,DC,"Sawai Mansingh Stadium, Jaipur",Jaipur,batting,Rajasthan Royals,bat,1,0,83,80,184,197,Delhi Capitals,DC,3 wickets,David Warner
386,2024,league,Chennai Super Kings,Royal Challengers Bangalore,CSK,RCB,"M. Chinnaswamy Stadium, Bangalore",Bangalore,batting,Royal Challengers Bangalore,bat,0,1,90,82,181,182,Royal Challengers Bangalore,RCB,22 runs,Mohammed Siraj
387,2022,league,Mumbai Indians,Sunrisers Hyderabad,MI,SRH,"Rajiv Gandhi Stadium, Hyderabad",Hyderabad,balanced,Sunrisers Hyderabad,field,0,1,88,78,180,188,Sunrisers Hyderabad,SRH,36 runs,Aiden Markram
388,2018,league,Sunrisers Hyderabad,Mumbai Indians,SRH,MI,"Arun Jaitley Stadium, Delhi",Delhi,balanced,Mumbai Indians,bat,0,0,78,88,200,227,Mumbai Indians,MI,4 wickets,Rohit Sharma
389,2024,league,Chennai Super Kings,Rajasthan Royals,CSK,RR,"Arun Jaitley Stadium, Delhi",Delhi,balanced,Rajasthan Royals,bat,0,0,90,83,151,116,Chennai Super Kings,CSK,4 wickets,Ravindra Jadeja
390,2021,league,Sunrisers Hyderabad,Chennai Super Kings,SRH,CSK,"Rajiv Gandhi Stadium, Hyderabad",Hyderabad,balanced,Chennai Super Kings,field,1,0,78,90,159,181,Chennai Super Kings,CSK,4 wickets,Ruturaj Gaikwad
391,2018,league,Sunrisers Hyderabad,Rajasthan Royals,SRH,RR,"Rajiv Gandhi Stadium, Hyderabad",Hyderabad,balanced,Rajasthan Royals,field,1,0,78,83,191,220,Rajasthan Royals,RR,22 runs,Shimron Hetmyer
392,2021,league,Chennai Super Kings,Punjab Kings,CSK,PBKS,"Arun Jaitley Stadium, Delhi",Delhi,balanced,Chennai Super Kings,field,0,0,90,75,132,154,Punjab Kings,PBKS,5 wickets,Jonny Bairstow
393,2023,league,Kolkata Knight Riders,Lucknow Super Giants,KKR,LSG,"Eden Gardens, Kolkata",Kolkata,balanced,Kolkata Knight Riders,field,1,0,85,81,183,199,Lucknow Super Giants,LSG,5 wickets,Ayush Badoni
394,2020,league,Chennai Super Kings,Royal Challengers Bangalore,CSK,RCB,"Rajiv Gandhi Stadium, Hyderabad",Hyderabad,balanced,Royal Challengers Bangalore,field,0,0,90,82,145,134,Chennai Super Kings,CSK,34 runs,Shivam Dube
395,2026,league,Chennai Super Kings,Mumbai Indians,CSK,MI,"M. Chinnaswamy Stadium, Bangalore",Bangalore,batting,Mumbai Indians,field,0,0,90,88,203,170,Chennai Super Kings,CSK,34 runs,Deepak Chahar
396,2024,league,Delhi Capitals,Lucknow Super Giants,DC,LSG,"BRSABV Ekana Stadium, Lucknow",Lucknow,balanced,Delhi Capitals,field,0,1,80,81,182,199,Lucknow Super Giants,LSG,7 wickets,Marcus Stoinis
397,2021,league,Delhi Capitals,Kolkata Knight Riders,DC,KKR,"Rajiv Gandhi Stadium, Hyderabad",Hyderabad,balanced,Kolkata Knight Riders,bat,0,0,80,85,201,223,Kolkata Knight Riders,KKR,2 wickets,Shreyas Iyer
398,2022,playoff,Mumbai Indians,Chennai Super Kings,MI,CSK,"M.A. Chidambaram Stadium, Chennai",Chennai,spin,Chennai Super Kings,field,0,1,88,90,147,156,Chennai Super Kings,CSK,42 runs,Ruturaj Gaikwad
399,2019,league,Sunrisers Hyderabad,Kolkata Knight Riders,SRH,KKR,"Rajiv Gandhi Stadium, Hyderabad",Hyderabad,balanced,Sunrisers Hyderabad,field,1,0,78,85,162,122,Sunrisers Hyderabad,SRH,3 wickets,Aiden Markram
400,2026,league,Chennai Super Kings,Royal Challengers Bangalore,CSK,RCB,"M.A. Chidambaram Stadium, Chennai",Chennai,spin,Chennai Super Kings,bat,1,0,90,82,161,175,Royal Challengers Bangalore,RCB,27 runs,Rajat Patidar
401,2022,league,Mumbai Indians,Sunrisers Hyderabad,MI,SRH,"Rajiv Gandhi Stadium, Hyderabad",Hyderabad,balanced,Sunrisers Hyderabad,bat,0,1,88,78,159,184,Sunrisers Hyderabad,SRH,7 wickets,Abhishek Sharma
402,2020,league,Kolkata Knight Riders,Punjab Kings,KKR,PBKS,"M.A. Chidambaram Stadium, Chennai",Chennai,spin,Kolkata Knight Riders,bat,0,0,85,75,179,184,Punjab Kings,PBKS,13 runs,Liam Livingstone
403,2022,league,Delhi Capitals,Sunrisers Hyderabad,DC,SRH,"M. Chinnaswamy Stadium, Bangalore",Bangalore,batting,Sunrisers Hyderabad,field,0,0,80,78,189,197,Sunrisers Hyderabad,SRH,15 runs,Aiden Markram
404,2024,league,Lucknow Super Giants,Royal Challengers Bangalore,LSG,RCB,"M. Chinnaswamy Stadium, Bangalore",Bangalore,batting,Lucknow Super Giants,field,0,1,81,82,173,192,Royal Challengers Bangalore,RCB,6 wickets,Faf du Plessis
405,2020,league,Kolkata Knight Riders,Royal Challengers Bangalore,KKR,RCB,"Eden Gardens, Kolkata",Kolkata,balanced,Royal Challengers Bangalore,bat,1,0,85,82,167,152,Kolkata Knight Riders,KKR,25 runs,Venkatesh Iyer
406,2026,league,Punjab Kings,Sunrisers Hyderabad,PBKS,SRH,"Wankhede Stadium, Mumbai",Mumbai,batting,Sunrisers Hyderabad,field,0,0,75,78,169,170,Sunrisers Hyderabad,SRH,48 runs,Abhishek Sharma
407,2025,league,Sunrisers Hyderabad,Gujarat Titans,SRH,GT,"Narendra Modi Stadium, Ahmedabad",Ahmedabad,balanced,Gujarat Titans,field,0,1,78,86,234,247,Gujarat Titans,GT,42 runs,Mohammed Shami
408,2026,league,Chennai Super Kings,Kolkata Knight Riders,CSK,KKR,"Eden Gardens, Kolkata",Kolkata,balanced,Kolkata Knight Riders,bat,0,1,90,85,117,139,Kolkata Knight Riders,KKR,25 runs,Venkatesh Iyer
409,2026,final,Lucknow Super Giants,Mumbai Indians,LSG,MI,"BRSABV Ekana Stadium, Lucknow",Lucknow,balanced,Lucknow Super Giants,bat,1,0,81,88,204,192,Lucknow Super Giants,LSG,46 runs,KL Rahul
410,2024,league,Royal Challengers Bangalore,Gujarat Titans,RCB,GT,"Narendra Modi Stadium, Ahmedabad",Ahmedabad,balanced,Gujarat Titans,bat,0,1,82,86,150,176,Gujarat Titans,GT,42 runs,Rahul Tewatia
411,2025,league,Kolkata Knight Riders,Delhi Capitals,KKR,DC,"Sawai Mansingh Stadium, Jaipur",Jaipur,batting,Kolkata Knight Riders,bat,0,0,85,80,181,169,Kolkata Knight Riders,KKR,5 wickets,Andre Russell
412,2018,league,Lucknow Super Giants,Chennai Super Kings,LSG,CSK,"M.A. Chidambaram Stadium, Chennai",Chennai,spin,Lucknow Super Giants,bat,0,1,81,90,198,169,Lucknow Super Giants,LSG,13 runs,Mark Wood
413,2025,league,Delhi Capitals,Lucknow Super Giants,DC,LSG,"BRSABV Ekana Stadium, Lucknow",Lucknow,balanced,Delhi Capitals,field,0,1,80,81,178,158,Delhi Capitals,DC,6 wickets,Kuldeep Yadav
414,2021,playoff,Punjab Kings,Kolkata Knight Riders,PBKS,KKR,"Eden Gardens, Kolkata",Kolkata,balanced,Kolkata Knight Riders,field,0,1,75,85,215,216,Kolkata Knight Riders,KKR,2 wickets,Venkatesh Iyer
415,2021,league,Chennai Super Kings,Mumbai Indians,CSK,MI,"M.A. Chidambaram Stadium, Chennai",Chennai,spin,Mumbai Indians,bat,1,0,90,88,176,135,Chennai Super Kings,CSK,6 wickets,Deepak Chahar
416,2023,league,Kolkata Knight Riders,Gujarat Titans,KKR,GT,"Narendra Modi Stadium, Ahmedabad",Ahmedabad,balanced,Kolkata Knight Riders,field,0,1,85,86,159,120,Kolkata Knight Riders,KKR,4 wickets,Shreyas Iyer
417,2020,league,Mumbai Indians,Kolkata Knight Riders,MI,KKR,"Wankhede Stadium, Mumbai",Mumbai,batting,Mumbai Indians,bat,1,0,88,85,217,227,Kolkata Knight Riders,KKR,6 runs,Rinku Singh
418,2021,league,Chennai Super Kings,Kolkata Knight Riders,CSK,KKR,"Wankhede Stadium, Mumbai",Mumbai,batting,Kolkata Knight Riders,bat,0,0,90,85,163,159,Chennai Super Kings,CSK,5 wickets,MS Dhoni
419,2018,league,Lucknow Super Giants,Delhi Capitals,LSG,DC,"Wankhede Stadium, Mumbai",Mumbai,batting,Delhi Capitals,field,0,0,81,80,179,197,Delhi Capitals,DC,15 runs,Rishabh Pant
420,2025,league,Mumbai Indians,Lucknow Super Giants,MI,LSG,"BRSABV Ekana Stadium, Lucknow",Lucknow,balanced,Lucknow Super Giants,bat,0,1,88,81,152,144,Mumbai Indians,MI,3 wickets,Piyush Chawla
421,2025,league,Mumbai Indians,Lucknow Super Giants,MI,LSG,"BRSABV Ekana Stadium, Lucknow",Lucknow,balanced,Mumbai Indians,field,0,1,88,81,185,188,Lucknow Super Giants,LSG,4 wickets,Quinton de Kock
422,2018,league,Chennai Super Kings,Royal Challengers Bangalore,CSK,RCB,"M. Chinnaswamy Stadium, Bangalore",Bangalore,batting,Royal Challengers Bangalore,field,0,1,90,82,148,129,Chennai Super Kings,CSK,5 wickets,MS Dhoni
423,2026,league,Punjab Kings,Rajasthan Royals,PBKS,RR,"IS Bindra Stadium, Mohali",Mohali,pace,Rajasthan Royals,bat,1,0,75,83,195,155,Punjab Kings,PBKS,42 runs,Shikhar Dhawan
424,2026,league,Punjab Kings,Kolkata Knight Riders,PBKS,KKR,"IS Bindra Stadium, Mohali",Mohali,pace,Punjab Kings,bat,1,0,75,85,133,101,Punjab Kings,PBKS,3 wickets,Jitesh Sharma
425,2025,league,Lucknow Super Giants,Mumbai Indians,LSG,MI,"BRSABV Ekana Stadium, Lucknow",Lucknow,balanced,Lucknow Super Giants,bat,1,0,81,88,183,162,Lucknow Super Giants,LSG,14 runs,Marcus Stoinis
426,2020,league,Kolkata Knight Riders,Chennai Super Kings,KKR,CSK,"M.A. Chidambaram Stadium, Chennai",Chennai,spin,Kolkata Knight Riders,field,0,1,85,90,169,178,Chennai Super Kings,CSK,38 runs,Ravindra Jadeja
427,2019,final,Lucknow Super Giants,Chennai Super Kings,LSG,CSK,"M.A. Chidambaram Stadium, Chennai",Chennai,spin,Chennai Super Kings,field,0,1,81,90,179,193,Chennai Super Kings,CSK,2 wickets,Deepak Chahar
428,2022,league,Sunrisers Hyderabad,Chennai Super Kings,SRH,CSK,"Rajiv Gandhi Stadium, Hyderabad",Hyderabad,balanced,Sunrisers Hyderabad,bat,1,0,78,90,168,150,Sunrisers Hyderabad,SRH,44 runs,Nitish Kumar Reddy
429,2019,league,Mumbai Indians,Punjab Kings,MI,PBKS,"M.A. Chidambaram Stadium, Chennai",Chennai,spin,Punjab Kings,field,0,0,88,75,190,156,Mumbai Indians,MI,5 wickets,Piyush Chawla
430,2025,playoff,Royal Challengers Bangalore,Rajasthan Royals,RCB,RR,"Sawai Mansingh Stadium, Jaipur",Jaipur,batting,Royal Challengers Bangalore,field,0,1,82,83,194,183,Royal Challengers Bangalore,RCB,3 wickets,Wanindu Hasaranga
431,2022,playoff,Delhi Capitals,Chennai Super Kings,DC,CSK,"Arun Jaitley Stadium, Delhi",Delhi,balanced,Chennai Super Kings,field,1,0,80,90,167,136,Delhi Capitals,DC,5 wickets,Rishabh Pant
432,2023,league,Kolkata Knight Riders,Royal Challengers Bangalore,KKR,RCB,"Eden Gardens, Kolkata",Kolkata,balanced,Royal Challengers Bangalore,field,1,0,85,82,161,128,Kolkata Knight Riders,KKR,3 runs,Shreyas Iyer
433,2021,league,Punjab Kings,Lucknow Super Giants,PBKS,LSG,"IS Bindra Stadium, Mohali",Mohali,pace,Lucknow Super Giants,bat,1,0,75,81,215,209,Punjab Kings,PBKS,6 wickets,Kagiso Rabada
434,2021,league,Lucknow Super Giants,Mumbai Indians,LSG,MI,"Eden Gardens, Kolkata",Kolkata,balanced,Lucknow Super Giants,field,0,0,81,88,168,176,Mumbai Indians,MI,7 wickets,Tilak Varma
435,2020,league,Mumbai Indians,Royal Challengers Bangalore,MI,RCB,"Sawai Mansingh Stadium, Jaipur",Jaipur,batting,Royal Challengers Bangalore,field,0,0,88,82,185,198,Royal Challengers Bangalore,RCB,47 runs,Glenn Maxwell
436,2019,league,Kolkata Knight Riders,Rajasthan Royals,KKR,RR,"Sawai Mansingh Stadium, Jaipur",Jaipur,batting,Rajasthan Royals,field,0,1,85,83,211,171,Kolkata Knight Riders,KKR,36 runs,Rinku Singh
437,2025,league,Chennai Super Kings,Rajasthan Royals,CSK,RR,"Sawai Mansingh Stadium, Jaipur",Jaipur,batting,Rajasthan Royals,field,0,1,90,83,218,194,Chennai Super Kings,CSK,5 wickets,Shivam Dube
438,2018,league,Delhi Capitals,Punjab Kings,DC,PBKS,"Arun Jaitley Stadium, Delhi",Delhi,balanced,Delhi Capitals,field,1,0,80,75,122,136,Punjab Kings,PBKS,6 wickets,Jitesh Sharma
439,2024,league,Mumbai Indians,Punjab Kings,MI,PBKS,"IS Bindra Stadium, Mohali",Mohali,pace,Mumbai Indians,bat,0,1,88,75,185,198,Punjab Kings,PBKS,2 wickets,Shikhar Dhawan
440,2025,league,Rajasthan Royals,Lucknow Super Giants,RR,LSG,"Sawai Mansingh Stadium, Jaipur",Jaipur,batting,Lucknow Super Giants,field,1,0,83,81,147,160,Lucknow Super Giants,LSG,6 wickets,Mark Wood
441,2022,league,Delhi Capitals,Mumbai Indians,DC,MI,"M.A. Chidambaram Stadium, Chennai",Chennai,spin,Mumbai Indians,field,0,0,80,88,138,147,Mumbai Indians,MI,9 runs,Piyush Chawla
442,2021,league,Gujarat Titans,Delhi Capitals,GT,DC,"Arun Jaitley Stadium, Delhi",Delhi,balanced,Delhi Capitals,field,0,1,86,80,185,187,Delhi Capitals,DC,5 wickets,Anrich Nortje
443,2020,league,Chennai Super Kings,Mumbai Indians,CSK,MI,"M.A. Chidambaram Stadium, Chennai",Chennai,spin,Chennai Super Kings,bat,1,0,90,88,170,140,Chennai Super Kings,CSK,24 runs,Shivam Dube
444,2018,league,Mumbai Indians,Royal Challengers Bangalore,MI,RCB,"M. Chinnaswamy Stadium, Bangalore",Bangalore,batting,Mumbai Indians,field,0,1,88,82,177,145,Mumbai Indians,MI,43 runs,Suryakumar Yadav
445,2019,playoff,Sunrisers Hyderabad,Kolkata Knight Riders,SRH,KKR,"Eden Gardens, Kolkata",Kolkata,balanced,Kolkata Knight Riders,field,0,1,78,85,176,203,Kolkata Knight Riders,KKR,9 runs,Sunil Narine
446,2020,league,Rajasthan Royals,Delhi Capitals,RR,DC,"Arun Jaitley Stadium, Delhi",Delhi,balanced,Delhi Capitals,bat,0,1,83,80,217,225,Delhi Capitals,DC,5 wickets,Rishabh Pant
447,2021,league,Punjab Kings,Sunrisers Hyderabad,PBKS,SRH,"Narendra Modi Stadium, Ahmedabad",Ahmedabad,balanced,Sunrisers Hyderabad,field,0,0,75,78,183,203,Sunrisers Hyderabad,SRH,22 runs,Abhishek Sharma
448,2020,league,Rajasthan Royals,Lucknow Super Giants,RR,LSG,"BRSABV Ekana Stadium, Lucknow",Lucknow,balanced,Rajasthan Royals,bat,0,1,83,81,175,176,Lucknow Super Giants,LSG,45 runs,Ravi Bishnoi
449,2021,league,Punjab Kings,Lucknow Super Giants,PBKS,LSG,"BRSABV Ekana Stadium, Lucknow",Lucknow,balanced,Lucknow Super Giants,field,0,1,75,81,146,172,Lucknow Super Giants,LSG,6 wickets,Mark Wood
450,2018,league,Chennai Super Kings,Sunrisers Hyderabad,CSK,SRH,"Rajiv Gandhi Stadium, Hyderabad",Hyderabad,balanced,Chennai Super Kings,bat,0,1,90,78,205,179,Chennai Super Kings,CSK,5 wickets,Ruturaj Gaikwad
451,2025,playoff,Lucknow Super Giants,Gujarat Titans,LSG,GT,"M.A. Chidambaram Stadium, Chennai",Chennai,spin,Lucknow Super Giants,field,0,0,81,86,199,219,Gujarat Titans,GT,3 wickets,David Miller
452,2026,league,Gujarat Titans,Chennai Super Kings,GT,CSK,"Narendra Modi Stadium, Ahmedabad",Ahmedabad,balanced,Chennai Super Kings,field,1,0,86,90,171,128,Gujarat Titans,GT,20 runs,Rahul Tewatia
453,2026,league,Lucknow Super Giants,Rajasthan Royals,LSG,RR,"Eden Gardens, Kolkata",Kolkata,balanced,Rajasthan Royals,field,0,0,81,83,161,158,Lucknow Super Giants,LSG,27 runs,Marcus Stoinis
454,2018,league,Kolkata Knight Riders,Chennai Super Kings,KKR,CSK,"M.A. Chidambaram Stadium, Chennai",Chennai,spin,Chennai Super Kings,field,0,1,85,90,199,196,Kolkata Knight Riders,KKR,4 wickets,Shreyas Iyer
455,2025,league,Lucknow Super Giants,Royal Challengers Bangalore,LSG,RCB,"M. Chinnaswamy Stadium, Bangalore",Bangalore,batting,Lucknow Super Giants,field,0,1,81,82,161,189,Royal Challengers Bangalore,RCB,7 wickets,Wanindu Hasaranga
456,2024,league,Rajasthan Royals,Kolkata Knight Riders,RR,KKR,"Arun Jaitley Stadium, Delhi",Delhi,balanced,Rajasthan Royals,field,0,0,83,85,169,187,Kolkata Knight Riders,KKR,6 wickets,Andre Russell
457,2021,playoff,Punjab Kings,Mumbai Indians,PBKS,MI,"IS Bindra Stadium, Mohali",Mohali,pace,Mumbai Indians,field,1,0,75,88,167,153,Punjab Kings,PBKS,6 wickets,Jitesh Sharma
458,2019,league,Punjab Kings,Chennai Super Kings,PBKS,CSK,"Sawai Mansingh Stadium, Jaipur",Jaipur,batting,Punjab Kings,field,0,0,75,90,168,127,Punjab Kings,PBKS,7 wickets,Shikhar Dhawan
459,2021,league,Mumbai Indians,Chennai Super Kings,MI,CSK,"Wankhede Stadium, Mumbai",Mumbai,batting,Mumbai Indians,field,1,0,88,90,183,206,Chennai Super Kings,CSK,14 runs,Ruturaj Gaikwad
460,2021,league,Delhi Capitals,Chennai Super Kings,DC,CSK,"Arun Jaitley Stadium, Delhi",Delhi,balanced,Chennai Super Kings,bat,1,0,80,90,190,157,Delhi Capitals,DC,1 wickets,Anrich Nortje
461,2023,league,Rajasthan Royals,Gujarat Titans,RR,GT,"Narendra Modi Stadium, Ahmedabad",Ahmedabad,balanced,Gujarat Titans,field,0,1,83,86,149,126,Rajasthan Royals,RR,37 runs,Shimron Hetmyer
462,2020,final,Punjab Kings,Gujarat Titans,PBKS,GT,"Narendra Modi Stadium, Ahmedabad",Ahmedabad,balanced,Punjab Kings,bat,0,1,75,86,142,171,Gujarat Titans,GT,45 runs,Rahul Tewatia
463,2020,league,Chennai Super Kings,Kolkata Knight Riders,CSK,KKR,"M.A. Chidambaram Stadium, Chennai",Chennai,spin,Kolkata Knight Riders,field,1,0,90,85,137,133,Chennai Super Kings,CSK,46 runs,Ruturaj Gaikwad
464,2026,league,Sunrisers Hyderabad,Lucknow Super Giants,SRH,LSG,"Rajiv Gandhi Stadium, Hyderabad",Hyderabad,balanced,Lucknow Super Giants,field,1,0,78,81,156,125,Sunrisers Hyderabad,SRH,25 runs,Travis Head
465,2019,league,Chennai Super Kings,Delhi Capitals,CSK,DC,"BRSABV Ekana Stadium, Lucknow",Lucknow,balanced,Delhi Capitals,field,0,0,90,80,173,143,Chennai Super Kings,CSK,48 runs,MS Dhoni
466,2019,league,Rajasthan Royals,Punjab Kings,RR,PBKS,"IS Bindra Stadium, Mohali",Mohali,pace,Rajasthan Royals,bat,0,1,83,75,165,144,Rajasthan Royals,RR,20 runs,Trent Boult
467,2022,league,Punjab Kings,Sunrisers Hyderabad,PBKS,SRH,"IS Bindra Stadium, Mohali",Mohali,pace,Sunrisers Hyderabad,bat,1,0,75,78,169,160,Punjab Kings,PBKS,7 runs,Jitesh Sharma
468,2021,league,Mumbai Indians,Lucknow Super Giants,MI,LSG,"Sawai Mansingh Stadium, Jaipur",Jaipur,batting,Mumbai Indians,bat,0,0,88,81,156,183,Lucknow Super Giants,LSG,47 runs,KL Rahul
469,2020,league,Delhi Capitals,Sunrisers Hyderabad,DC,SRH,"IS Bindra Stadium, Mohali",Mohali,pace,Delhi Capitals,bat,0,0,80,78,187,167,Delhi Capitals,DC,4 runs,David Warner
470,2019,league,Lucknow Super Giants,Gujarat Titans,LSG,GT,"BRSABV Ekana Stadium, Lucknow",Lucknow,balanced,Gujarat Titans,bat,1,0,81,86,223,210,Lucknow Super Giants,LSG,12 runs,Nicholas Pooran
471,2021,league,Lucknow Super Giants,Royal Challengers Bangalore,LSG,RCB,"M. Chinnaswamy Stadium, Bangalore",Bangalore,batting,Lucknow Super Giants,field,0,1,81,82,131,120,Lucknow Super Giants,LSG,11 runs,Mark Wood
472,2020,league,Lucknow Super Giants,Sunrisers Hyderabad,LSG,SRH,"Narendra Modi Stadium, Ahmedabad",Ahmedabad,balanced,Sunrisers Hyderabad,field,0,0,81,78,154,169,Sunrisers Hyderabad,SRH,3 wickets,T Natarajan
473,2024,league,Mumbai Indians,Sunrisers Hyderabad,MI,SRH,"Rajiv Gandhi Stadium, Hyderabad",Hyderabad,balanced,Mumbai Indians,bat,0,1,88,78,213,214,Sunrisers Hyderabad,SRH,48 runs,Aiden Markram
474,2024,playoff,Punjab Kings,Chennai Super Kings,PBKS,CSK,"IS Bindra Stadium, Mohali",Mohali,pace,Chennai Super Kings,field,1,0,75,90,177,193,Chennai Super Kings,CSK,6 runs,MS Dhoni
475,2025,final,Sunrisers Hyderabad,Mumbai Indians,SRH,MI,"Rajiv Gandhi Stadium, Hyderabad",Hyderabad,balanced,Mumbai Indians,field,1,0,78,88,199,212,Mumbai Indians,MI,3 wickets,Tim David
476,2021,league,Delhi Capitals,Gujarat Titans,DC,GT,"Narendra Modi Stadium, Ahmedabad",Ahmedabad,balanced,Gujarat Titans,field,0,1,80,86,179,196,Gujarat Titans,GT,44 runs,Shubman Gill
477,2020,league,Punjab Kings,Gujarat Titans,PBKS,GT,"IS Bindra Stadium, Mohali",Mohali,pace,Punjab Kings,field,1,0,75,86,168,127,Punjab Kings,PBKS,7 wickets,Kagiso Rabada
478,2026,playoff,Royal Challengers Bangalore,Mumbai Indians,RCB,MI,"M. Chinnaswamy Stadium, Bangalore",Bangalore,batting,Mumbai Indians,field,1,0,82,88,216,211,Royal Challengers Bangalore,RCB,5 wickets,Virat Kohli
479,2019,league,Kolkata Knight Riders,Delhi Capitals,KKR,DC,"Arun Jaitley Stadium, Delhi",Delhi,balanced,Kolkata Knight Riders,field,0,1,85,80,139,164,Delhi Capitals,DC,22 runs,Anrich Nortje
480,2025,league,Delhi Capitals,Rajasthan Royals,DC,RR,"Sawai Mansingh Stadium, Jaipur",Jaipur,batting,Rajasthan Royals,bat,0,1,80,83,163,181,Rajasthan Royals,RR,39 runs,Yuzvendra Chahal
481,2025,league,Chennai Super Kings,Sunrisers Hyderabad,CSK,SRH,"BRSABV Ekana Stadium, Lucknow",Lucknow,balanced,Sunrisers Hyderabad,field,0,0,90,78,214,222,Sunrisers Hyderabad,SRH,20 runs,Heinrich Klaasen
482,2023,league,Rajasthan Royals,Sunrisers Hyderabad,RR,SRH,"Rajiv Gandhi Stadium, Hyderabad",Hyderabad,balanced,Rajasthan Royals,field,0,1,83,78,156,161,Sunrisers Hyderabad,SRH,15 runs,T Natarajan
483,2024,league,Lucknow Super Giants,Punjab Kings,LSG,PBKS,"IS Bindra Stadium, Mohali",Mohali,pace,Punjab Kings,bat,0,1,81,75,177,155,Lucknow Super Giants,LSG,6 wickets,KL Rahul
484,2026,league,Lucknow Super Giants,Kolkata Knight Riders,LSG,KKR,"IS Bindra Stadium, Mohali",Mohali,pace,Lucknow Super Giants,field,0,0,81,85,132,93,Lucknow Super Giants,LSG,7 wickets,Nicholas Pooran
485,2020,league,Delhi Capitals,Lucknow Super Giants,DC,LSG,"BRSABV Ekana Stadium, Lucknow",Lucknow,balanced,Delhi Capitals,field,0,1,80,81,143,107,Delhi Capitals,DC,4 wickets,Kuldeep Yadav
486,2025,league,Gujarat Titans,Rajasthan Royals,GT,RR,"Narendra Modi Stadium, Ahmedabad",Ahmedabad,balanced,Rajasthan Royals,field,1,0,86,83,153,159,Rajasthan Royals,RR,11 runs,Riyan Parag
487,2026,league,Punjab Kings,Delhi Capitals,PBKS,DC,"M. Chinnaswamy Stadium, Bangalore",Bangalore,batting,Delhi Capitals,field,0,0,75,80,171,146,Punjab Kings,PBKS,15 runs,Kagiso Rabada
488,2024,league,Mumbai Indians,Gujarat Titans,MI,GT,"Narendra Modi Stadium, Ahmedabad",Ahmedabad,balanced,Mumbai Indians,bat,0,1,88,86,135,141,Gujarat Titans,GT,5 wickets,Shubman Gill
489,2018,league,Chennai Super Kings,Punjab Kings,CSK,PBKS,"Eden Gardens, Kolkata",Kolkata,balanced,Chennai Super Kings,field,0,0,90,75,177,134,Chennai Super Kings,CSK,5 wickets,Ruturaj Gaikwad
490,2021,league,Kolkata Knight Riders,Mumbai Indians,KKR,MI,"Arun Jaitley Stadium, Delhi",Delhi,balanced,Mumbai Indians,field,0,0,85,88,115,84,Kolkata Knight Riders,KKR,42 runs,Rinku Singh
491,2021,league,Royal Challengers Bangalore,Mumbai Indians,RCB,MI,"M. Chinnaswamy Stadium, Bangalore",Bangalore,batting,Mumbai Indians,bat,1,0,82,88,205,195,Royal Challengers Bangalore,RCB,4 wickets,Faf du Plessis
492,2019,league,Rajasthan Royals,Chennai Super Kings,RR,CSK,"Eden Gardens, Kolkata",Kolkata,balanced,Chennai Super Kings,bat,0,0,83,90,174,188,Chennai Super Kings,CSK,7 wickets,Shivam Dube
493,2018,league,Royal Challengers Bangalore,Punjab Kings,RCB,PBKS,"IS Bindra Stadium, Mohali",Mohali,pace,Punjab Kings,field,0,1,82,75,214,174,Royal Challengers Bangalore,RCB,4 wickets,Dinesh Karthik
494,2024,league,Punjab Kings,Chennai Super Kings,PBKS,CSK,"IS Bindra Stadium, Mohali",Mohali,pace,Punjab Kings,bat,1,0,75,90,127,97,Punjab Kings,PBKS,38 runs,Arshdeep Singh
495,2021,final,Mumbai Indians,Gujarat Titans,MI,GT,"Wankhede Stadium, Mumbai",Mumbai,batting,Gujarat Titans,bat,1,0,88,86,180,136,Mumbai Indians,MI,43 runs,Tim David
496,2020,league,Sunrisers Hyderabad,Delhi Capitals,SRH,DC,"M. Chinnaswamy Stadium, Bangalore",Bangalore,batting,Sunrisers Hyderabad,bat,0,0,78,80,210,238,Delhi Capitals,DC,34 runs,Kuldeep Yadav
497,2018,league,Punjab Kings,Sunrisers Hyderabad,PBKS,SRH,"Rajiv Gandhi Stadium, Hyderabad",Hyderabad,balanced,Punjab Kings,bat,0,1,75,78,157,138,Punjab Kings,PBKS,23 runs,Arshdeep Singh
498,2025,league,Lucknow Super Giants,Delhi Capitals,LSG,DC,"Arun Jaitley Stadium, Delhi",Delhi,balanced,Delhi Capitals,field,0,1,81,80,195,209,Delhi Capitals,DC,41 runs,Tristan Stubbs
499,2024,playoff,Punjab Kings,Kolkata Knight Riders,PBKS,KKR,"IS Bindra Stadium, Mohali",Mohali,pace,Kolkata Knight Riders,bat,1,0,75,85,177,152,Punjab Kings,PBKS,26 runs,Sam Curran
500,2023,league,Chennai Super Kings,Gujarat Titans,CSK,GT,"Narendra Modi Stadium, Ahmedabad",Ahmedabad,balanced,Chennai Super Kings,field,0,1,90,86,151,109,Chennai Super Kings,CSK,1 wickets,Ruturaj Gaikwad
501,2026,playoff,Lucknow Super Giants,Delhi Capitals,LSG,DC,"Narendra Modi Stadium, Ahmedabad",Ahmedabad,balanced,Lucknow Super Giants,field,0,0,81,80,151,112,Lucknow Super Giants,LSG,7 runs,KL Rahul
502,2026,league,Sunrisers Hyderabad,Royal Challengers Bangalore,SRH,RCB,"IS Bindra Stadium, Mohali",Mohali,pace,Royal Challengers Bangalore,bat,0,0,78,82,138,123,Sunrisers Hyderabad,SRH,22 runs,Aiden Markram
503,2019,league,Delhi Capitals,Chennai Super Kings,DC,CSK,"Arun Jaitley Stadium, Delhi",Delhi,balanced,Chennai Super Kings,field,1,0,80,90,110,80,Delhi Capitals,DC,4 wickets,Jake Fraser-McGurk
504,2019,league,Mumbai Indians,Lucknow Super Giants,MI,LSG,"BRSABV Ekana Stadium, Lucknow",Lucknow,balanced,Mumbai Indians,bat,0,1,88,81,228,195,Mumbai Indians,MI,24 runs,Tilak Varma
505,2019,league,Royal Challengers Bangalore,Delhi Capitals,RCB,DC,"Rajiv Gandhi Stadium, Hyderabad",Hyderabad,balanced,Delhi Capitals,field,0,0,82,80,166,185,Delhi Capitals,DC,5 wickets,Axar Patel
506,2022,league,Mumbai Indians,Royal Challengers Bangalore,MI,RCB,"M. Chinnaswamy Stadium, Bangalore",Bangalore,batting,Royal Challengers Bangalore,field,0,1,88,82,212,236,Royal Challengers Bangalore,RCB,3 runs,Rajat Patidar
507,2021,league,Rajasthan Royals,Mumbai Indians,RR,MI,"Wankhede Stadium, Mumbai",Mumbai,batting,Mumbai Indians,bat,0,1,83,88,217,238,Mumbai Indians,MI,4 runs,Suryakumar Yadav
508,2021,league,Chennai Super Kings,Sunrisers Hyderabad,CSK,SRH,"M.A. Chidambaram Stadium, Chennai",Chennai,spin,Chennai Super Kings,field,1,0,90,78,192,148,Chennai Super Kings,CSK,40 runs,Shivam Dube
509,2026,league,Gujarat Titans,Punjab Kings,GT,PBKS,"Narendra Modi Stadium, Ahmedabad",Ahmedabad,balanced,Punjab Kings,bat,1,0,86,75,120,80,Gujarat Titans,GT,5 wickets,Wriddhiman Saha
510,2020,league,Lucknow Super Giants,Gujarat Titans,LSG,GT,"Narendra Modi Stadium, Ahmedabad",Ahmedabad,balanced,Lucknow Super Giants,field,0,1,81,86,183,195,Gujarat Titans,GT,49 runs,David Miller
511,2019,playoff,Kolkata Knight Riders,Mumbai Indians,KKR,MI,"Eden Gardens, Kolkata",Kolkata,balanced,Kolkata Knight Riders,bat,1,0,85,88,134,124,Kolkata Knight Riders,KKR,7 wickets,Varun Chakravarthy
512,2025,league,Kolkata Knight Riders,Punjab Kings,KKR,PBKS,"IS Bindra Stadium, Mohali",Mohali,pace,Punjab Kings,field,0,1,85,75,166,184,Punjab Kings,PBKS,5 wickets,Jonny Bairstow
513,2019,league,Rajasthan Royals,Mumbai Indians,RR,MI,"Rajiv Gandhi Stadium, Hyderabad",Hyderabad,balanced,Mumbai Indians,field,0,0,83,88,214,242,Mumbai Indians,MI,2 wickets,Rohit Sharma
514,2021,league,Punjab Kings,Delhi Capitals,PBKS,DC,"IS Bindra Stadium, Mohali",Mohali,pace,Delhi Capitals,field,1,0,75,80,135,96,Punjab Kings,PBKS,2 runs,Sam Curran
515,2021,league,Royal Challengers Bangalore,Kolkata Knight Riders,RCB,KKR,"M.A. Chidambaram Stadium, Chennai",Chennai,spin,Kolkata Knight Riders,field,0,0,82,85,138,149,Kolkata Knight Riders,KKR,4 wickets,Venkatesh Iyer
516,2024,league,Delhi Capitals,Mumbai Indians,DC,MI,"Rajiv Gandhi Stadium, Hyderabad",Hyderabad,balanced,Delhi Capitals,field,0,0,80,88,123,116,Delhi Capitals,DC,31 runs,David Warner
517,2025,league,Chennai Super Kings,Delhi Capitals,CSK,DC,"Arun Jaitley Stadium, Delhi",Delhi,balanced,Delhi Capitals,bat,0,1,90,80,187,213,Delhi Capitals,DC,45 runs,Tristan Stubbs
518,2019,league,Lucknow Super Giants,Delhi Capitals,LSG,DC,"Arun Jaitley Stadium, Delhi",Delhi,balanced,Lucknow Super Giants,field,0,1,81,80,173,182,Delhi Capitals,DC,43 runs,Anrich Nortje
519,2019,league,Punjab Kings,Chennai Super Kings,PBKS,CSK,"IS Bindra Stadium, Mohali",Mohali,pace,Chennai Super Kings,bat,1,0,75,90,155,168,Chennai Super Kings,CSK,45 runs,Shivam Dube
520,2018,league,Punjab Kings,Gujarat Titans,PBKS,GT,"IS Bindra Stadium, Mohali",Mohali,pace,Gujarat Titans,field,1,0,75,86,195,219,Gujarat Titans,GT,4 runs,Mohammed Shami
521,2020,league,Lucknow Super Giants,Delhi Capitals,LSG,DC,"Wankhede Stadium, Mumbai",Mumbai,batting,Lucknow Super Giants,field,0,0,81,80,175,163,Lucknow Super Giants,LSG,1 wickets,Marcus Stoinis
522,2024,league,Punjab Kings,Gujarat Titans,PBKS,GT,"IS Bindra Stadium, Mohali",Mohali,pace,Punjab Kings,field,1,0,75,86,182,177,Punjab Kings,PBKS,36 runs,Arshdeep Singh
523,2026,league,Gujarat Titans,Sunrisers Hyderabad,GT,SRH,"Wankhede Stadium, Mumbai",Mumbai,batting,Gujarat Titans,field,0,0,86,78,135,93,Gujarat Titans,GT,20 runs,Rashid Khan
524,2026,final,Delhi Capitals,Lucknow Super Giants,DC,LSG,"Sawai Mansingh Stadium, Jaipur",Jaipur,batting,Delhi Capitals,field,0,0,80,81,156,135,Delhi Capitals,DC,24 runs,Tristan Stubbs
525,2021,playoff,Mumbai Indians,Royal Challengers Bangalore,MI,RCB,"M. Chinnaswamy Stadium, Bangalore",Bangalore,batting,Mumbai Indians,field,0,1,88,82,180,137,Mumbai Indians,MI,6 wickets,Ishan Kishan
526,2026,league,Rajasthan Royals,Sunrisers Hyderabad,RR,SRH,"Rajiv Gandhi Stadium, Hyderabad",Hyderabad,balanced,Sunrisers Hyderabad,field,0,1,83,78,150,171,Sunrisers Hyderabad,SRH,6 wickets,Nitish Kumar Reddy
527,2020,league,Gujarat Titans,Royal Challengers Bangalore,GT,RCB,"M. Chinnaswamy Stadium, Bangalore",Bangalore,batting,Gujarat Titans,field,0,1,86,82,210,224,Royal Challengers Bangalore,RCB,30 runs,Dinesh Karthik
528,2025,league,Rajasthan Royals,Chennai Super Kings,RR,CSK,"Sawai Mansingh Stadium, Jaipur",Jaipur,batting,Chennai Super Kings,bat,1,0,83,90,176,200,Chennai Super Kings,CSK,42 runs,MS Dhoni
529,2023,playoff,Lucknow Super Giants,Delhi Capitals,LSG,DC,"Arun Jaitley Stadium, Delhi",Delhi,balanced,Delhi Capitals,field,0,1,81,80,157,132,Lucknow Super Giants,LSG,40 runs,Quinton de Kock
530,2025,league,Sunrisers Hyderabad,Lucknow Super Giants,SRH,LSG,"BRSABV Ekana Stadium, Lucknow",Lucknow,balanced,Lucknow Super Giants,bat,0,1,78,81,145,152,Lucknow Super Giants,LSG,6 wickets,Quinton de Kock
531,2026,league,Punjab Kings,Mumbai Indians,PBKS,MI,"Wankhede Stadium, Mumbai",Mumbai,batting,Punjab Kings,bat,0,1,75,88,164,148,Punjab Kings,PBKS,7 wickets,Liam Livingstone
532,2019,league,Lucknow Super Giants,Punjab Kings,LSG,PBKS,"IS Bindra Stadium, Mohali",Mohali,pace,Lucknow Super Giants,field,0,1,81,75,160,157,Lucknow Super Giants,LSG,24 runs,KL Rahul
533,2026,league,Chennai Super Kings,Gujarat Titans,CSK,GT,"M.A. Chidambaram Stadium, Chennai",Chennai,spin,Gujarat Titans,field,1,0,90,86,210,166,Chennai Super Kings,CSK,5 runs,Ravindra Jadeja
534,2026,final,Delhi Capitals,Lucknow Super Giants,DC,LSG,"BRSABV Ekana Stadium, Lucknow",Lucknow,balanced,Lucknow Super Giants,field,0,1,80,81,124,149,Lucknow Super Giants,LSG,4 wickets,Ayush Badoni
535,2022,league,Delhi Capitals,Mumbai Indians,DC,MI,"Rajiv Gandhi Stadium, Hyderabad",Hyderabad,balanced,Delhi Capitals,field,0,0,80,88,173,200,Mumbai Indians,MI,4 wickets,Ishan Kishan
536,2024,league,Punjab Kings,Lucknow Super Giants,PBKS,LSG,"IS Bindra Stadium, Mohali",Mohali,pace,Punjab Kings,field,1,0,75,81,125,86,Punjab Kings,PBKS,7 wickets,Jonny Bairstow
537,2026,playoff,Punjab Kings,Delhi Capitals,PBKS,DC,"Arun Jaitley Stadium, Delhi",Delhi,balanced,Punjab Kings,field,0,1,75,80,160,185,Delhi Capitals,DC,1 wickets,Tristan Stubbs
538,2021,playoff,Lucknow Super Giants,Kolkata Knight Riders,LSG,KKR,"Eden Gardens, Kolkata",Kolkata,balanced,Kolkata Knight Riders,field,0,1,81,85,194,222,Kolkata Knight Riders,KKR,1 wickets,Andre Russell
539,2020,league,Chennai Super Kings,Gujarat Titans,CSK,GT,"Narendra Modi Stadium, Ahmedabad",Ahmedabad,balanced,Gujarat Titans,field,0,1,90,86,161,131,Chennai Super Kings,CSK,14 runs,Deepak Chahar
540,2018,league,Royal Challengers Bangalore,Delhi Capitals,RCB,DC,"Arun Jaitley Stadium, Delhi",Delhi,balanced,Delhi Capitals,field,0,1,82,80,165,182,Delhi Capitals,DC,18 runs,Kuldeep Yadav
541,2026,league,Punjab Kings,Mumbai Indians,PBKS,MI,"IS Bindra Stadium, Mohali",Mohali,pace,Punjab Kings,field,1,0,75,88,138,143,Mumbai Indians,MI,5 wickets,Tilak Varma
542,2020,league,Royal Challengers Bangalore,Rajasthan Royals,RCB,RR,"Arun Jaitley Stadium, Delhi",Delhi,balanced,Royal Challengers Bangalore,field,0,0,82,83,144,166,Rajasthan Royals,RR,6 wickets,Yuzvendra Chahal
543,2019,league,Lucknow Super Giants,Rajasthan Royals,LSG,RR,"Sawai Mansingh Stadium, Jaipur",Jaipur,batting,Rajasthan Royals,field,0,1,81,83,172,142,Lucknow Super Giants,LSG,4 runs,KL Rahul
544,2024,league,Chennai Super Kings,Gujarat Titans,CSK,GT,"M.A. Chidambaram Stadium, Chennai",Chennai,spin,Chennai Super Kings,field,1,0,90,86,153,114,Chennai Super Kings,CSK,2 wickets,Deepak Chahar
545,2019,league,Gujarat Titans,Delhi Capitals,GT,DC,"Narendra Modi Stadium, Ahmedabad",Ahmedabad,balanced,Gujarat Titans,field,1,0,86,80,154,128,Gujarat Titans,GT,1 wickets,Wriddhiman Saha
546,2023,league,Royal Challengers Bangalore,Delhi Capitals,RCB,DC,"Arun Jaitley Stadium, Delhi",Delhi,balanced,Royal Challengers Bangalore,bat,0,1,82,80,230,194,Royal Challengers Bangalore,RCB,3 wickets,Faf du Plessis
547,2024,league,Gujarat Titans,Chennai Super Kings,GT,CSK,"Narendra Modi Stadium, Ahmedabad",Ahmedabad,balanced,Chennai Super Kings,bat,1,0,86,90,172,178,Chennai Super Kings,CSK,45 runs,Devon Conway
548,2023,league,Lucknow Super Giants,Kolkata Knight Riders,LSG,KKR,"Eden Gardens, Kolkata",Kolkata,balanced,Lucknow Super Giants,field,0,1,81,85,145,164,Kolkata Knight Riders,KKR,2 wickets,Sunil Narine
549,2022,league,Mumbai Indians,Chennai Super Kings,MI,CSK,"M.A. Chidambaram Stadium, Chennai",Chennai,spin,Chennai Super Kings,bat,0,1,88,90,157,174,Chennai Super Kings,CSK,5 wickets,Ravindra Jadeja
550,2022,league,Sunrisers Hyderabad,Delhi Capitals,SRH,DC,"Arun Jaitley Stadium, Delhi",Delhi,balanced,Delhi Capitals,field,0,1,78,80,175,167,Sunrisers Hyderabad,SRH,4 runs,Travis Head
551,2021,league,Kolkata Knight Riders,Lucknow Super Giants,KKR,LSG,"BRSABV Ekana Stadium, Lucknow",Lucknow,balanced,Lucknow Super Giants,field,0,1,85,81,185,165,Kolkata Knight Riders,KKR,7 wickets,Varun Chakravarthy
552,2020,final,Rajasthan Royals,Delhi Capitals,RR,DC,"Sawai Mansingh Stadium, Jaipur",Jaipur,batting,Rajasthan Royals,bat,1,0,83,80,186,168,Rajasthan Royals,RR,14 runs,Yuzvendra Chahal
553,2019,league,Delhi Capitals,Royal Challengers Bangalore,DC,RCB,"Eden Gardens, Kolkata",Kolkata,balanced,Delhi Capitals,field,0,0,80,82,114,118,Royal Challengers Bangalore,RCB,22 runs,Faf du Plessis
554,2022,league,Rajasthan Royals,Delhi Capitals,RR,DC,"BRSABV Ekana Stadium, Lucknow",Lucknow,balanced,Delhi Capitals,field,0,0,83,80,184,186,Delhi Capitals,DC,3 wickets,Rishabh Pant
555,2023,league,Delhi Capitals,Mumbai Indians,DC,MI,"M. Chinnaswamy Stadium, Bangalore",Bangalore,batting,Delhi Capitals,field,0,0,80,88,181,157,Delhi Capitals,DC,3 wickets,Jake Fraser-McGurk
556,2020,playoff,Kolkata Knight Riders,Rajasthan Royals,KKR,RR,"Sawai Mansingh Stadium, Jaipur",Jaipur,batting,Rajasthan Royals,field,0,1,85,83,210,180,Kolkata Knight Riders,KKR,47 runs,Venkatesh Iyer
557,2020,league,Royal Challengers Bangalore,Rajasthan Royals,RCB,RR,"Eden Gardens, Kolkata",Kolkata,balanced,Royal Challengers Bangalore,field,0,0,82,83,206,185,Royal Challengers Bangalore,RCB,5 runs,Faf du Plessis
558,2019,league,Rajasthan Royals,Kolkata Knight Riders,RR,KKR,"Sawai Mansingh Stadium, Jaipur",Jaipur,batting,Rajasthan Royals,field,1,0,83,85,188,193,Kolkata Knight Riders,KKR,9 runs,Sunil Narine
559,2019,league,Kolkata Knight Riders,Sunrisers Hyderabad,KKR,SRH,"Narendra Modi Stadium, Ahmedabad",Ahmedabad,balanced,Kolkata Knight Riders,bat,0,0,85,78,208,232,Sunrisers Hyderabad,SRH,6 wickets,T Natarajan
560,2019,league,Chennai Super Kings,Mumbai Indians,CSK,MI,"Wankhede Stadium, Mumbai",Mumbai,batting,Chennai Super Kings,field,0,1,90,88,184,145,Chennai Super Kings,CSK,21 runs,Deepak Chahar
561,2018,league,Punjab Kings,Delhi Capitals,PBKS,DC,"Wankhede Stadium, Mumbai",Mumbai,batting,Delhi Capitals,bat,0,0,75,80,194,213,Delhi Capitals,DC,18 runs,Tristan Stubbs
562,2021,league,Gujarat Titans,Sunrisers Hyderabad,GT,SRH,"Wankhede Stadium, Mumbai",Mumbai,batting,Sunrisers Hyderabad,field,0,0,86,78,147,130,Gujarat Titans,GT,15 runs,Hardik Pandya
563,2026,playoff,Sunrisers Hyderabad,Lucknow Super Giants,SRH,LSG,"Rajiv Gandhi Stadium, Hyderabad",Hyderabad,balanced,Sunrisers Hyderabad,field,1,0,78,81,184,198,Lucknow Super Giants,LSG,28 runs,KL Rahul
564,2021,league,Gujarat Titans,Delhi Capitals,GT,DC,"IS Bindra Stadium, Mohali",Mohali,pace,Delhi Capitals,field,0,0,86,80,141,130,Gujarat Titans,GT,9 runs,Rahul Tewatia
565,2025,league,Kolkata Knight Riders,Sunrisers Hyderabad,KKR,SRH,"Eden Gardens, Kolkata",Kolkata,balanced,Sunrisers Hyderabad,field,1,0,85,78,199,219,Sunrisers Hyderabad,SRH,22 runs,Nitish Kumar Reddy
566,2021,league,Chennai Super Kings,Delhi Capitals,CSK,DC,"BRSABV Ekana Stadium, Lucknow",Lucknow,balanced,Delhi Capitals,field,0,0,90,80,144,118,Chennai Super Kings,CSK,8 runs,MS Dhoni
567,2024,league,Royal Challengers Bangalore,Kolkata Knight Riders,RCB,KKR,"M. Chinnaswamy Stadium, Bangalore",Bangalore,batting,Kolkata Knight Riders,field,1,0,82,85,206,170,Royal Challengers Bangalore,RCB,5 wickets,Rajat Patidar
568,2020,league,Chennai Super Kings,Lucknow Super Giants,CSK,LSG,"Wankhede Stadium, Mumbai",Mumbai,batting,Chennai Super Kings,bat,0,0,90,81,217,213,Chennai Super Kings,CSK,4 wickets,Ravindra Jadeja
569,2023,league,Delhi Capitals,Royal Challengers Bangalore,DC,RCB,"Arun Jaitley Stadium, Delhi",Delhi,balanced,Delhi Capitals,field,1,0,80,82,128,84,Delhi Capitals,DC,14 runs,Axar Patel
570,2023,league,Gujarat Titans,Chennai Super Kings,GT,CSK,"Sawai Mansingh Stadium, Jaipur",Jaipur,batting,Chennai Super Kings,bat,0,0,86,90,141,165,Chennai Super Kings,CSK,3 wickets,Deepak Chahar
571,2024,league,Chennai Super Kings,Lucknow Super Giants,CSK,LSG,"M.A. Chidambaram Stadium, Chennai",Chennai,spin,Lucknow Super Giants,field,1,0,90,81,163,155,Chennai Super Kings,CSK,5 wickets,Devon Conway
572,2024,playoff,Sunrisers Hyderabad,Royal Challengers Bangalore,SRH,RCB,"M. Chinnaswamy Stadium, Bangalore",Bangalore,batting,Sunrisers Hyderabad,field,0,1,78,82,129,141,Royal Challengers Bangalore,RCB,27 runs,Dinesh Karthik
573,2018,league,Gujarat Titans,Delhi Capitals,GT,DC,"Wankhede Stadium, Mumbai",Mumbai,batting,Gujarat Titans,field,0,0,86,80,171,200,Delhi Capitals,DC,3 wickets,Kuldeep Yadav
574,2024,playoff,Royal Challengers Bangalore,Punjab Kings,RCB,PBKS,"IS Bindra Stadium, Mohali",Mohali,pace,Punjab Kings,bat,0,1,82,75,200,221,Punjab Kings,PBKS,3 wickets,Jonny Bairstow
575,2026,league,Mumbai Indians,Lucknow Super Giants,MI,LSG,"BRSABV Ekana Stadium, Lucknow",Lucknow,balanced,Mumbai Indians,bat,0,1,88,81,156,184,Lucknow Super Giants,LSG,38 runs,Mark Wood
576,2022,league,Lucknow Super Giants,Chennai Super Kings,LSG,CSK,"M.A. Chidambaram Stadium, Chennai",Chennai,spin,Lucknow Super Giants,field,0,1,81,90,126,90,Lucknow Super Giants,LSG,7 wickets,Ravi Bishnoi
577,2022,league,Sunrisers Hyderabad,Lucknow Super Giants,SRH,LSG,"Rajiv Gandhi Stadium, Hyderabad",Hyderabad,balanced,Lucknow Super Giants,bat,1,0,78,81,191,206,Lucknow Super Giants,LSG,1 wickets,Marcus Stoinis
578,2019,playoff,Chennai Super Kings,Kolkata Knight Riders,CSK,KKR,"Eden Gardens, Kolkata",Kolkata,balanced,Kolkata Knight Riders,field,0,1,90,85,190,203,Kolkata Knight Riders,KKR,6 wickets,Rinku Singh
579,2021,league,Lucknow Super Giants,Gujarat Titans,LSG,GT,"M. Chinnaswamy Stadium, Bangalore",Bangalore,batting,Lucknow Super Giants,bat,0,0,81,86,193,170,Lucknow Super Giants,LSG,1 wickets,Quinton de Kock
580,2018,playoff,Chennai Super Kings,Rajasthan Royals,CSK,RR,"M.A. Chidambaram Stadium, Chennai",Chennai,spin,Rajasthan Royals,bat,1,0,90,83,200,159,Chennai Super Kings,CSK,1 wickets,Deepak Chahar
581,2019,league,Delhi Capitals,Mumbai Indians,DC,MI,"Arun Jaitley Stadium, Delhi",Delhi,balanced,Mumbai Indians,field,1,0,80,88,166,184,Mumbai Indians,MI,3 wickets,Ishan Kishan
582,2021,playoff,Kolkata Knight Riders,Rajasthan Royals,KKR,RR,"Eden Gardens, Kolkata",Kolkata,balanced,Kolkata Knight Riders,bat,1,0,85,83,179,185,Rajasthan Royals,RR,10 runs,Riyan Parag
583,2025,league,Mumbai Indians,Kolkata Knight Riders,MI,KKR,"Wankhede Stadium, Mumbai",Mumbai,batting,Kolkata Knight Riders,bat,1,0,88,85,171,195,Kolkata Knight Riders,KKR,1 wickets,Sunil Narine
584,2019,league,Kolkata Knight Riders,Gujarat Titans,KKR,GT,"Eden Gardens, Kolkata",Kolkata,balanced,Gujarat Titans,bat,1,0,85,86,182,195,Gujarat Titans,GT,3 wickets,Wriddhiman Saha
585,2019,league,Royal Challengers Bangalore,Rajasthan Royals,RCB,RR,"IS Bindra Stadium, Mohali",Mohali,pace,Rajasthan Royals,field,0,0,82,83,136,144,Rajasthan Royals,RR,3 wickets,Yuzvendra Chahal
586,2024,league,Punjab Kings,Delhi Capitals,PBKS,DC,"IS Bindra Stadium, Mohali",Mohali,pace,Delhi Capitals,field,1,0,75,80,179,187,Delhi Capitals,DC,3 wickets,Axar Patel
587,2018,league,Kolkata Knight Riders,Royal Challengers Bangalore,KKR,RCB,"Eden Gardens, Kolkata",Kolkata,balanced,Kolkata Knight Riders,bat,1,0,85,82,206,227,Royal Challengers Bangalore,RCB,2 wickets,Virat Kohli
588,2018,league,Kolkata Knight Riders,Delhi Capitals,KKR,DC,"Arun Jaitley Stadium, Delhi",Delhi,balanced,Delhi Capitals,field,0,1,85,80,172,196,Delhi Capitals,DC,5 wickets,David Warner
589,2021,league,Chennai Super Kings,Delhi Capitals,CSK,DC,"Arun Jaitley Stadium, Delhi",Delhi,balanced,Chennai Super Kings,field,0,1,90,80,192,148,Chennai Super Kings,CSK,37 runs,Ruturaj Gaikwad
590,2020,league,Lucknow Super Giants,Chennai Super Kings,LSG,CSK,"Wankhede Stadium, Mumbai",Mumbai,batting,Lucknow Super Giants,field,0,0,81,90,195,184,Lucknow Super Giants,LSG,9 runs,Marcus Stoinis
591,2024,league,Gujarat Titans,Lucknow Super Giants,GT,LSG,"BRSABV Ekana Stadium, Lucknow",Lucknow,balanced,Lucknow Super Giants,field,0,1,86,81,128,155,Lucknow Super Giants,LSG,4 wickets,Marcus Stoinis
592,2026,league,Royal Challengers Bangalore,Punjab Kings,RCB,PBKS,"IS Bindra Stadium, Mohali",Mohali,pace,Royal Challengers Bangalore,field,0,1,82,75,171,135,Royal Challengers Bangalore,RCB,48 runs,Virat Kohli
593,2026,league,Kolkata Knight Riders,Gujarat Titans,KKR,GT,"Narendra Modi Stadium, Ahmedabad",Ahmedabad,balanced,Gujarat Titans,bat,0,1,85,86,167,171,Gujarat Titans,GT,19 runs,Wriddhiman Saha
594,2019,playoff,Lucknow Super Giants,Royal Challengers Bangalore,LSG,RCB,"BRSABV Ekana Stadium, Lucknow",Lucknow,balanced,Lucknow Super Giants,bat,1,0,81,82,137,125,Lucknow Super Giants,LSG,1 wickets,Ravi Bishnoi
595,2025,league,Lucknow Super Giants,Kolkata Knight Riders,LSG,KKR,"Eden Gardens, Kolkata",Kolkata,balanced,Lucknow Super Giants,bat,0,1,81,85,157,135,Lucknow Super Giants,LSG,14 runs,Ravi Bishnoi
596,2018,league,Rajasthan Royals,Punjab Kings,RR,PBKS,"IS Bindra Stadium, Mohali",Mohali,pace,Rajasthan Royals,field,0,1,83,75,152,121,Rajasthan Royals,RR,6 wickets,Yuzvendra Chahal
597,2024,league,Royal Challengers Bangalore,Gujarat Titans,RCB,GT,"Wankhede Stadium, Mumbai",Mumbai,batting,Royal Challengers Bangalore,bat,0,0,82,86,176,184,Gujarat Titans,GT,24 runs,Hardik Pandya
598,2022,league,Rajasthan Royals,Punjab Kings,RR,PBKS,"Sawai Mansingh Stadium, Jaipur",Jaipur,batting,Punjab Kings,bat,1,0,83,75,229,236,Punjab Kings,PBKS,11 runs,Shikhar Dhawan
599,2020,league,Sunrisers Hyderabad,Delhi Capitals,SRH,DC,"Rajiv Gandhi Stadium, Hyderabad",Hyderabad,balanced,Sunrisers Hyderabad,field,1,0,78,80,144,164,Delhi Capitals,DC,13 runs,Jake Fraser-McGurk
600,2019,league,Gujarat Titans,Royal Challengers Bangalore,GT,RCB,"Narendra Modi Stadium, Ahmedabad",Ahmedabad,balanced,Royal Challengers Bangalore,field,1,0,86,82,136,159,Royal Challengers Bangalore,RCB,5 wickets,Virat Kohli
601,2025,league,Sunrisers Hyderabad,Chennai Super Kings,SRH,CSK,"M.A. Chidambaram Stadium, Chennai",Chennai,spin,Chennai Super Kings,field,0,1,78,90,154,142,Sunrisers Hyderabad,SRH,4 wickets,Heinrich Klaasen
602,2018,league,Sunrisers Hyderabad,Rajasthan Royals,SRH,RR,"Rajiv Gandhi Stadium, Hyderabad",Hyderabad,balanced,Sunrisers Hyderabad,bat,1,0,78,83,208,184,Sunrisers Hyderabad,SRH,2 wickets,Abhishek Sharma
603,2021,league,Gujarat Titans,Rajasthan Royals,GT,RR,"BRSABV Ekana Stadium, Lucknow",Lucknow,balanced,Rajasthan Royals,bat,0,0,86,83,184,162,Gujarat Titans,GT,2 wickets,Mohammed Shami
604,2018,league,Rajasthan Royals,Kolkata Knight Riders,RR,KKR,"Wankhede Stadium, Mumbai",Mumbai,batting,Kolkata Knight Riders,field,0,0,83,85,183,201,Kolkata Knight Riders,KKR,3 wickets,Varun Chakravarthy
605,2023,league,Mumbai Indians,Chennai Super Kings,MI,CSK,"M.A. Chidambaram Stadium, Chennai",Chennai,spin,Chennai Super Kings,field,0,1,88,90,186,209,Chennai Super Kings,CSK,3 wickets,Ravindra Jadeja
606,2024,league,Gujarat Titans,Punjab Kings,GT,PBKS,"Narendra Modi Stadium, Ahmedabad",Ahmedabad,balanced,Punjab Kings,field,1,0,86,75,183,147,Gujarat Titans,GT,2 wickets,Rahul Tewatia
607,2020,league,Gujarat Titans,Rajasthan Royals,GT,RR,"Sawai Mansingh Stadium, Jaipur",Jaipur,batting,Rajasthan Royals,bat,0,1,86,83,155,151,Gujarat Titans,GT,2 wickets,Rahul Tewatia
608,2019,league,Mumbai Indians,Punjab Kings,MI,PBKS,"M. Chinnaswamy Stadium, Bangalore",Bangalore,batting,Mumbai Indians,field,0,0,88,75,211,228,Punjab Kings,PBKS,32 runs,Arshdeep Singh
609,2025,league,Kolkata Knight Riders,Sunrisers Hyderabad,KKR,SRH,"Rajiv Gandhi Stadium, Hyderabad",Hyderabad,balanced,Sunrisers Hyderabad,bat,0,1,85,78,158,163,Sunrisers Hyderabad,SRH,2 wickets,Abhishek Sharma
610,2024,league,Royal Challengers Bangalore,Delhi Capitals,RCB,DC,"BRSABV Ekana Stadium, Lucknow",Lucknow,balanced,Delhi Capitals,bat,0,0,82,80,141,118,Royal Challengers Bangalore,RCB,6 wickets,Faf du Plessis
611,2019,league,Royal Challengers Bangalore,Gujarat Titans,RCB,GT,"Sawai Mansingh Stadium, Jaipur",Jaipur,batting,Royal Challengers Bangalore,bat,0,0,82,86,190,186,Royal Challengers Bangalore,RCB,39 runs,Wanindu Hasaranga
612,2021,league,Mumbai Indians,Lucknow Super Giants,MI,LSG,"Wankhede Stadium, Mumbai",Mumbai,batting,Lucknow Super Giants,field,1,0,88,81,156,145,Mumbai Indians,MI,6 wickets,Piyush Chawla
613,2026,league,Lucknow Super Giants,Punjab Kings,LSG,PBKS,"Narendra Modi Stadium, Ahmedabad",Ahmedabad,balanced,Lucknow Super Giants,field,0,0,81,75,151,163,Punjab Kings,PBKS,41 runs,Jitesh Sharma
614,2020,league,Rajasthan Royals,Delhi Capitals,RR,DC,"Rajiv Gandhi Stadium, Hyderabad",Hyderabad,balanced,Delhi Capitals,bat,0,0,83,80,123,142,Delhi Capitals,DC,2 runs,Axar Patel
615,2026,final,Punjab Kings,Lucknow Super Giants,PBKS,LSG,"IS Bindra Stadium, Mohali",Mohali,pace,Lucknow Super Giants,bat,1,0,75,81,149,106,Punjab Kings,PBKS,24 runs,Shikhar Dhawan
616,2022,league,Punjab Kings,Delhi Capitals,PBKS,DC,"Arun Jaitley Stadium, Delhi",Delhi,balanced,Punjab Kings,field,0,1,75,80,142,107,Punjab Kings,PBKS,20 runs,Kagiso Rabada
617,2019,league,Lucknow Super Giants,Mumbai Indians,LSG,MI,"Wankhede Stadium, Mumbai",Mumbai,batting,Lucknow Super Giants,field,0,1,81,88,174,192,Mumbai Indians,MI,3 wickets,Suryakumar Yadav
618,2022,league,Chennai Super Kings,Kolkata Knight Riders,CSK,KKR,"M.A. Chidambaram Stadium, Chennai",Chennai,spin,Chennai Super Kings,field,1,0,90,85,203,197,Chennai Super Kings,CSK,9 runs,Ravindra Jadeja
619,2021,league,Gujarat Titans,Sunrisers Hyderabad,GT,SRH,"Narendra Modi Stadium, Ahmedabad",Ahmedabad,balanced,Sunrisers Hyderabad,bat,1,0,86,78,104,115,Sunrisers Hyderabad,SRH,1 wickets,Aiden Markram
620,2022,playoff,Mumbai Indians,Sunrisers Hyderabad,MI,SRH,"BRSABV Ekana Stadium, Lucknow",Lucknow,balanced,Mumbai Indians,field,0,0,88,78,132,128,Mumbai Indians,MI,45 runs,Suryakumar Yadav
621,2018,league,Punjab Kings,Chennai Super Kings,PBKS,CSK,"IS Bindra Stadium, Mohali",Mohali,pace,Chennai Super Kings,field,1,0,75,90,127,150,Chennai Super Kings,CSK,18 runs,Ravindra Jadeja
622,2025,league,Kolkata Knight Riders,Delhi Capitals,KKR,DC,"Eden Gardens, Kolkata",Kolkata,balanced,Delhi Capitals,bat,1,0,85,80,178,161,Kolkata Knight Riders,KKR,41 runs,Shreyas Iyer
623,2026,league,Punjab Kings,Royal Challengers Bangalore,PBKS,RCB,"IS Bindra Stadium, Mohali",Mohali,pace,Punjab Kings,field,1,0,75,82,214,175,Punjab Kings,PBKS,4 wickets,Arshdeep Singh
624,2019,league,Gujarat Titans,Lucknow Super Giants,GT,LSG,"Narendra Modi Stadium, Ahmedabad",Ahmedabad,balanced,Gujarat Titans,field,1,0,86,81,138,101,Gujarat Titans,GT,2 wickets,Rahul Tewatia
625,2026,league,Lucknow Super Giants,Chennai Super Kings,LSG,CSK,"BRSABV Ekana Stadium, Lucknow",Lucknow,balanced,Lucknow Super Giants,field,1,0,81,90,197,221,Chennai Super Kings,CSK,1 wickets,Devon Conway
626,2023,league,Lucknow Super Giants,Gujarat Titans,LSG,GT,"Narendra Modi Stadium, Ahmedabad",Ahmedabad,balanced,Lucknow Super Giants,field,0,1,81,86,121,127,Gujarat Titans,GT,46 runs,Rashid Khan
627,2018,league,Kolkata Knight Riders,Chennai Super Kings,KKR,CSK,"Eden Gardens, Kolkata",Kolkata,balanced,Kolkata Knight Riders,bat,1,0,85,90,164,171,Chennai Super Kings,CSK,12 runs,Ravindra Jadeja
628,2023,league,Punjab Kings,Gujarat Titans,PBKS,GT,"Narendra Modi Stadium, Ahmedabad",Ahmedabad,balanced,Punjab Kings,field,0,1,75,86,147,153,Gujarat Titans,GT,4 wickets,Rahul Tewatia
629,2020,league,Delhi Capitals,Sunrisers Hyderabad,DC,SRH,"M. Chinnaswamy Stadium, Bangalore",Bangalore,batting,Sunrisers Hyderabad,bat,0,0,80,78,194,208,Sunrisers Hyderabad,SRH,9 runs,Travis Head
630,2024,final,Lucknow Super Giants,Chennai Super Kings,LSG,CSK,"BRSABV Ekana Stadium, Lucknow",Lucknow,balanced,Chennai Super Kings,field,1,0,81,90,195,205,Chennai Super Kings,CSK,48 runs,Ravindra Jadeja
631,2020,league,Rajasthan Royals,Gujarat Titans,RR,GT,"Sawai Mansingh Stadium, Jaipur",Jaipur,batting,Gujarat Titans,bat,1,0,83,86,208,227,Gujarat Titans,GT,5 wickets,Rashid Khan
632,2021,league,Royal Challengers Bangalore,Lucknow Super Giants,RCB,LSG,"Wankhede Stadium, Mumbai",Mumbai,batting,Royal Challengers Bangalore,bat,0,0,82,81,183,177,Royal Challengers Bangalore,RCB,12 runs,Faf du Plessis
633,2023,league,Rajasthan Royals,Mumbai Indians,RR,MI,"Eden Gardens, Kolkata",Kolkata,balanced,Rajasthan Royals,bat,0,0,83,88,175,182,Mumbai Indians,MI,25 runs,Suryakumar Yadav
634,2021,league,Punjab Kings,Rajasthan Royals,PBKS,RR,"Sawai Mansingh Stadium, Jaipur",Jaipur,batting,Punjab Kings,field,0,1,75,83,153,128,Punjab Kings,PBKS,36 runs,Shikhar Dhawan
635,2021,league,Lucknow Super Giants,Royal Challengers Bangalore,LSG,RCB,"M. Chinnaswamy Stadium, Bangalore",Bangalore,batting,Lucknow Super Giants,bat,0,1,81,82,147,127,Lucknow Super Giants,LSG,3 wickets,Quinton de Kock
636,2020,playoff,Royal Challengers Bangalore,Delhi Capitals,RCB,DC,"Arun Jaitley Stadium, Delhi",Delhi,balanced,Delhi Capitals,field,0,1,82,80,188,174,Royal Challengers Bangalore,RCB,45 runs,Faf du Plessis
637,2023,playoff,Lucknow Super Giants,Punjab Kings,LSG,PBKS,"BRSABV Ekana Stadium, Lucknow",Lucknow,balanced,Punjab Kings,bat,1,0,81,75,187,195,Punjab Kings,PBKS,43 runs,Liam Livingstone
638,2021,league,Punjab Kings,Gujarat Titans,PBKS,GT,"Narendra Modi Stadium, Ahmedabad",Ahmedabad,balanced,Gujarat Titans,field,0,1,75,86,168,179,Gujarat Titans,GT,43 runs,Rahul Tewatia
639,2024,final,Gujarat Titans,Lucknow Super Giants,GT,LSG,"M.A. Chidambaram Stadium, Chennai",Chennai,spin,Gujarat Titans,field,0,0,86,81,159,188,Lucknow Super Giants,LSG,11 runs,Marcus Stoinis
640,2025,league,Gujarat Titans,Lucknow Super Giants,GT,LSG,"Narendra Modi Stadium, Ahmedabad",Ahmedabad,balanced,Lucknow Super Giants,bat,1,0,86,81,163,152,Gujarat Titans,GT,5 wickets,Wriddhiman Saha
641,2020,league,Kolkata Knight Riders,Sunrisers Hyderabad,KKR,SRH,"Eden Gardens, Kolkata",Kolkata,balanced,Kolkata Knight Riders,field,1,0,85,78,221,248,Sunrisers Hyderabad,SRH,28 runs,Heinrich Klaasen
642,2018,league,Sunrisers Hyderabad,Gujarat Titans,SRH,GT,"M. Chinnaswamy Stadium, Bangalore",Bangalore,batting,Sunrisers Hyderabad,field,0,0,78,86,229,246,Gujarat Titans,GT,5 wickets,Mohammed Shami
643,2024,league,Mumbai Indians,Punjab Kings,MI,PBKS,"Rajiv Gandhi Stadium, Hyderabad",Hyderabad,balanced,Punjab Kings,field,0,0,88,75,149,130,Mumbai Indians,MI,5 wickets,Tilak Varma
644,2019,league,Punjab Kings,Rajasthan Royals,PBKS,RR,"Rajiv Gandhi Stadium, Hyderabad",Hyderabad,balanced,Punjab Kings,bat,0,0,75,83,223,233,Rajasthan Royals,RR,6 wickets,Yashasvi Jaiswal
645,2025,league,Gujarat Titans,Chennai Super Kings,GT,CSK,"M.A. Chidambaram Stadium, Chennai",Chennai,spin,Gujarat Titans,field,0,1,86,90,186,146,Gujarat Titans,GT,4 wickets,Mohammed Shami
646,2023,league,Lucknow Super Giants,Delhi Capitals,LSG,DC,"Arun Jaitley Stadium, Delhi",Delhi,balanced,Delhi Capitals,field,0,1,81,80,160,172,Delhi Capitals,DC,21 runs,Kuldeep Yadav
647,2020,league,Chennai Super Kings,Rajasthan Royals,CSK,RR,"M.A. Chidambaram Stadium, Chennai",Chennai,spin,Rajasthan Royals,bat,1,0,90,83,269,261,Chennai Super Kings,CSK,24 runs,Ravindra Jadeja
648,2023,league,Lucknow Super Giants,Sunrisers Hyderabad,LSG,SRH,"BRSABV Ekana Stadium, Lucknow",Lucknow,balanced,Sunrisers Hyderabad,field,1,0,81,78,233,201,Lucknow Super Giants,LSG,7 wickets,Mark Wood
649,2022,league,Punjab Kings,Delhi Capitals,PBKS,DC,"IS Bindra Stadium, Mohali",Mohali,pace,Delhi Capitals,bat,1,0,75,80,136,106,Punjab Kings,PBKS,2 wickets,Liam Livingstone
650,2022,league,Mumbai Indians,Delhi Capitals,MI,DC,"BRSABV Ekana Stadium, Lucknow",Lucknow,balanced,Delhi Capitals,bat,0,0,88,80,178,192,Delhi Capitals,DC,4 wickets,Rishabh Pant
651,2026,league,Chennai Super Kings,Delhi Capitals,CSK,DC,"M.A. Chidambaram Stadium, Chennai",Chennai,spin,Delhi Capitals,field,1,0,90,80,180,145,Chennai Super Kings,CSK,1 wickets,MS Dhoni
652,2023,league,Gujarat Titans,Mumbai Indians,GT,MI,"Wankhede Stadium, Mumbai",Mumbai,batting,Gujarat Titans,field,0,1,86,88,201,168,Gujarat Titans,GT,42 runs,David Miller
653,2025,league,Delhi Capitals,Royal Challengers Bangalore,DC,RCB,"Eden Gardens, Kolkata",Kolkata,balanced,Royal Challengers Bangalore,bat,0,0,80,82,144,159,Royal Challengers Bangalore,RCB,1 wickets,Rajat Patidar
654,2022,playoff,Royal Challengers Bangalore,Lucknow Super Giants,RCB,LSG,"M. Chinnaswamy Stadium, Bangalore",Bangalore,batting,Lucknow Super Giants,field,1,0,82,81,195,157,Royal Challengers Bangalore,RCB,4 runs,Dinesh Karthik
655,2019,league,Rajasthan Royals,Delhi Capitals,RR,DC,"M. Chinnaswamy Stadium, Bangalore",Bangalore,batting,Rajasthan Royals,field,0,0,83,80,153,118,Rajasthan Royals,RR,27 runs,Jos Buttler
656,2020,league,Rajasthan Royals,Punjab Kings,RR,PBKS,"IS Bindra Stadium, Mohali",Mohali,pace,Punjab Kings,field,0,1,83,75,132,92,Rajasthan Royals,RR,42 runs,Sanju Samson
657,2019,league,Royal Challengers Bangalore,Rajasthan Royals,RCB,RR,"M. Chinnaswamy Stadium, Bangalore",Bangalore,batting,Royal Challengers Bangalore,bat,1,0,82,83,233,204,Royal Challengers Bangalore,RCB,6 wickets,Glenn Maxwell
658,2026,league,Lucknow Super Giants,Sunrisers Hyderabad,LSG,SRH,"Rajiv Gandhi Stadium, Hyderabad",Hyderabad,balanced,Sunrisers Hyderabad,field,0,1,81,78,207,166,Lucknow Super Giants,LSG,1 wickets,Mark Wood
659,2019,league,Chennai Super Kings,Delhi Capitals,CSK,DC,"Arun Jaitley Stadium, Delhi",Delhi,balanced,Delhi Capitals,field,0,1,90,80,163,132,Chennai Super Kings,CSK,7 wickets,Ruturaj Gaikwad
660,2023,league,Delhi Capitals,Gujarat Titans,DC,GT,"Narendra Modi Stadium, Ahmedabad",Ahmedabad,balanced,Delhi Capitals,bat,0,1,80,86,146,161,Gujarat Titans,GT,22 runs,Rahul Tewatia
661,2022,league,Chennai Super Kings,Gujarat Titans,CSK,GT,"Narendra Modi Stadium, Ahmedabad",Ahmedabad,balanced,Gujarat Titans,field,0,1,90,86,220,239,Gujarat Titans,GT,35 runs,Shubman Gill
662,2026,league,Rajasthan Royals,Kolkata Knight Riders,RR,KKR,"Sawai Mansingh Stadium, Jaipur",Jaipur,batting,Kolkata Knight Riders,field,1,0,83,85,93,80,Rajasthan Royals,RR,43 runs,Yuzvendra Chahal
663,2022,league,Royal Challengers Bangalore,Kolkata Knight Riders,RCB,KKR,"Eden Gardens, Kolkata",Kolkata,balanced,Kolkata Knight Riders,field,0,1,82,85,158,125,Royal Challengers Bangalore,RCB,7 wickets,Virat Kohli
664,2026,league,Sunrisers Hyderabad,Gujarat Titans,SRH,GT,"M.A. Chidambaram Stadium, Chennai",Chennai,spin,Sunrisers Hyderabad,field,0,0,78,86,165,170,Gujarat Titans,GT,2 wickets,Rahul Tewatia
665,2024,league,Mumbai Indians,Sunrisers Hyderabad,MI,SRH,"Wankhede Stadium, Mumbai",Mumbai,batting,Mumbai Indians,field,1,0,88,78,172,139,Mumbai Indians,MI,4 wickets,Jasprit Bumrah
666,2022,league,Kolkata Knight Riders,Delhi Capitals,KKR,DC,"Arun Jaitley Stadium, Delhi",Delhi,balanced,Kolkata Knight Riders,field,0,1,85,80,172,189,Delhi Capitals,DC,4 wickets,Anrich Nortje
667,2018,league,Mumbai Indians,Sunrisers Hyderabad,MI,SRH,"Wankhede Stadium, Mumbai",Mumbai,batting,Sunrisers Hyderabad,field,1,0,88,78,140,151,Sunrisers Hyderabad,SRH,5 wickets,Heinrich Klaasen
668,2024,league,Kolkata Knight Riders,Mumbai Indians,KKR,MI,"Eden Gardens, Kolkata",Kolkata,balanced,Mumbai Indians,field,1,0,85,88,168,184,Mumbai Indians,MI,7 wickets,Ishan Kishan
669,2020,league,Gujarat Titans,Punjab Kings,GT,PBKS,"Narendra Modi Stadium, Ahmedabad",Ahmedabad,balanced,Punjab Kings,field,1,0,86,75,212,181,Gujarat Titans,GT,38 runs,David Miller
670,2020,league,Rajasthan Royals,Punjab Kings,RR,PBKS,"IS Bindra Stadium, Mohali",Mohali,pace,Punjab Kings,field,0,1,83,75,184,200,Punjab Kings,PBKS,7 wickets,Shikhar Dhawan
671,2022,league,Royal Challengers Bangalore,Punjab Kings,RCB,PBKS,"M. Chinnaswamy Stadium, Bangalore",Bangalore,batting,Punjab Kings,field,1,0,82,75,167,130,Royal Challengers Bangalore,RCB,40 runs,Faf du Plessis
672,2025,league,Mumbai Indians,Chennai Super Kings,MI,CSK,"M.A. Chidambaram Stadium, Chennai",Chennai,spin,Chennai Super Kings,bat,0,1,88,90,174,203,Chennai Super Kings,CSK,2 wickets,Shivam Dube
673,2022,league,Rajasthan Royals,Royal Challengers Bangalore,RR,RCB,"Eden Gardens, Kolkata",Kolkata,balanced,Royal Challengers Bangalore,field,0,0,83,82,208,212,Royal Challengers Bangalore,RCB,4 runs,Wanindu Hasaranga
674,2018,league,Lucknow Super Giants,Kolkata Knight Riders,LSG,KKR,"Eden Gardens, Kolkata",Kolkata,balanced,Kolkata Knight Riders,field,0,1,81,85,176,166,Lucknow Super Giants,LSG,3 wickets,Marcus Stoinis
675,2026,league,Lucknow Super Giants,Kolkata Knight Riders,LSG,KKR,"Arun Jaitley Stadium, Delhi",Delhi,balanced,Lucknow Super Giants,field,0,0,81,85,167,190,Kolkata Knight Riders,KKR,2 wickets,Andre Russell
676,2019,league,Rajasthan Royals,Gujarat Titans,RR,GT,"Narendra Modi Stadium, Ahmedabad",Ahmedabad,balanced,Rajasthan Royals,field,0,1,83,86,191,199,Gujarat Titans,GT,3 wickets,Hardik Pandya
677,2018,league,Punjab Kings,Kolkata Knight Riders,PBKS,KKR,"IS Bindra Stadium, Mohali",Mohali,pace,Punjab Kings,field,1,0,75,85,183,190,Kolkata Knight Riders,KKR,8 runs,Sunil Narine
678,2024,league,Chennai Super Kings,Punjab Kings,CSK,PBKS,"Sawai Mansingh Stadium, Jaipur",Jaipur,batting,Chennai Super Kings,bat,0,0,90,75,156,138,Chennai Super Kings,CSK,5 wickets,Ravindra Jadeja
679,2021,league,Sunrisers Hyderabad,Delhi Capitals,SRH,DC,"Rajiv Gandhi Stadium, Hyderabad",Hyderabad,balanced,Delhi Capitals,field,1,0,78,80,121,123,Delhi Capitals,DC,37 runs,Kuldeep Yadav
680,2021,league,Rajasthan Royals,Chennai Super Kings,RR,CSK,"Sawai Mansingh Stadium, Jaipur",Jaipur,batting,Rajasthan Royals,bat,1,0,83,90,155,180,Chennai Super Kings,CSK,26 runs,Ruturaj Gaikwad
681,2018,league,Kolkata Knight Riders,Royal Challengers Bangalore,KKR,RCB,"Wankhede Stadium, Mumbai",Mumbai,batting,Royal Challengers Bangalore,field,0,0,85,82,202,179,Kolkata Knight Riders,KKR,3 wickets,Varun Chakravarthy
682,2019,league,Delhi Capitals,Mumbai Indians,DC,MI,"Sawai Mansingh Stadium, Jaipur",Jaipur,batting,Mumbai Indians,field,0,0,80,88,192,173,Delhi Capitals,DC,20 runs,Jake Fraser-McGurk
683,2019,league,Sunrisers Hyderabad,Delhi Capitals,SRH,DC,"Rajiv Gandhi Stadium, Hyderabad",Hyderabad,balanced,Delhi Capitals,field,1,0,78,80,196,159,Sunrisers Hyderabad,SRH,2 wickets,Aiden Markram
684,2022,league,Mumbai Indians,Punjab Kings,MI,PBKS,"IS Bindra Stadium, Mohali",Mohali,pace,Punjab Kings,field,0,1,88,75,124,93,Mumbai Indians,MI,32 runs,Tim David
685,2018,league,Punjab Kings,Kolkata Knight Riders,PBKS,KKR,"Eden Gardens, Kolkata",Kolkata,balanced,Punjab Kings,bat,0,1,75,85,242,263,Kolkata Knight Riders,KKR,27 runs,Andre Russell
686,2018,league,Rajasthan Royals,Kolkata Knight Riders,RR,KKR,"Eden Gardens, Kolkata",Kolkata,balanced,Kolkata Knight Riders,field,0,1,83,85,211,223,Kolkata Knight Riders,KKR,38 runs,Venkatesh Iyer
687,2020,final,Rajasthan Royals,Chennai Super Kings,RR,CSK,"Sawai Mansingh Stadium, Jaipur",Jaipur,batting,Chennai Super Kings,bat,1,0,83,90,196,218,Chennai Super Kings,CSK,4 wickets,Deepak Chahar
688,2025,playoff,Punjab Kings,Royal Challengers Bangalore,PBKS,RCB,"M. Chinnaswamy Stadium, Bangalore",Bangalore,batting,Royal Challengers Bangalore,field,0,1,75,82,169,191,Royal Challengers Bangalore,RCB,19 runs,Mohammed Siraj
689,2026,league,Lucknow Super Giants,Delhi Capitals,LSG,DC,"BRSABV Ekana Stadium, Lucknow",Lucknow,balanced,Delhi Capitals,field,1,0,81,80,146,139,Lucknow Super Giants,LSG,18 runs,KL Rahul
690,2022,league,Lucknow Super Giants,Chennai Super Kings,LSG,CSK,"Arun Jaitley Stadium, Delhi",Delhi,balanced,Chennai Super Kings,bat,0,0,81,90,187,211,Chennai Super Kings,CSK,44 runs,Ravindra Jadeja
691,2020,league,Mumbai Indians,Punjab Kings,MI,PBKS,"Wankhede Stadium, Mumbai",Mumbai,batting,Mumbai Indians,field,1,0,88,75,206,233,Punjab Kings,PBKS,1 wickets,Jitesh Sharma
692,2022,league,Sunrisers Hyderabad,Punjab Kings,SRH,PBKS,"IS Bindra Stadium, Mohali",Mohali,pace,Sunrisers Hyderabad,field,0,1,78,75,177,198,Punjab Kings,PBKS,5 wickets,Liam Livingstone
693,2022,league,Mumbai Indians,Chennai Super Kings,MI,CSK,"Wankhede Stadium, Mumbai",Mumbai,batting,Chennai Super Kings,field,1,0,88,90,175,198,Chennai Super Kings,CSK,23 runs,Ravindra Jadeja
694,2018,league,Sunrisers Hyderabad,Kolkata Knight Riders,SRH,KKR,"Rajiv Gandhi Stadium, Hyderabad",Hyderabad,balanced,Kolkata Knight Riders,field,1,0,78,85,218,190,Sunrisers Hyderabad,SRH,7 wickets,Travis Head
695,2023,league,Chennai Super Kings,Mumbai Indians,CSK,MI,"M.A. Chidambaram Stadium, Chennai",Chennai,spin,Chennai Super Kings,field,1,0,90,88,174,180,Mumbai Indians,MI,14 runs,Tim David
696,2022,league,Punjab Kings,Kolkata Knight Riders,PBKS,KKR,"Eden Gardens, Kolkata",Kolkata,balanced,Kolkata Knight Riders,field,0,1,75,85,160,187,Kolkata Knight Riders,KKR,2 wickets,Rinku Singh
697,2022,league,Royal Challengers Bangalore,Delhi Capitals,RCB,DC,"Arun Jaitley Stadium, Delhi",Delhi,balanced,Delhi Capitals,field,0,1,82,80,147,164,Delhi Capitals,DC,40 runs,Rishabh Pant
698,2024,league,Royal Challengers Bangalore,Rajasthan Royals,RCB,RR,"M. Chinnaswamy Stadium, Bangalore",Bangalore,batting,Royal Challengers Bangalore,field,1,0,82,83,186,161,Royal Challengers Bangalore,RCB,4 wickets,Mohammed Siraj
699,2025,league,Mumbai Indians,Royal Challengers Bangalore,MI,RCB,"BRSABV Ekana Stadium, Lucknow",Lucknow,balanced,Mumbai Indians,field,0,0,88,82,200,187,Mumbai Indians,MI,4 wickets,Tim David
700,2023,league,Gujarat Titans,Kolkata Knight Riders,GT,KKR,"Narendra Modi Stadium, Ahmedabad",Ahmedabad,balanced,Gujarat Titans,field,1,0,86,85,140,159,Kolkata Knight Riders,KKR,7 wickets,Rinku Singh
701,2018,league,Delhi Capitals,Sunrisers Hyderabad,DC,SRH,"BRSABV Ekana Stadium, Lucknow",Lucknow,balanced,Sunrisers Hyderabad,field,0,0,80,78,180,138,Delhi Capitals,DC,17 runs,Axar Patel
702,2021,league,Kolkata Knight Riders,Punjab Kings,KKR,PBKS,"M.A. Chidambaram Stadium, Chennai",Chennai,spin,Kolkata Knight Riders,field,0,0,85,75,128,153,Punjab Kings,PBKS,18 runs,Arshdeep Singh
703,2025,league,Lucknow Super Giants,Sunrisers Hyderabad,LSG,SRH,"BRSABV Ekana Stadium, Lucknow",Lucknow,balanced,Sunrisers Hyderabad,bat,1,0,81,78,143,120,Lucknow Super Giants,LSG,13 runs,Quinton de Kock
704,2022,league,Sunrisers Hyderabad,Rajasthan Royals,SRH,RR,"Arun Jaitley Stadium, Delhi",Delhi,balanced,Rajasthan Royals,field,0,0,78,83,139,168,Rajasthan Royals,RR,1 wickets,Shimron Hetmyer
705,2019,league,Rajasthan Royals,Chennai Super Kings,RR,CSK,"Sawai Mansingh Stadium, Jaipur",Jaipur,batting,Chennai Super Kings,bat,1,0,83,90,200,158,Rajasthan Royals,RR,6 wickets,Riyan Parag
706,2020,league,Lucknow Super Giants,Sunrisers Hyderabad,LSG,SRH,"BRSABV Ekana Stadium, Lucknow",Lucknow,balanced,Sunrisers Hyderabad,field,1,0,81,78,200,192,Lucknow Super Giants,LSG,48 runs,Ravi Bishnoi
707,2023,league,Mumbai Indians,Chennai Super Kings,MI,CSK,"M.A. Chidambaram Stadium, Chennai",Chennai,spin,Chennai Super Kings,field,0,1,88,90,173,141,Mumbai Indians,MI,39 runs,Tilak Varma
708,2023,league,Punjab Kings,Delhi Capitals,PBKS,DC,"Arun Jaitley Stadium, Delhi",Delhi,balanced,Delhi Capitals,field,0,1,75,80,164,155,Punjab Kings,PBKS,30 runs,Kagiso Rabada
709,2021,league,Royal Challengers Bangalore,Gujarat Titans,RCB,GT,"Narendra Modi Stadium, Ahmedabad",Ahmedabad,balanced,Gujarat Titans,bat,0,1,82,86,154,161,Gujarat Titans,GT,5 wickets,Wriddhiman Saha
710,2022,league,Delhi Capitals,Sunrisers Hyderabad,DC,SRH,"Arun Jaitley Stadium, Delhi",Delhi,balanced,Delhi Capitals,field,1,0,80,78,134,108,Delhi Capitals,DC,42 runs,Kuldeep Yadav
711,2022,league,Royal Challengers Bangalore,Mumbai Indians,RCB,MI,"Wankhede Stadium, Mumbai",Mumbai,batting,Mumbai Indians,field,0,1,82,88,215,209,Royal Challengers Bangalore,RCB,5 wickets,Rajat Patidar
712,2018,league,Mumbai Indians,Rajasthan Royals,MI,RR,"Wankhede Stadium, Mumbai",Mumbai,batting,Rajasthan Royals,field,1,0,88,83,189,172,Mumbai Indians,MI,26 runs,Rohit Sharma
713,2020,league,Sunrisers Hyderabad,Mumbai Indians,SRH,MI,"Rajiv Gandhi Stadium, Hyderabad",Hyderabad,balanced,Sunrisers Hyderabad,field,1,0,78,88,196,189,Sunrisers Hyderabad,SRH,7 wickets,T Natarajan
714,2021,league,Sunrisers Hyderabad,Rajasthan Royals,SRH,RR,"Rajiv Gandhi Stadium, Hyderabad",Hyderabad,balanced,Sunrisers Hyderabad,field,1,0,78,83,180,158,Sunrisers Hyderabad,SRH,2 wickets,Travis Head
715,2023,league,Sunrisers Hyderabad,Royal Challengers Bangalore,SRH,RCB,"Rajiv Gandhi Stadium, Hyderabad",Hyderabad,balanced,Sunrisers Hyderabad,field,1,0,78,82,144,120,Sunrisers Hyderabad,SRH,4 wickets,Aiden Markram
716,2019,playoff,Kolkata Knight Riders,Delhi Capitals,KKR,DC,"M. Chinnaswamy Stadium, Bangalore",Bangalore,batting,Kolkata Knight Riders,field,0,0,85,80,183,188,Delhi Capitals,DC,1 wickets,Axar Patel
717,2018,league,Chennai Super Kings,Mumbai Indians,CSK,MI,"Wankhede Stadium, Mumbai",Mumbai,batting,Chennai Super Kings,field,0,1,90,88,200,175,Chennai Super Kings,CSK,14 runs,Ruturaj Gaikwad
718,2018,league,Lucknow Super Giants,Sunrisers Hyderabad,LSG,SRH,"BRSABV Ekana Stadium, Lucknow",Lucknow,balanced,Lucknow Super Giants,bat,1,0,81,78,221,232,Sunrisers Hyderabad,SRH,21 runs,Bhuvneshwar Kumar
719,2022,league,Delhi Capitals,Chennai Super Kings,DC,CSK,"M.A. Chidambaram Stadium, Chennai",Chennai,spin,Chennai Super Kings,bat,0,1,80,90,146,160,Chennai Super Kings,CSK,19 runs,Ravindra Jadeja
720,2025,final,Punjab Kings,Delhi Capitals,PBKS,DC,"Sawai Mansingh Stadium, Jaipur",Jaipur,batting,Punjab Kings,bat,0,0,75,80,193,220,Delhi Capitals,DC,7 wickets,Anrich Nortje
721,2018,league,Mumbai Indians,Punjab Kings,MI,PBKS,"Wankhede Stadium, Mumbai",Mumbai,batting,Punjab Kings,field,1,0,88,75,187,165,Mumbai Indians,MI,5 wickets,Jasprit Bumrah
722,2025,league,Sunrisers Hyderabad,Gujarat Titans,SRH,GT,"Narendra Modi Stadium, Ahmedabad",Ahmedabad,balanced,Sunrisers Hyderabad,field,0,1,78,86,147,160,Gujarat Titans,GT,7 wickets,David Miller
723,2021,league,Royal Challengers Bangalore,Chennai Super Kings,RCB,CSK,"M. Chinnaswamy Stadium, Bangalore",Bangalore,batting,Royal Challengers Bangalore,bat,1,0,82,90,139,140,Chennai Super Kings,CSK,35 runs,Ravindra Jadeja
724,2025,league,Gujarat Titans,Punjab Kings,GT,PBKS,"IS Bindra Stadium, Mohali",Mohali,pace,Gujarat Titans,field,0,1,86,75,159,129,Gujarat Titans,GT,5 wickets,Rahul Tewatia
725,2020,league,Chennai Super Kings,Lucknow Super Giants,CSK,LSG,"Wankhede Stadium, Mumbai",Mumbai,batting,Chennai Super Kings,bat,0,0,90,81,222,206,Chennai Super Kings,CSK,3 wickets,Ravindra Jadeja
726,2025,league,Delhi Capitals,Mumbai Indians,DC,MI,"Wankhede Stadium, Mumbai",Mumbai,batting,Delhi Capitals,field,0,1,80,88,185,199,Mumbai Indians,MI,4 wickets,Piyush Chawla
727,2026,league,Chennai Super Kings,Royal Challengers Bangalore,CSK,RCB,"M. Chinnaswamy Stadium, Bangalore",Bangalore,batting,Royal Challengers Bangalore,bat,0,1,90,82,174,146,Chennai Super Kings,CSK,35 runs,Ravindra Jadeja
728,2024,playoff,Mumbai Indians,Royal Challengers Bangalore,MI,RCB,"Wankhede Stadium, Mumbai",Mumbai,batting,Mumbai Indians,field,1,0,88,82,176,169,Mumbai Indians,MI,5 wickets,Tim David
729,2022,league,Mumbai Indians,Sunrisers Hyderabad,MI,SRH,"Rajiv Gandhi Stadium, Hyderabad",Hyderabad,balanced,Sunrisers Hyderabad,bat,0,1,88,78,189,203,Sunrisers Hyderabad,SRH,3 wickets,Bhuvneshwar Kumar
730,2023,league,Gujarat Titans,Delhi Capitals,GT,DC,"Narendra Modi Stadium, Ahmedabad",Ahmedabad,balanced,Delhi Capitals,bat,1,0,86,80,205,229,Delhi Capitals,DC,10 runs,Kuldeep Yadav
731,2025,league,Rajasthan Royals,Mumbai Indians,RR,MI,"Sawai Mansingh Stadium, Jaipur",Jaipur,batting,Mumbai Indians,field,1,0,83,88,215,232,Mumbai Indians,MI,38 runs,Suryakumar Yadav
732,2025,league,Sunrisers Hyderabad,Delhi Capitals,SRH,DC,"Arun Jaitley Stadium, Delhi",Delhi,balanced,Delhi Capitals,field,0,1,78,80,223,182,Sunrisers Hyderabad,SRH,4 wickets,Heinrich Klaasen
733,2021,league,Delhi Capitals,Chennai Super Kings,DC,CSK,"M.A. Chidambaram Stadium, Chennai",Chennai,spin,Chennai Super Kings,field,0,1,80,90,188,207,Chennai Super Kings,CSK,18 runs,Deepak Chahar
734,2023,league,Rajasthan Royals,Lucknow Super Giants,RR,LSG,"Arun Jaitley Stadium, Delhi",Delhi,balanced,Lucknow Super Giants,field,0,0,83,81,189,166,Rajasthan Royals,RR,2 wickets,Trent Boult
735,2024,final,Rajasthan Royals,Mumbai Indians,RR,MI,"M.A. Chidambaram Stadium, Chennai",Chennai,spin,Rajasthan Royals,bat,0,0,83,88,204,223,Mumbai Indians,MI,22 runs,Tilak Varma
736,2019,playoff,Gujarat Titans,Delhi Capitals,GT,DC,"Sawai Mansingh Stadium, Jaipur",Jaipur,batting,Delhi Capitals,bat,0,0,86,80,158,143,Gujarat Titans,GT,11 runs,Wriddhiman Saha
737,2023,league,Punjab Kings,Royal Challengers Bangalore,PBKS,RCB,"Wankhede Stadium, Mumbai",Mumbai,batting,Punjab Kings,field,0,0,75,82,135,156,Royal Challengers Bangalore,RCB,4 wickets,Dinesh Karthik
738,2026,league,Mumbai Indians,Kolkata Knight Riders,MI,KKR,"Wankhede Stadium, Mumbai",Mumbai,batting,Mumbai Indians,bat,1,0,88,85,200,163,Mumbai Indians,MI,31 runs,Tilak Varma
739,2020,league,Chennai Super Kings,Mumbai Indians,CSK,MI,"Rajiv Gandhi Stadium, Hyderabad",Hyderabad,balanced,Mumbai Indians,field,0,0,90,88,180,147,Chennai Super Kings,CSK,2 wickets,Deepak Chahar
740,2020,league,Punjab Kings,Mumbai Indians,PBKS,MI,"Wankhede Stadium, Mumbai",Mumbai,batting,Mumbai Indians,field,0,1,75,88,216,242,Mumbai Indians,MI,3 wickets,Piyush Chawla
741,2023,final,Rajasthan Royals,Sunrisers Hyderabad,RR,SRH,"Sawai Mansingh Stadium, Jaipur",Jaipur,batting,Rajasthan Royals,bat,1,0,83,78,203,175,Rajasthan Royals,RR,23 runs,Riyan Parag
742,2025,league,Mumbai Indians,Kolkata Knight Riders,MI,KKR,"Wankhede Stadium, Mumbai",Mumbai,batting,Kolkata Knight Riders,bat,1,0,88,85,185,162,Mumbai Indians,MI,49 runs,Ishan Kishan
743,2019,league,Royal Challengers Bangalore,Kolkata Knight Riders,RCB,KKR,"M. Chinnaswamy Stadium, Bangalore",Bangalore,batting,Kolkata Knight Riders,field,1,0,82,85,215,225,Kolkata Knight Riders,KKR,7 wickets,Shreyas Iyer
744,2022,league,Kolkata Knight Riders,Sunrisers Hyderabad,KKR,SRH,"Eden Gardens, Kolkata",Kolkata,balanced,Sunrisers Hyderabad,bat,1,0,85,78,218,195,Kolkata Knight Riders,KKR,6 wickets,Venkatesh Iyer
745,2024,league,Lucknow Super Giants,Delhi Capitals,LSG,DC,"BRSABV Ekana Stadium, Lucknow",Lucknow,balanced,Lucknow Super Giants,bat,1,0,81,80,136,107,Lucknow Super Giants,LSG,30 runs,Ravi Bishnoi
746,2021,league,Mumbai Indians,Chennai Super Kings,MI,CSK,"BRSABV Ekana Stadium, Lucknow",Lucknow,balanced,Mumbai Indians,bat,0,0,88,90,171,190,Chennai Super Kings,CSK,5 wickets,Devon Conway
747,2021,league,Punjab Kings,Mumbai Indians,PBKS,MI,"Sawai Mansingh Stadium, Jaipur",Jaipur,batting,Mumbai Indians,field,0,0,75,88,192,182,Punjab Kings,PBKS,4 wickets,Kagiso Rabada
748,2025,league,Kolkata Knight Riders,Lucknow Super Giants,KKR,LSG,"Narendra Modi Stadium, Ahmedabad",Ahmedabad,balanced,Kolkata Knight Riders,bat,0,0,85,81,137,133,Kolkata Knight Riders,KKR,7 wickets,Rinku Singh
749,2020,league,Punjab Kings,Lucknow Super Giants,PBKS,LSG,"IS Bindra Stadium, Mohali",Mohali,pace,Punjab Kings,field,1,0,75,81,180,206,Lucknow Super Giants,LSG,9 runs,KL Rahul
750,2023,league,Gujarat Titans,Delhi Capitals,GT,DC,"Wankhede Stadium, Mumbai",Mumbai,batting,Gujarat Titans,field,0,0,86,80,186,165,Gujarat Titans,GT,48 runs,David Miller
751,2018,league,Rajasthan Royals,Punjab Kings,RR,PBKS,"IS Bindra Stadium, Mohali",Mohali,pace,Punjab Kings,field,0,1,83,75,181,151,Rajasthan Royals,RR,7 wickets,Yashasvi Jaiswal
752,2023,league,Gujarat Titans,Mumbai Indians,GT,MI,"Wankhede Stadium, Mumbai",Mumbai,batting,Mumbai Indians,field,0,1,86,88,191,198,Mumbai Indians,MI,13 runs,Piyush Chawla
753,2018,playoff,Chennai Super Kings,Mumbai Indians,CSK,MI,"M.A. Chidambaram Stadium, Chennai",Chennai,spin,Chennai Super Kings,bat,1,0,90,88,188,159,Chennai Super Kings,CSK,7 runs,MS Dhoni
754,2021,playoff,Mumbai Indians,Royal Challengers Bangalore,MI,RCB,"M. Chinnaswamy Stadium, Bangalore",Bangalore,batting,Mumbai Indians,field,0,1,88,82,103,80,Mumbai Indians,MI,6 wickets,Tim David
755,2025,league,Punjab Kings,Mumbai Indians,PBKS,MI,"BRSABV Ekana Stadium, Lucknow",Lucknow,balanced,Mumbai Indians,field,0,0,75,88,165,128,Punjab Kings,PBKS,4 wickets,Shikhar Dhawan
756,2018,playoff,Lucknow Super Giants,Delhi Capitals,LSG,DC,"Rajiv Gandhi Stadium, Hyderabad",Hyderabad,balanced,Delhi Capitals,bat,0,0,81,80,161,140,Lucknow Super Giants,LSG,1 wickets,Ravi Bishnoi
757,2024,league,Chennai Super Kings,Sunrisers Hyderabad,CSK,SRH,"Arun Jaitley Stadium, Delhi",Delhi,balanced,Chennai Super Kings,field,0,0,90,78,153,119,Chennai Super Kings,CSK,7 wickets,Devon Conway
758,2026,league,Sunrisers Hyderabad,Gujarat Titans,SRH,GT,"Arun Jaitley Stadium, Delhi",Delhi,balanced,Gujarat Titans,bat,0,0,78,86,145,149,Gujarat Titans,GT,2 wickets,Shubman Gill
759,2026,league,Delhi Capitals,Kolkata Knight Riders,DC,KKR,"Eden Gardens, Kolkata",Kolkata,balanced,Delhi Capitals,field,0,1,80,85,185,197,Kolkata Knight Riders,KKR,6 wickets,Varun Chakravarthy
760,2024,league,Gujarat Titans,Kolkata Knight Riders,GT,KKR,"Eden Gardens, Kolkata",Kolkata,balanced,Gujarat Titans,field,0,1,86,85,211,235,Kolkata Knight Riders,KKR,5 runs,Sunil Narine
761,2026,league,Punjab Kings,Rajasthan Royals,PBKS,RR,"Sawai Mansingh Stadium, Jaipur",Jaipur,batting,Rajasthan Royals,field,0,1,75,83,186,183,Punjab Kings,PBKS,5 wickets,Jitesh Sharma
762,2023,league,Sunrisers Hyderabad,Kolkata Knight Riders,SRH,KKR,"BRSABV Ekana Stadium, Lucknow",Lucknow,balanced,Sunrisers Hyderabad,bat,0,0,78,85,190,172,Sunrisers Hyderabad,SRH,31 runs,Aiden Markram
763,2020,league,Delhi Capitals,Sunrisers Hyderabad,DC,SRH,"Arun Jaitley Stadium, Delhi",Delhi,balanced,Sunrisers Hyderabad,field,1,0,80,78,203,221,Sunrisers Hyderabad,SRH,5 runs,T Natarajan
764,2023,league,Gujarat Titans,Royal Challengers Bangalore,GT,RCB,"Narendra Modi Stadium, Ahmedabad",Ahmedabad,balanced,Gujarat Titans,bat,1,0,86,82,161,174,Royal Challengers Bangalore,RCB,38 runs,Mohammed Siraj
765,2023,league,Gujarat Titans,Delhi Capitals,GT,DC,"M. Chinnaswamy Stadium, Bangalore",Bangalore,batting,Delhi Capitals,field,0,0,86,80,198,157,Gujarat Titans,GT,6 wickets,Rashid Khan
766,2020,league,Kolkata Knight Riders,Punjab Kings,KKR,PBKS,"BRSABV Ekana Stadium, Lucknow",Lucknow,balanced,Kolkata Knight Riders,field,0,0,85,75,208,198,Kolkata Knight Riders,KKR,9 runs,Rinku Singh
767,2026,final,Gujarat Titans,Sunrisers Hyderabad,GT,SRH,"Arun Jaitley Stadium, Delhi",Delhi,balanced,Gujarat Titans,field,0,0,86,78,200,185,Gujarat Titans,GT,6 wickets,Rahul Tewatia
768,2020,league,Mumbai Indians,Delhi Capitals,MI,DC,"Arun Jaitley Stadium, Delhi",Delhi,balanced,Delhi Capitals,field,0,1,88,80,175,187,Delhi Capitals,DC,21 runs,Tristan Stubbs
769,2025,league,Royal Challengers Bangalore,Chennai Super Kings,RCB,CSK,"M.A. Chidambaram Stadium, Chennai",Chennai,spin,Royal Challengers Bangalore,bat,0,1,82,90,204,185,Royal Challengers Bangalore,RCB,48 runs,Virat Kohli
770,2021,league,Kolkata Knight Riders,Chennai Super Kings,KKR,CSK,"Narendra Modi Stadium, Ahmedabad",Ahmedabad,balanced,Chennai Super Kings,field,0,0,85,90,214,231,Chennai Super Kings,CSK,7 wickets,Shivam Dube
771,2018,league,Rajasthan Royals,Chennai Super Kings,RR,CSK,"BRSABV Ekana Stadium, Lucknow",Lucknow,balanced,Chennai Super Kings,field,0,0,83,90,134,153,Chennai Super Kings,CSK,5 wickets,Shivam Dube
772,2021,final,Mumbai Indians,Chennai Super Kings,MI,CSK,"Sawai Mansingh Stadium, Jaipur",Jaipur,batting,Chennai Super Kings,field,0,0,88,90,189,214,Chennai Super Kings,CSK,7 wickets,Deepak Chahar
773,2023,league,Lucknow Super Giants,Chennai Super Kings,LSG,CSK,"Arun Jaitley Stadium, Delhi",Delhi,balanced,Lucknow Super Giants,field,0,0,81,90,190,196,Chennai Super Kings,CSK,41 runs,Ravindra Jadeja
774,2019,league,Chennai Super Kings,Gujarat Titans,CSK,GT,"Narendra Modi Stadium, Ahmedabad",Ahmedabad,balanced,Chennai Super Kings,bat,0,1,90,86,140,106,Chennai Super Kings,CSK,1 wickets,Shivam Dube
775,2019,league,Rajasthan Royals,Punjab Kings,RR,PBKS,"BRSABV Ekana Stadium, Lucknow",Lucknow,balanced,Punjab Kings,field,0,0,83,75,205,210,Punjab Kings,PBKS,4 wickets,Arshdeep Singh
776,2023,league,Sunrisers Hyderabad,Mumbai Indians,SRH,MI,"Wankhede Stadium, Mumbai",Mumbai,batting,Sunrisers Hyderabad,field,0,1,78,88,140,154,Mumbai Indians,MI,1 wickets,Rohit Sharma
777,2019,league,Delhi Capitals,Kolkata Knight Riders,DC,KKR,"M. Chinnaswamy Stadium, Bangalore",Bangalore,batting,Delhi Capitals,field,0,0,80,85,181,170,Delhi Capitals,DC,31 runs,Tristan Stubbs
778,2025,league,Rajasthan Royals,Delhi Capitals,RR,DC,"Arun Jaitley Stadium, Delhi",Delhi,balanced,Rajasthan Royals,field,0,1,83,80,199,213,Delhi Capitals,DC,5 wickets,Jake Fraser-McGurk
779,2025,league,Punjab Kings,Rajasthan Royals,PBKS,RR,"IS Bindra Stadium, Mohali",Mohali,pace,Punjab Kings,field,1,0,75,83,154,160,Rajasthan Royals,RR,10 runs,Jos Buttler
780,2023,league,Gujarat Titans,Sunrisers Hyderabad,GT,SRH,"Arun Jaitley Stadium, Delhi",Delhi,balanced,Sunrisers Hyderabad,field,0,0,86,78,150,178,Sunrisers Hyderabad,SRH,1 wickets,Nitish Kumar Reddy
781,2021,league,Mumbai Indians,Lucknow Super Giants,MI,LSG,"Wankhede Stadium, Mumbai",Mumbai,batting,Mumbai Indians,field,1,0,88,81,137,133,Mumbai Indians,MI,37 runs,Tim David
782,2025,league,Mumbai Indians,Rajasthan Royals,MI,RR,"Sawai Mansingh Stadium, Jaipur",Jaipur,batting,Mumbai Indians,bat,0,1,88,83,156,140,Mumbai Indians,MI,40 runs,Suryakumar Yadav
783,2018,league,Lucknow Super Giants,Chennai Super Kings,LSG,CSK,"M.A. Chidambaram Stadium, Chennai",Chennai,spin,Lucknow Super Giants,bat,0,1,81,90,183,192,Chennai Super Kings,CSK,2 runs,Ravindra Jadeja
784,2025,league,Chennai Super Kings,Gujarat Titans,CSK,GT,"IS Bindra Stadium, Mohali",Mohali,pace,Gujarat Titans,field,0,0,90,86,114,106,Chennai Super Kings,CSK,11 runs,Ravindra Jadeja
785,2026,league,Rajasthan Royals,Sunrisers Hyderabad,RR,SRH,"Wankhede Stadium, Mumbai",Mumbai,batting,Rajasthan Royals,field,0,0,83,78,192,215,Sunrisers Hyderabad,SRH,4 wickets,Bhuvneshwar Kumar
786,2026,league,Delhi Capitals,Lucknow Super Giants,DC,LSG,"Arun Jaitley Stadium, Delhi",Delhi,balanced,Delhi Capitals,field,1,0,80,81,236,253,Lucknow Super Giants,LSG,30 runs,KL Rahul
787,2024,playoff,Punjab Kings,Gujarat Titans,PBKS,GT,"Narendra Modi Stadium, Ahmedabad",Ahmedabad,balanced,Gujarat Titans,field,0,1,75,86,132,161,Gujarat Titans,GT,4 wickets,Rashid Khan
788,2019,league,Kolkata Knight Riders,Chennai Super Kings,KKR,CSK,"M.A. Chidambaram Stadium, Chennai",Chennai,spin,Kolkata Knight Riders,field,0,1,85,90,209,224,Chennai Super Kings,CSK,3 wickets,Ravindra Jadeja
789,2021,league,Chennai Super Kings,Lucknow Super Giants,CSK,LSG,"BRSABV Ekana Stadium, Lucknow",Lucknow,balanced,Lucknow Super Giants,field,0,1,90,81,179,184,Lucknow Super Giants,LSG,29 runs,Ravi Bishnoi
790,2023,playoff,Delhi Capitals,Mumbai Indians,DC,MI,"M. Chinnaswamy Stadium, Bangalore",Bangalore,batting,Delhi Capitals,field,0,0,80,88,240,233,Delhi Capitals,DC,36 runs,Jake Fraser-McGurk
791,2023,league,Royal Challengers Bangalore,Lucknow Super Giants,RCB,LSG,"M. Chinnaswamy Stadium, Bangalore",Bangalore,batting,Royal Challengers Bangalore,bat,1,0,82,81,202,159,Royal Challengers Bangalore,RCB,12 runs,Rajat Patidar
792,2021,league,Kolkata Knight Riders,Royal Challengers Bangalore,KKR,RCB,"Narendra Modi Stadium, Ahmedabad",Ahmedabad,balanced,Kolkata Knight Riders,field,0,0,85,82,183,196,Royal Challengers Bangalore,RCB,2 wickets,Faf du Plessis
793,2019,league,Delhi Capitals,Rajasthan Royals,DC,RR,"Arun Jaitley Stadium, Delhi",Delhi,balanced,Delhi Capitals,bat,1,0,80,83,195,220,Rajasthan Royals,RR,5 runs,Shimron Hetmyer
794,2023,league,Lucknow Super Giants,Kolkata Knight Riders,LSG,KKR,"Eden Gardens, Kolkata",Kolkata,balanced,Kolkata Knight Riders,bat,0,1,81,85,190,210,Kolkata Knight Riders,KKR,4 wickets,Rinku Singh
795,2026,league,Chennai Super Kings,Gujarat Titans,CSK,GT,"M.A. Chidambaram Stadium, Chennai",Chennai,spin,Gujarat Titans,field,1,0,90,86,156,183,Gujarat Titans,GT,4 wickets,Mohammed Shami
796,2020,league,Gujarat Titans,Punjab Kings,GT,PBKS,"BRSABV Ekana Stadium, Lucknow",Lucknow,balanced,Gujarat Titans,field,0,0,86,75,152,128,Gujarat Titans,GT,48 runs,Rashid Khan
797,2026,league,Kolkata Knight Riders,Punjab Kings,KKR,PBKS,"M.A. Chidambaram Stadium, Chennai",Chennai,spin,Kolkata Knight Riders,field,0,0,85,75,201,191,Kolkata Knight Riders,KKR,36 runs,Varun Chakravarthy
798,2022,league,Mumbai Indians,Royal Challengers Bangalore,MI,RCB,"Narendra Modi Stadium, Ahmedabad",Ahmedabad,balanced,Mumbai Indians,field,0,0,88,82,136,157,Royal Challengers Bangalore,RCB,2 runs,Glenn Maxwell
799,2021,league,Delhi Capitals,Chennai Super Kings,DC,CSK,"IS Bindra Stadium, Mohali",Mohali,pace,Delhi Capitals,bat,0,0,80,90,105,125,Chennai Super Kings,CSK,48 runs,Ravindra Jadeja
800,2024,league,Kolkata Knight Riders,Lucknow Super Giants,KKR,LSG,"Eden Gardens, Kolkata",Kolkata,balanced,Lucknow Super Giants,field,1,0,85,81,158,123,Kolkata Knight Riders,KKR,36 runs,Sunil Narine
801,2021,league,Gujarat Titans,Mumbai Indians,GT,MI,"Wankhede Stadium, Mumbai",Mumbai,batting,Mumbai Indians,field,0,1,86,88,191,200,Mumbai Indians,MI,6 wickets,Rohit Sharma
802,2018,league,Delhi Capitals,Mumbai Indians,DC,MI,"Arun Jaitley Stadium, Delhi",Delhi,balanced,Delhi Capitals,field,1,0,80,88,194,212,Mumbai Indians,MI,27 runs,Suryakumar Yadav
803,2022,league,Sunrisers Hyderabad,Gujarat Titans,SRH,GT,"Narendra Modi Stadium, Ahmedabad",Ahmedabad,balanced,Sunrisers Hyderabad,bat,0,1,78,86,194,214,Gujarat Titans,GT,2 runs,Hardik Pandya
804,2026,league,Delhi Capitals,Kolkata Knight Riders,DC,KKR,"Eden Gardens, Kolkata",Kolkata,balanced,Delhi Capitals,field,0,1,80,85,166,127,Delhi Capitals,DC,3 wickets,Anrich Nortje
805,2024,league,Rajasthan Royals,Mumbai Indians,RR,MI,"Rajiv Gandhi Stadium, Hyderabad",Hyderabad,balanced,Mumbai Indians,field,0,0,83,88,151,129,Rajasthan Royals,RR,3 wickets,Yuzvendra Chahal
806,2022,league,Kolkata Knight Riders,Mumbai Indians,KKR,MI,"Wankhede Stadium, Mumbai",Mumbai,batting,Kolkata Knight Riders,field,0,1,85,88,201,204,Mumbai Indians,MI,7 wickets,Rohit Sharma
807,2026,league,Sunrisers Hyderabad,Punjab Kings,SRH,PBKS,"Rajiv Gandhi Stadium, Hyderabad",Hyderabad,balanced,Sunrisers Hyderabad,field,1,0,78,75,181,162,Sunrisers Hyderabad,SRH,5 wickets,Abhishek Sharma
808,2024,final,Gujarat Titans,Royal Challengers Bangalore,GT,RCB,"Narendra Modi Stadium, Ahmedabad",Ahmedabad,balanced,Royal Challengers Bangalore,field,1,0,86,82,141,99,Gujarat Titans,GT,49 runs,Wriddhiman Saha
809,2018,league,Rajasthan Royals,Lucknow Super Giants,RR,LSG,"M. Chinnaswamy Stadium, Bangalore",Bangalore,batting,Rajasthan Royals,field,0,0,83,81,165,135,Rajasthan Royals,RR,13 runs,Riyan Parag
810,2025,league,Lucknow Super Giants,Sunrisers Hyderabad,LSG,SRH,"Eden Gardens, Kolkata",Kolkata,balanced,Sunrisers Hyderabad,field,0,0,81,78,189,206,Sunrisers Hyderabad,SRH,4 wickets,Heinrich Klaasen
811,2022,league,Gujarat Titans,Sunrisers Hyderabad,GT,SRH,"Narendra Modi Stadium, Ahmedabad",Ahmedabad,balanced,Gujarat Titans,field,1,0,86,78,207,213,Sunrisers Hyderabad,SRH,37 runs,Heinrich Klaasen
812,2020,league,Punjab Kings,Mumbai Indians,PBKS,MI,"IS Bindra Stadium, Mohali",Mohali,pace,Mumbai Indians,field,1,0,75,88,122,146,Mumbai Indians,MI,35 runs,Tim David
813,2020,league,Gujarat Titans,Kolkata Knight Riders,GT,KKR,"Eden Gardens, Kolkata",Kolkata,balanced,Gujarat Titans,field,0,1,86,85,199,165,Gujarat Titans,GT,16 runs,Shubman Gill
814,2020,league,Rajasthan Royals,Mumbai Indians,RR,MI,"Sawai Mansingh Stadium, Jaipur",Jaipur,batting,Rajasthan Royals,field,1,0,83,88,126,144,Mumbai Indians,MI,30 runs,Rohit Sharma
815,2025,league,Delhi Capitals,Chennai Super Kings,DC,CSK,"Arun Jaitley Stadium, Delhi",Delhi,balanced,Delhi Capitals,bat,1,0,80,90,145,135,Delhi Capitals,DC,25 runs,Rishabh Pant
816,2024,league,Mumbai Indians,Chennai Super Kings,MI,CSK,"Wankhede Stadium, Mumbai",Mumbai,batting,Chennai Super Kings,field,1,0,88,90,176,134,Mumbai Indians,MI,34 runs,Ishan Kishan
817,2024,league,Chennai Super Kings,Lucknow Super Giants,CSK,LSG,"BRSABV Ekana Stadium, Lucknow",Lucknow,balanced,Lucknow Super Giants,field,0,1,90,81,152,121,Chennai Super Kings,CSK,1 wickets,Ravindra Jadeja
818,2019,league,Royal Challengers Bangalore,Kolkata Knight Riders,RCB,KKR,"M. Chinnaswamy Stadium, Bangalore",Bangalore,batting,Kolkata Knight Riders,bat,1,0,82,85,223,224,Kolkata Knight Riders,KKR,46 runs,Shreyas Iyer
819,2022,league,Lucknow Super Giants,Rajasthan Royals,LSG,RR,"BRSABV Ekana Stadium, Lucknow",Lucknow,balanced,Lucknow Super Giants,field,1,0,81,83,167,185,Rajasthan Royals,RR,1 wickets,Trent Boult
820,2025,league,Gujarat Titans,Royal Challengers Bangalore,GT,RCB,"M. Chinnaswamy Stadium, Bangalore",Bangalore,batting,Gujarat Titans,bat,0,1,86,82,179,198,Royal Challengers Bangalore,RCB,18 runs,Wanindu Hasaranga
821,2021,final,Mumbai Indians,Delhi Capitals,MI,DC,"Wankhede Stadium, Mumbai",Mumbai,batting,Mumbai Indians,field,1,0,88,80,149,111,Mumbai Indians,MI,34 runs,Piyush Chawla
822,2021,league,Chennai Super Kings,Lucknow Super Giants,CSK,LSG,"Rajiv Gandhi Stadium, Hyderabad",Hyderabad,balanced,Chennai Super Kings,bat,0,0,90,81,125,107,Chennai Super Kings,CSK,2 wickets,Deepak Chahar
823,2023,league,Sunrisers Hyderabad,Delhi Capitals,SRH,DC,"Rajiv Gandhi Stadium, Hyderabad",Hyderabad,balanced,Delhi Capitals,field,1,0,78,80,216,208,Sunrisers Hyderabad,SRH,7 runs,Heinrich Klaasen
824,2024,league,Lucknow Super Giants,Chennai Super Kings,LSG,CSK,"BRSABV Ekana Stadium, Lucknow",Lucknow,balanced,Lucknow Super Giants,field,1,0,81,90,182,195,Chennai Super Kings,CSK,7 wickets,Ravindra Jadeja
825,2026,league,Gujarat Titans,Punjab Kings,GT,PBKS,"IS Bindra Stadium, Mohali",Mohali,pace,Punjab Kings,field,0,1,86,75,217,182,Gujarat Titans,GT,24 runs,David Miller
826,2020,league,Delhi Capitals,Mumbai Indians,DC,MI,"Arun Jaitley Stadium, Delhi",Delhi,balanced,Mumbai Indians,field,1,0,80,88,200,189,Delhi Capitals,DC,4 wickets,Axar Patel
827,2025,league,Gujarat Titans,Kolkata Knight Riders,GT,KKR,"Narendra Modi Stadium, Ahmedabad",Ahmedabad,balanced,Kolkata Knight Riders,bat,1,0,86,85,188,159,Gujarat Titans,GT,3 wickets,David Miller
828,2022,league,Sunrisers Hyderabad,Mumbai Indians,SRH,MI,"Rajiv Gandhi Stadium, Hyderabad",Hyderabad,balanced,Sunrisers Hyderabad,field,1,0,78,88,165,126,Sunrisers Hyderabad,SRH,44 runs,Nitish Kumar Reddy
829,2026,league,Punjab Kings,Royal Challengers Bangalore,PBKS,RCB,"Arun Jaitley Stadium, Delhi",Delhi,balanced,Royal Challengers Bangalore,bat,0,0,75,82,188,182,Punjab Kings,PBKS,4 wickets,Shikhar Dhawan
830,2020,league,Mumbai Indians,Gujarat Titans,MI,GT,"M. Chinnaswamy Stadium, Bangalore",Bangalore,batting,Gujarat Titans,field,0,0,88,86,155,179,Gujarat Titans,GT,5 wickets,Mohammed Shami
831,2025,league,Punjab Kings,Chennai Super Kings,PBKS,CSK,"IS Bindra Stadium, Mohali",Mohali,pace,Punjab Kings,bat,1,0,75,90,175,192,Chennai Super Kings,CSK,26 runs,MS Dhoni
832,2024,playoff,Royal Challengers Bangalore,Chennai Super Kings,RCB,CSK,"Arun Jaitley Stadium, Delhi",Delhi,balanced,Chennai Super Kings,field,0,0,82,90,165,179,Chennai Super Kings,CSK,3 wickets,MS Dhoni
833,2018,league,Sunrisers Hyderabad,Royal Challengers Bangalore,SRH,RCB,"M. Chinnaswamy Stadium, Bangalore",Bangalore,batting,Sunrisers Hyderabad,field,0,1,78,82,218,230,Royal Challengers Bangalore,RCB,4 wickets,Rajat Patidar
834,2020,league,Kolkata Knight Riders,Chennai Super Kings,KKR,CSK,"M.A. Chidambaram Stadium, Chennai",Chennai,spin,Chennai Super Kings,bat,0,1,85,90,170,191,Chennai Super Kings,CSK,21 runs,Devon Conway
835,2022,league,Chennai Super Kings,Royal Challengers Bangalore,CSK,RCB,"Arun Jaitley Stadium, Delhi",Delhi,balanced,Chennai Super Kings,bat,0,0,90,82,173,189,Royal Challengers Bangalore,RCB,42 runs,Rajat Patidar
836,2024,league,Rajasthan Royals,Kolkata Knight Riders,RR,KKR,"Eden Gardens, Kolkata",Kolkata,balanced,Rajasthan Royals,field,0,1,83,85,150,165,Kolkata Knight Riders,KKR,3 wickets,Venkatesh Iyer
837,2023,league,Punjab Kings,Gujarat Titans,PBKS,GT,"IS Bindra Stadium, Mohali",Mohali,pace,Punjab Kings,bat,1,0,75,86,159,152,Punjab Kings,PBKS,1 wickets,Shikhar Dhawan
838,2022,league,Gujarat Titans,Rajasthan Royals,GT,RR,"Narendra Modi Stadium, Ahmedabad",Ahmedabad,balanced,Rajasthan Royals,bat,1,0,86,83,175,188,Rajasthan Royals,RR,7 runs,Yuzvendra Chahal
839,2018,league,Punjab Kings,Lucknow Super Giants,PBKS,LSG,"Arun Jaitley Stadium, Delhi",Delhi,balanced,Lucknow Super Giants,bat,0,0,75,81,156,157,Lucknow Super Giants,LSG,20 runs,Quinton de Kock
840,2026,league,Chennai Super Kings,Punjab Kings,CSK,PBKS,"IS Bindra Stadium, Mohali",Mohali,pace,Chennai Super Kings,field,0,1,90,75,184,169,Chennai Super Kings,CSK,8 runs,Deepak Chahar
841,2018,league,Chennai Super Kings,Punjab Kings,CSK,PBKS,"IS Bindra Stadium, Mohali",Mohali,pace,Punjab Kings,field,0,1,90,75,168,185,Punjab Kings,PBKS,6 wickets,Liam Livingstone
842,2023,league,Punjab Kings,Delhi Capitals,PBKS,DC,"IS Bindra Stadium, Mohali",Mohali,pace,Delhi Capitals,bat,1,0,75,80,162,183,Delhi Capitals,DC,17 runs,Tristan Stubbs
843,2020,league,Lucknow Super Giants,Sunrisers Hyderabad,LSG,SRH,"Narendra Modi Stadium, Ahmedabad",Ahmedabad,balanced,Lucknow Super Giants,field,0,0,81,78,163,171,Sunrisers Hyderabad,SRH,1 wickets,T Natarajan
844,2023,league,Royal Challengers Bangalore,Gujarat Titans,RCB,GT,"M. Chinnaswamy Stadium, Bangalore",Bangalore,batting,Gujarat Titans,field,1,0,82,86,171,166,Royal Challengers Bangalore,RCB,4 wickets,Virat Kohli
845,2026,league,Mumbai Indians,Delhi Capitals,MI,DC,"Narendra Modi Stadium, Ahmedabad",Ahmedabad,balanced,Delhi Capitals,bat,0,0,88,80,180,151,Mumbai Indians,MI,5 wickets,Suryakumar Yadav
846,2025,league,Kolkata Knight Riders,Royal Challengers Bangalore,KKR,RCB,"M. Chinnaswamy Stadium, Bangalore",Bangalore,batting,Kolkata Knight Riders,field,0,1,85,82,211,190,Kolkata Knight Riders,KKR,36 runs,Varun Chakravarthy
847,2026,playoff,Rajasthan Royals,Delhi Capitals,RR,DC,"Rajiv Gandhi Stadium, Hyderabad",Hyderabad,balanced,Rajasthan Royals,bat,0,0,83,80,130,158,Delhi Capitals,DC,1 wickets,David Warner
848,2022,league,Rajasthan Royals,Gujarat Titans,RR,GT,"M.A. Chidambaram Stadium, Chennai",Chennai,spin,Gujarat Titans,field,0,0,83,86,200,216,Gujarat Titans,GT,26 runs,Rashid Khan
849,2019,league,Sunrisers Hyderabad,Lucknow Super Giants,SRH,LSG,"Wankhede Stadium, Mumbai",Mumbai,batting,Sunrisers Hyderabad,field,0,0,78,81,227,219,Sunrisers Hyderabad,SRH,25 runs,T Natarajan
850,2025,league,Gujarat Titans,Mumbai Indians,GT,MI,"Wankhede Stadium, Mumbai",Mumbai,batting,Mumbai Indians,field,0,1,86,88,190,176,Gujarat Titans,GT,41 runs,Shubman Gill
851,2021,league,Punjab Kings,Rajasthan Royals,PBKS,RR,"Sawai Mansingh Stadium, Jaipur",Jaipur,batting,Punjab Kings,field,0,1,75,83,159,148,Punjab Kings,PBKS,5 wickets,Kagiso Rabada
852,2019,league,Sunrisers Hyderabad,Gujarat Titans,SRH,GT,"Narendra Modi Stadium, Ahmedabad",Ahmedabad,balanced,Gujarat Titans,field,0,1,78,86,113,84,Sunrisers Hyderabad,SRH,5 wickets,Abhishek Sharma
853,2021,league,Mumbai Indians,Chennai Super Kings,MI,CSK,"Wankhede Stadium, Mumbai",Mumbai,batting,Chennai Super Kings,field,1,0,88,90,219,234,Chennai Super Kings,CSK,7 wickets,Ruturaj Gaikwad
854,2022,league,Kolkata Knight Riders,Mumbai Indians,KKR,MI,"Wankhede Stadium, Mumbai",Mumbai,batting,Kolkata Knight Riders,bat,0,1,85,88,176,156,Kolkata Knight Riders,KKR,31 runs,Venkatesh Iyer
855,2025,playoff,Rajasthan Royals,Delhi Capitals,RR,DC,"Sawai Mansingh Stadium, Jaipur",Jaipur,batting,Delhi Capitals,field,1,0,83,80,197,213,Delhi Capitals,DC,5 wickets,Kuldeep Yadav
856,2019,playoff,Sunrisers Hyderabad,Rajasthan Royals,SRH,RR,"Sawai Mansingh Stadium, Jaipur",Jaipur,batting,Rajasthan Royals,field,0,1,78,83,177,173,Sunrisers Hyderabad,SRH,7 wickets,Nitish Kumar Reddy
857,2026,league,Punjab Kings,Gujarat Titans,PBKS,GT,"Narendra Modi Stadium, Ahmedabad",Ahmedabad,balanced,Punjab Kings,field,0,1,75,86,168,192,Gujarat Titans,GT,5 wickets,Mohammed Shami
858,2023,league,Royal Challengers Bangalore,Punjab Kings,RCB,PBKS,"IS Bindra Stadium, Mohali",Mohali,pace,Royal Challengers Bangalore,field,0,1,82,75,214,195,Royal Challengers Bangalore,RCB,2 wickets,Rajat Patidar
859,2020,league,Delhi Capitals,Chennai Super Kings,DC,CSK,"Arun Jaitley Stadium, Delhi",Delhi,balanced,Delhi Capitals,field,1,0,80,90,175,140,Delhi Capitals,DC,2 wickets,Axar Patel
860,2025,final,Gujarat Titans,Delhi Capitals,GT,DC,"Narendra Modi Stadium, Ahmedabad",Ahmedabad,balanced,Delhi Capitals,field,1,0,86,80,114,119,Delhi Capitals,DC,24 runs,David Warner
861,2024,league,Sunrisers Hyderabad,Royal Challengers Bangalore,SRH,RCB,"M.A. Chidambaram Stadium, Chennai",Chennai,spin,Royal Challengers Bangalore,field,0,0,78,82,188,171,Sunrisers Hyderabad,SRH,25 runs,Travis Head
862,2021,league,Chennai Super Kings,Punjab Kings,CSK,PBKS,"IS Bindra Stadium, Mohali",Mohali,pace,Chennai Super Kings,field,0,1,90,75,160,144,Chennai Super Kings,CSK,16 runs,Shivam Dube
863,2018,league,Mumbai Indians,Sunrisers Hyderabad,MI,SRH,"Wankhede Stadium, Mumbai",Mumbai,batting,Sunrisers Hyderabad,field,1,0,88,78,183,178,Mumbai Indians,MI,7 wickets,Ishan Kishan
864,2022,playoff,Royal Challengers Bangalore,Kolkata Knight Riders,RCB,KKR,"Eden Gardens, Kolkata",Kolkata,balanced,Royal Challengers Bangalore,bat,0,1,82,85,132,95,Royal Challengers Bangalore,RCB,2 wickets,Wanindu Hasaranga
865,2023,playoff,Mumbai Indians,Lucknow Super Giants,MI,LSG,"Rajiv Gandhi Stadium, Hyderabad",Hyderabad,balanced,Mumbai Indians,field,0,0,88,81,215,193,Mumbai Indians,MI,4 wickets,Rohit Sharma
866,2024,league,Mumbai Indians,Sunrisers Hyderabad,MI,SRH,"Rajiv Gandhi Stadium, Hyderabad",Hyderabad,balanced,Mumbai Indians,field,0,1,88,78,205,162,Mumbai Indians,MI,2 runs,Jasprit Bumrah
867,2024,league,Royal Challengers Bangalore,Chennai Super Kings,RCB,CSK,"M. Chinnaswamy Stadium, Bangalore",Bangalore,batting,Chennai Super Kings,field,1,0,82,90,163,177,Chennai Super Kings,CSK,37 runs,Shivam Dube
868,2020,league,Rajasthan Royals,Lucknow Super Giants,RR,LSG,"BRSABV Ekana Stadium, Lucknow",Lucknow,balanced,Lucknow Super Giants,bat,0,1,83,81,169,145,Rajasthan Royals,RR,33 runs,Trent Boult
869,2022,playoff,Punjab Kings,Gujarat Titans,PBKS,GT,"M.A. Chidambaram Stadium, Chennai",Chennai,spin,Punjab Kings,bat,0,0,75,86,137,132,Punjab Kings,PBKS,34 runs,Arshdeep Singh
870,2022,playoff,Sunrisers Hyderabad,Kolkata Knight Riders,SRH,KKR,"Rajiv Gandhi Stadium, Hyderabad",Hyderabad,balanced,Sunrisers Hyderabad,field,1,0,78,85,186,208,Kolkata Knight Riders,KKR,2 wickets,Varun Chakravarthy
871,2023,final,Sunrisers Hyderabad,Rajasthan Royals,SRH,RR,"Sawai Mansingh Stadium, Jaipur",Jaipur,batting,Sunrisers Hyderabad,field,0,1,78,83,218,231,Rajasthan Royals,RR,6 wickets,Shimron Hetmyer
872,2018,league,Rajasthan Royals,Lucknow Super Giants,RR,LSG,"BRSABV Ekana Stadium, Lucknow",Lucknow,balanced,Lucknow Super Giants,field,0,1,83,81,118,138,Lucknow Super Giants,LSG,5 wickets,Nicholas Pooran
873,2026,league,Punjab Kings,Rajasthan Royals,PBKS,RR,"IS Bindra Stadium, Mohali",Mohali,pace,Rajasthan Royals,field,1,0,75,83,161,136,Punjab Kings,PBKS,6 wickets,Shikhar Dhawan
874,2021,league,Kolkata Knight Riders,Punjab Kings,KKR,PBKS,"Eden Gardens, Kolkata",Kolkata,balanced,Kolkata Knight Riders,field,1,0,85,75,120,112,Kolkata Knight Riders,KKR,5 runs,Varun Chakravarthy
875,2020,league,Kolkata Knight Riders,Mumbai Indians,KKR,MI,"Eden Gardens, Kolkata",Kolkata,balanced,Kolkata Knight Riders,field,1,0,85,88,198,162,Kolkata Knight Riders,KKR,18 runs,Andre Russell
876,2024,final,Punjab Kings,Gujarat Titans,PBKS,GT,"Narendra Modi Stadium, Ahmedabad",Ahmedabad,balanced,Punjab Kings,bat,0,1,75,86,206,181,Punjab Kings,PBKS,2 wickets,Sam Curran
877,2020,league,Chennai Super Kings,Kolkata Knight Riders,CSK,KKR,"M.A. Chidambaram Stadium, Chennai",Chennai,spin,Kolkata Knight Riders,bat,1,0,90,85,166,123,Chennai Super Kings,CSK,11 runs,Devon Conway
878,2018,league,Punjab Kings,Gujarat Titans,PBKS,GT,"Narendra Modi Stadium, Ahmedabad",Ahmedabad,balanced,Gujarat Titans,field,0,1,75,86,163,192,Gujarat Titans,GT,4 wickets,David Miller
879,2020,league,Royal Challengers Bangalore,Mumbai Indians,RCB,MI,"M. Chinnaswamy Stadium, Bangalore",Bangalore,batting,Mumbai Indians,field,1,0,82,88,216,208,Royal Challengers Bangalore,RCB,7 wickets,Dinesh Karthik
880,2025,final,Chennai Super Kings,Delhi Capitals,CSK,DC,"M. Chinnaswamy Stadium, Bangalore",Bangalore,batting,Delhi Capitals,field,0,0,90,80,185,158,Chennai Super Kings,CSK,4 wickets,Ravindra Jadeja
881,2024,league,Delhi Capitals,Chennai Super Kings,DC,CSK,"M.A. Chidambaram Stadium, Chennai",Chennai,spin,Delhi Capitals,field,0,1,80,90,139,140,Chennai Super Kings,CSK,4 wickets,Ravindra Jadeja
882,2019,league,Rajasthan Royals,Sunrisers Hyderabad,RR,SRH,"Sawai Mansingh Stadium, Jaipur",Jaipur,batting,Rajasthan Royals,field,1,0,83,78,180,151,Rajasthan Royals,RR,25 runs,Sanju Samson
883,2020,league,Delhi Capitals,Gujarat Titans,DC,GT,"Arun Jaitley Stadium, Delhi",Delhi,balanced,Gujarat Titans,bat,1,0,80,86,165,135,Delhi Capitals,DC,2 wickets,Anrich Nortje
884,2026,league,Royal Challengers Bangalore,Chennai Super Kings,RCB,CSK,"M. Chinnaswamy Stadium, Bangalore",Bangalore,batting,Royal Challengers Bangalore,field,1,0,82,90,244,262,Chennai Super Kings,CSK,42 runs,Devon Conway
885,2020,league,Chennai Super Kings,Delhi Capitals,CSK,DC,"Arun Jaitley Stadium, Delhi",Delhi,balanced,Delhi Capitals,field,0,1,90,80,216,240,Delhi Capitals,DC,4 wickets,Kuldeep Yadav
886,2024,league,Lucknow Super Giants,Mumbai Indians,LSG,MI,"Arun Jaitley Stadium, Delhi",Delhi,balanced,Mumbai Indians,field,0,0,81,88,214,195,Lucknow Super Giants,LSG,4 wickets,Ayush Badoni
887,2026,final,Rajasthan Royals,Delhi Capitals,RR,DC,"M.A. Chidambaram Stadium, Chennai",Chennai,spin,Rajasthan Royals,field,0,0,83,80,135,138,Delhi Capitals,DC,26 runs,Anrich Nortje
888,2018,league,Punjab Kings,Chennai Super Kings,PBKS,CSK,"M. Chinnaswamy Stadium, Bangalore",Bangalore,batting,Chennai Super Kings,field,0,0,75,90,175,163,Punjab Kings,PBKS,4 wickets,Arshdeep Singh
889,2018,league,Kolkata Knight Riders,Mumbai Indians,KKR,MI,"Wankhede Stadium, Mumbai",Mumbai,batting,Kolkata Knight Riders,bat,0,1,85,88,174,135,Kolkata Knight Riders,KKR,7 wickets,Andre Russell
890,2025,playoff,Kolkata Knight Riders,Gujarat Titans,KKR,GT,"Eden Gardens, Kolkata",Kolkata,balanced,Gujarat Titans,bat,1,0,85,86,176,187,Gujarat Titans,GT,47 runs,Shubman Gill
891,2018,final,Royal Challengers Bangalore,Kolkata Knight Riders,RCB,KKR,"Eden Gardens, Kolkata",Kolkata,balanced,Kolkata Knight Riders,field,0,1,82,85,223,219,Royal Challengers Bangalore,RCB,2 wickets,Wanindu Hasaranga
892,2023,league,Sunrisers Hyderabad,Punjab Kings,SRH,PBKS,"Rajiv Gandhi Stadium, Hyderabad",Hyderabad,balanced,Sunrisers Hyderabad,bat,1,0,78,75,111,82,Sunrisers Hyderabad,SRH,6 wickets,Aiden Markram
893,2022,league,Mumbai Indians,Chennai Super Kings,MI,CSK,"Wankhede Stadium, Mumbai",Mumbai,batting,Mumbai Indians,field,1,0,88,90,171,167,Mumbai Indians,MI,31 runs,Jasprit Bumrah
894,2021,league,Chennai Super Kings,Punjab Kings,CSK,PBKS,"Eden Gardens, Kolkata",Kolkata,balanced,Chennai Super Kings,bat,0,0,90,75,114,87,Chennai Super Kings,CSK,25 runs,Ruturaj Gaikwad
895,2019,league,Gujarat Titans,Lucknow Super Giants,GT,LSG,"BRSABV Ekana Stadium, Lucknow",Lucknow,balanced,Lucknow Super Giants,field,0,1,86,81,194,208,Lucknow Super Giants,LSG,14 runs,Marcus Stoinis
896,2018,league,Lucknow Super Giants,Gujarat Titans,LSG,GT,"BRSABV Ekana Stadium, Lucknow",Lucknow,balanced,Gujarat Titans,field,1,0,81,86,174,165,Lucknow Super Giants,LSG,19 runs,KL Rahul
897,2023,league,Mumbai Indians,Lucknow Super Giants,MI,LSG,"Eden Gardens, Kolkata",Kolkata,balanced,Mumbai Indians,field,0,0,88,81,192,211,Lucknow Super Giants,LSG,6 wickets,Quinton de Kock
898,2021,league,Kolkata Knight Riders,Gujarat Titans,KKR,GT,"Eden Gardens, Kolkata",Kolkata,balanced,Gujarat Titans,field,1,0,85,86,135,160,Gujarat Titans,GT,32 runs,Wriddhiman Saha
899,2020,league,Kolkata Knight Riders,Delhi Capitals,KKR,DC,"Rajiv Gandhi Stadium, Hyderabad",Hyderabad,balanced,Delhi Capitals,field,0,0,85,80,121,94,Kolkata Knight Riders,KKR,30 runs,Rinku Singh
900,2025,league,Kolkata Knight Riders,Delhi Capitals,KKR,DC,"Arun Jaitley Stadium, Delhi",Delhi,balanced,Kolkata Knight Riders,bat,0,1,85,80,194,221,Delhi Capitals,DC,38 runs,David Warner
901,2026,league,Mumbai Indians,Gujarat Titans,MI,GT,"Narendra Modi Stadium, Ahmedabad",Ahmedabad,balanced,Mumbai Indians,bat,0,1,88,86,160,138,Mumbai Indians,MI,1 wickets,Tilak Varma
902,2020,league,Kolkata Knight Riders,Sunrisers Hyderabad,KKR,SRH,"Eden Gardens, Kolkata",Kolkata,balanced,Kolkata Knight Riders,field,1,0,85,78,164,158,Kolkata Knight Riders,KKR,5 wickets,Venkatesh Iyer
903,2021,league,Royal Challengers Bangalore,Lucknow Super Giants,RCB,LSG,"M. Chinnaswamy Stadium, Bangalore",Bangalore,batting,Royal Challengers Bangalore,field,1,0,82,81,186,213,Lucknow Super Giants,LSG,2 wickets,Mark Wood
904,2026,league,Kolkata Knight Riders,Lucknow Super Giants,KKR,LSG,"Arun Jaitley Stadium, Delhi",Delhi,balanced,Kolkata Knight Riders,bat,0,0,85,81,172,180,Lucknow Super Giants,LSG,7 wickets,Mark Wood
905,2021,league,Sunrisers Hyderabad,Rajasthan Royals,SRH,RR,"Narendra Modi Stadium, Ahmedabad",Ahmedabad,balanced,Sunrisers Hyderabad,bat,0,0,78,83,115,111,Sunrisers Hyderabad,SRH,42 runs,Bhuvneshwar Kumar
906,2020,league,Delhi Capitals,Mumbai Indians,DC,MI,"Arun Jaitley Stadium, Delhi",Delhi,balanced,Mumbai Indians,bat,1,0,80,88,137,166,Mumbai Indians,MI,6 wickets,Tilak Varma
907,2022,league,Chennai Super Kings,Royal Challengers Bangalore,CSK,RCB,"M. Chinnaswamy Stadium, Bangalore",Bangalore,batting,Royal Challengers Bangalore,field,0,1,90,82,191,217,Royal Challengers Bangalore,RCB,2 wickets,Dinesh Karthik
908,2026,league,Delhi Capitals,Rajasthan Royals,DC,RR,"Sawai Mansingh Stadium, Jaipur",Jaipur,batting,Rajasthan Royals,field,0,1,80,83,185,144,Delhi Capitals,DC,7 wickets,Jake Fraser-McGurk
909,2025,playoff,Sunrisers Hyderabad,Lucknow Super Giants,SRH,LSG,"Wankhede Stadium, Mumbai",Mumbai,batting,Lucknow Super Giants,bat,0,0,78,81,173,192,Lucknow Super Giants,LSG,5 wickets,Quinton de Kock
910,2025,league,Royal Challengers Bangalore,Delhi Capitals,RCB,DC,"M. Chinnaswamy Stadium, Bangalore",Bangalore,batting,Royal Challengers Bangalore,field,1,0,82,80,147,111,Royal Challengers Bangalore,RCB,5 wickets,Mohammed Siraj
911,2026,league,Kolkata Knight Riders,Punjab Kings,KKR,PBKS,"M.A. Chidambaram Stadium, Chennai",Chennai,spin,Punjab Kings,bat,0,0,85,75,204,221,Punjab Kings,PBKS,4 wickets,Arshdeep Singh
912,2023,league,Punjab Kings,Gujarat Titans,PBKS,GT,"Narendra Modi Stadium, Ahmedabad",Ahmedabad,balanced,Gujarat Titans,field,0,1,75,86,111,124,Gujarat Titans,GT,7 wickets,Rashid Khan
913,2024,playoff,Royal Challengers Bangalore,Rajasthan Royals,RCB,RR,"Sawai Mansingh Stadium, Jaipur",Jaipur,batting,Rajasthan Royals,field,0,1,82,83,181,162,Royal Challengers Bangalore,RCB,49 runs,Rajat Patidar
914,2025,league,Kolkata Knight Riders,Mumbai Indians,KKR,MI,"Wankhede Stadium, Mumbai",Mumbai,batting,Kolkata Knight Riders,field,0,1,85,88,199,215,Mumbai Indians,MI,12 runs,Suryakumar Yadav
915,2025,league,Chennai Super Kings,Sunrisers Hyderabad,CSK,SRH,"Rajiv Gandhi Stadium, Hyderabad",Hyderabad,balanced,Sunrisers Hyderabad,field,0,1,90,78,159,142,Chennai Super Kings,CSK,37 runs,Ravindra Jadeja
916,2022,league,Delhi Capitals,Sunrisers Hyderabad,DC,SRH,"BRSABV Ekana Stadium, Lucknow",Lucknow,balanced,Sunrisers Hyderabad,field,0,0,80,78,138,118,Delhi Capitals,DC,17 runs,David Warner
917,2018,league,Sunrisers Hyderabad,Lucknow Super Giants,SRH,LSG,"BRSABV Ekana Stadium, Lucknow",Lucknow,balanced,Sunrisers Hyderabad,field,0,1,78,81,146,153,Lucknow Super Giants,LSG,21 runs,KL Rahul
918,2025,playoff,Rajasthan Royals,Delhi Capitals,RR,DC,"Sawai Mansingh Stadium, Jaipur",Jaipur,batting,Rajasthan Royals,field,1,0,83,80,251,225,Rajasthan Royals,RR,17 runs,Sanju Samson
919,2021,league,Sunrisers Hyderabad,Delhi Capitals,SRH,DC,"Arun Jaitley Stadium, Delhi",Delhi,balanced,Sunrisers Hyderabad,field,0,1,78,80,184,185,Delhi Capitals,DC,6 wickets,David Warner
920,2023,league,Sunrisers Hyderabad,Kolkata Knight Riders,SRH,KKR,"Eden Gardens, Kolkata",Kolkata,balanced,Sunrisers Hyderabad,bat,0,1,78,85,165,140,Sunrisers Hyderabad,SRH,1 wickets,Travis Head
921,2025,league,Sunrisers Hyderabad,Mumbai Indians,SRH,MI,"Rajiv Gandhi Stadium, Hyderabad",Hyderabad,balanced,Sunrisers Hyderabad,field,1,0,78,88,165,171,Mumbai Indians,MI,5 wickets,Ishan Kishan
922,2024,league,Royal Challengers Bangalore,Chennai Super Kings,RCB,CSK,"M. Chinnaswamy Stadium, Bangalore",Bangalore,batting,Royal Challengers Bangalore,field,1,0,82,90,135,98,Royal Challengers Bangalore,RCB,5 wickets,Faf du Plessis
923,2025,league,Lucknow Super Giants,Mumbai Indians,LSG,MI,"IS Bindra Stadium, Mohali",Mohali,pace,Lucknow Super Giants,field,0,0,81,88,187,211,Mumbai Indians,MI,17 runs,Piyush Chawla
924,2024,league,Punjab Kings,Sunrisers Hyderabad,PBKS,SRH,"Rajiv Gandhi Stadium, Hyderabad",Hyderabad,balanced,Sunrisers Hyderabad,field,0,1,75,78,104,99,Punjab Kings,PBKS,4 wickets,Kagiso Rabada
925,2025,league,Mumbai Indians,Royal Challengers Bangalore,MI,RCB,"Narendra Modi Stadium, Ahmedabad",Ahmedabad,balanced,Mumbai Indians,field,0,0,88,82,175,139,Mumbai Indians,MI,22 runs,Rohit Sharma
926,2020,league,Punjab Kings,Delhi Capitals,PBKS,DC,"IS Bindra Stadium, Mohali",Mohali,pace,Punjab Kings,bat,1,0,75,80,94,80,Punjab Kings,PBKS,1 wickets,Jonny Bairstow
927,2021,league,Chennai Super Kings,Lucknow Super Giants,CSK,LSG,"Narendra Modi Stadium, Ahmedabad",Ahmedabad,balanced,Chennai Super Kings,field,0,0,90,81,156,128,Chennai Super Kings,CSK,6 wickets,Deepak Chahar
928,2023,league,Delhi Capitals,Gujarat Titans,DC,GT,"M. Chinnaswamy Stadium, Bangalore",Bangalore,batting,Gujarat Titans,field,0,0,80,86,187,201,Gujarat Titans,GT,35 runs,David Miller
929,2026,league,Sunrisers Hyderabad,Punjab Kings,SRH,PBKS,"BRSABV Ekana Stadium, Lucknow",Lucknow,balanced,Punjab Kings,field,0,0,78,75,219,235,Punjab Kings,PBKS,47 runs,Sam Curran
930,2019,league,Royal Challengers Bangalore,Gujarat Titans,RCB,GT,"Narendra Modi Stadium, Ahmedabad",Ahmedabad,balanced,Gujarat Titans,bat,0,1,82,86,129,138,Gujarat Titans,GT,41 runs,Shubman Gill
931,2023,league,Royal Challengers Bangalore,Kolkata Knight Riders,RCB,KKR,"IS Bindra Stadium, Mohali",Mohali,pace,Royal Challengers Bangalore,field,0,0,82,85,190,209,Kolkata Knight Riders,KKR,44 runs,Rinku Singh
932,2023,league,Sunrisers Hyderabad,Lucknow Super Giants,SRH,LSG,"Rajiv Gandhi Stadium, Hyderabad",Hyderabad,balanced,Sunrisers Hyderabad,bat,1,0,78,81,181,197,Lucknow Super Giants,LSG,49 runs,Ayush Badoni
933,2020,league,Chennai Super Kings,Lucknow Super Giants,CSK,LSG,"BRSABV Ekana Stadium, Lucknow",Lucknow,balanced,Chennai Super Kings,field,0,1,90,81,119,116,Chennai Super Kings,CSK,45 runs,Deepak Chahar
934,2020,league,Delhi Capitals,Sunrisers Hyderabad,DC,SRH,"Arun Jaitley Stadium, Delhi",Delhi,balanced,Sunrisers Hyderabad,field,1,0,80,78,176,198,Sunrisers Hyderabad,SRH,1 wickets,Abhishek Sharma
935,2026,league,Royal Challengers Bangalore,Gujarat Titans,RCB,GT,"Narendra Modi Stadium, Ahmedabad",Ahmedabad,balanced,Royal Challengers Bangalore,field,0,1,82,86,148,151,Gujarat Titans,GT,6 wickets,Wriddhiman Saha
936,2024,league,Kolkata Knight Riders,Rajasthan Royals,KKR,RR,"Eden Gardens, Kolkata",Kolkata,balanced,Rajasthan Royals,field,1,0,85,83,205,234,Rajasthan Royals,RR,29 runs,Sanju Samson
937,2026,playoff,Delhi Capitals,Gujarat Titans,DC,GT,"Sawai Mansingh Stadium, Jaipur",Jaipur,batting,Delhi Capitals,field,0,0,80,86,237,214,Delhi Capitals,DC,26 runs,Axar Patel
938,2025,league,Kolkata Knight Riders,Punjab Kings,KKR,PBKS,"Arun Jaitley Stadium, Delhi",Delhi,balanced,Punjab Kings,bat,0,0,85,75,117,83,Kolkata Knight Riders,KKR,45 runs,Shreyas Iyer
939,2019,playoff,Sunrisers Hyderabad,Mumbai Indians,SRH,MI,"Arun Jaitley Stadium, Delhi",Delhi,balanced,Mumbai Indians,field,0,0,78,88,133,158,Mumbai Indians,MI,6 wickets,Suryakumar Yadav
940,2023,league,Rajasthan Royals,Delhi Capitals,RR,DC,"BRSABV Ekana Stadium, Lucknow",Lucknow,balanced,Rajasthan Royals,field,0,0,83,80,140,134,Rajasthan Royals,RR,2 wickets,Riyan Parag
941,2024,league,Royal Challengers Bangalore,Kolkata Knight Riders,RCB,KKR,"M. Chinnaswamy Stadium, Bangalore",Bangalore,batting,Kolkata Knight Riders,bat,1,0,82,85,195,162,Royal Challengers Bangalore,RCB,1 wickets,Faf du Plessis
942,2022,league,Mumbai Indians,Sunrisers Hyderabad,MI,SRH,"Rajiv Gandhi Stadium, Hyderabad",Hyderabad,balanced,Mumbai Indians,bat,0,1,88,78,131,160,Sunrisers Hyderabad,SRH,2 wickets,Abhishek Sharma
943,2021,league,Mumbai Indians,Kolkata Knight Riders,MI,KKR,"Arun Jaitley Stadium, Delhi",Delhi,balanced,Kolkata Knight Riders,bat,0,0,88,85,203,186,Mumbai Indians,MI,35 runs,Jasprit Bumrah
944,2026,league,Rajasthan Royals,Gujarat Titans,RR,GT,"Narendra Modi Stadium, Ahmedabad",Ahmedabad,balanced,Rajasthan Royals,field,0,1,83,86,192,149,Rajasthan Royals,RR,15 runs,Sanju Samson
945,2024,league,Gujarat Titans,Kolkata Knight Riders,GT,KKR,"Eden Gardens, Kolkata",Kolkata,balanced,Gujarat Titans,field,0,1,86,85,150,108,Gujarat Titans,GT,2 wickets,Rashid Khan
946,2018,playoff,Lucknow Super Giants,Kolkata Knight Riders,LSG,KKR,"BRSABV Ekana Stadium, Lucknow",Lucknow,balanced,Kolkata Knight Riders,bat,1,0,81,85,236,250,Kolkata Knight Riders,KKR,4 wickets,Venkatesh Iyer
947,2018,league,Punjab Kings,Rajasthan Royals,PBKS,RR,"Narendra Modi Stadium, Ahmedabad",Ahmedabad,balanced,Rajasthan Royals,bat,0,0,75,83,217,244,Rajasthan Royals,RR,7 wickets,Sanju Samson
948,2022,final,Chennai Super Kings,Rajasthan Royals,CSK,RR,"M.A. Chidambaram Stadium, Chennai",Chennai,spin,Chennai Super Kings,field,1,0,90,83,166,124,Chennai Super Kings,CSK,3 wickets,Ruturaj Gaikwad
949,2024,league,Gujarat Titans,Kolkata Knight Riders,GT,KKR,"Eden Gardens, Kolkata",Kolkata,balanced,Kolkata Knight Riders,bat,0,1,86,85,226,228,Kolkata Knight Riders,KKR,7 wickets,Shreyas Iyer
950,2023,league,Punjab Kings,Chennai Super Kings,PBKS,CSK,"IS Bindra Stadium, Mohali",Mohali,pace,Chennai Super Kings,field,1,0,75,90,126,133,Chennai Super Kings,CSK,6 wickets,MS Dhoni
951,2025,league,Kolkata Knight Riders,Rajasthan Royals,KKR,RR,"Eden Gardens, Kolkata",Kolkata,balanced,Rajasthan Royals,bat,1,0,85,83,173,133,Kolkata Knight Riders,KKR,1 wickets,Shreyas Iyer
952,2020,league,Delhi Capitals,Lucknow Super Giants,DC,LSG,"Arun Jaitley Stadium, Delhi",Delhi,balanced,Lucknow Super Giants,field,1,0,80,81,190,200,Lucknow Super Giants,LSG,34 runs,Nicholas Pooran
953,2026,league,Punjab Kings,Gujarat Titans,PBKS,GT,"IS Bindra Stadium, Mohali",Mohali,pace,Gujarat Titans,field,1,0,75,86,142,154,Gujarat Titans,GT,23 runs,Mohammed Shami
954,2024,league,Kolkata Knight Riders,Chennai Super Kings,KKR,CSK,"Eden Gardens, Kolkata",Kolkata,balanced,Kolkata Knight Riders,field,1,0,85,90,129,100,Kolkata Knight Riders,KKR,6 wickets,Shreyas Iyer
955,2020,league,Rajasthan Royals,Delhi Capitals,RR,DC,"Arun Jaitley Stadium, Delhi",Delhi,balanced,Delhi Capitals,field,0,1,83,80,144,154,Delhi Capitals,DC,5 wickets,Tristan Stubbs
956,2018,league,Delhi Capitals,Sunrisers Hyderabad,DC,SRH,"M. Chinnaswamy Stadium, Bangalore",Bangalore,batting,Sunrisers Hyderabad,bat,0,0,80,78,188,160,Delhi Capitals,DC,39 runs,Tristan Stubbs
957,2020,league,Gujarat Titans,Lucknow Super Giants,GT,LSG,"BRSABV Ekana Stadium, Lucknow",Lucknow,balanced,Gujarat Titans,field,0,1,86,81,168,178,Lucknow Super Giants,LSG,7 wickets,Nicholas Pooran
958,2025,league,Punjab Kings,Gujarat Titans,PBKS,GT,"Narendra Modi Stadium, Ahmedabad",Ahmedabad,balanced,Gujarat Titans,bat,0,1,75,86,193,195,Gujarat Titans,GT,2 wickets,Shubman Gill
959,2023,league,Kolkata Knight Riders,Gujarat Titans,KKR,GT,"Rajiv Gandhi Stadium, Hyderabad",Hyderabad,balanced,Kolkata Knight Riders,field,0,0,85,86,171,144,Kolkata Knight Riders,KKR,7 runs,Sunil Narine
960,2023,playoff,Rajasthan Royals,Gujarat Titans,RR,GT,"Narendra Modi Stadium, Ahmedabad",Ahmedabad,balanced,Gujarat Titans,field,0,1,83,86,134,157,Gujarat Titans,GT,2 wickets,Rahul Tewatia
961,2024,league,Rajasthan Royals,Gujarat Titans,RR,GT,"Rajiv Gandhi Stadium, Hyderabad",Hyderabad,balanced,Rajasthan Royals,bat,0,0,83,86,192,195,Gujarat Titans,GT,3 wickets,Rahul Tewatia
962,2025,league,Gujarat Titans,Lucknow Super Giants,GT,LSG,"Narendra Modi Stadium, Ahmedabad",Ahmedabad,balanced,Lucknow Super Giants,bat,1,0,86,81,146,111,Gujarat Titans,GT,19 runs,Rahul Tewatia
963,2025,league,Delhi Capitals,Chennai Super Kings,DC,CSK,"Arun Jaitley Stadium, Delhi",Delhi,balanced,Delhi Capitals,bat,1,0,80,90,157,152,Delhi Capitals,DC,3 wickets,Tristan Stubbs
964,2026,league,Lucknow Super Giants,Punjab Kings,LSG,PBKS,"Wankhede Stadium, Mumbai",Mumbai,batting,Punjab Kings,field,0,0,81,75,181,176,Lucknow Super Giants,LSG,3 wickets,Nicholas Pooran
965,2021,league,Mumbai Indians,Punjab Kings,MI,PBKS,"M. Chinnaswamy Stadium, Bangalore",Bangalore,batting,Punjab Kings,field,0,0,88,75,161,150,Mumbai Indians,MI,1 wickets,Piyush Chawla
966,2021,league,Gujarat Titans,Punjab Kings,GT,PBKS,"Narendra Modi Stadium, Ahmedabad",Ahmedabad,balanced,Punjab Kings,field,1,0,86,75,189,185,Gujarat Titans,GT,26 runs,Rashid Khan
967,2024,league,Sunrisers Hyderabad,Delhi Capitals,SRH,DC,"Arun Jaitley Stadium, Delhi",Delhi,balanced,Delhi Capitals,bat,0,1,78,80,179,198,Delhi Capitals,DC,5 runs,David Warner
968,2022,league,Mumbai Indians,Royal Challengers Bangalore,MI,RCB,"M. Chinnaswamy Stadium, Bangalore",Bangalore,batting,Mumbai Indians,field,0,1,88,82,189,170,Mumbai Indians,MI,3 wickets,Tim David
969,2020,final,Mumbai Indians,Punjab Kings,MI,PBKS,"Wankhede Stadium, Mumbai",Mumbai,batting,Mumbai Indians,field,1,0,88,75,184,153,Mumbai Indians,MI,26 runs,Piyush Chawla
970,2026,league,Gujarat Titans,Chennai Super Kings,GT,CSK,"Narendra Modi Stadium, Ahmedabad",Ahmedabad,balanced,Gujarat Titans,field,1,0,86,90,176,153,Gujarat Titans,GT,6 wickets,David Miller
971,2024,league,Royal Challengers Bangalore,Kolkata Knight Riders,RCB,KKR,"M. Chinnaswamy Stadium, Bangalore",Bangalore,batting,Royal Challengers Bangalore,field,1,0,82,85,203,205,Kolkata Knight Riders,KKR,4 wickets,Sunil Narine
972,2022,league,Kolkata Knight Riders,Sunrisers Hyderabad,KKR,SRH,"Arun Jaitley Stadium, Delhi",Delhi,balanced,Kolkata Knight Riders,field,0,0,85,78,199,155,Kolkata Knight Riders,KKR,38 runs,Andre Russell
973,2023,league,Sunrisers Hyderabad,Kolkata Knight Riders,SRH,KKR,"Eden Gardens, Kolkata",Kolkata,balanced,Sunrisers Hyderabad,bat,0,1,78,85,200,211,Kolkata Knight Riders,KKR,3 wickets,Sunil Narine
974,2018,league,Lucknow Super Giants,Chennai Super Kings,LSG,CSK,"BRSABV Ekana Stadium, Lucknow",Lucknow,balanced,Lucknow Super Giants,field,1,0,81,90,145,162,Chennai Super Kings,CSK,37 runs,Deepak Chahar
975,2026,playoff,Rajasthan Royals,Delhi Capitals,RR,DC,"Arun Jaitley Stadium, Delhi",Delhi,balanced,Delhi Capitals,bat,0,1,83,80,143,163,Delhi Capitals,DC,19 runs,Axar Patel
976,2018,league,Kolkata Knight Riders,Royal Challengers Bangalore,KKR,RCB,"M. Chinnaswamy Stadium, Bangalore",Bangalore,batting,Royal Challengers Bangalore,field,0,1,85,82,184,177,Kolkata Knight Riders,KKR,37 runs,Varun Chakravarthy
977,2026,league,Mumbai Indians,Chennai Super Kings,MI,CSK,"M. Chinnaswamy Stadium, Bangalore",Bangalore,batting,Mumbai Indians,field,0,0,88,90,169,134,Mumbai Indians,MI,4 wickets,Jasprit Bumrah
978,2018,league,Delhi Capitals,Punjab Kings,DC,PBKS,"IS Bindra Stadium, Mohali",Mohali,pace,Punjab Kings,bat,0,1,80,75,189,217,Punjab Kings,PBKS,1 wickets,Jonny Bairstow
979,2024,league,Royal Challengers Bangalore,Gujarat Titans,RCB,GT,"M. Chinnaswamy Stadium, Bangalore",Bangalore,batting,Royal Challengers Bangalore,field,1,0,82,86,167,156,Royal Challengers Bangalore,RCB,14 runs,Virat Kohli
980,2026,league,Punjab Kings,Mumbai Indians,PBKS,MI,"Wankhede Stadium, Mumbai",Mumbai,batting,Punjab Kings,bat,0,1,75,88,133,149,Mumbai Indians,MI,41 runs,Tilak Varma
981,2019,league,Sunrisers Hyderabad,Punjab Kings,SRH,PBKS,"Rajiv Gandhi Stadium, Hyderabad",Hyderabad,balanced,Punjab Kings,field,1,0,78,75,105,80,Sunrisers Hyderabad,SRH,16 runs,Heinrich Klaasen
982,2025,league,Punjab Kings,Delhi Capitals,PBKS,DC,"Arun Jaitley Stadium, Delhi",Delhi,balanced,Punjab Kings,bat,0,1,75,80,130,93,Punjab Kings,PBKS,3 wickets,Arshdeep Singh
983,2018,league,Royal Challengers Bangalore,Gujarat Titans,RCB,GT,"Narendra Modi Stadium, Ahmedabad",Ahmedabad,balanced,Gujarat Titans,field,0,1,82,86,224,215,Royal Challengers Bangalore,RCB,27 runs,Virat Kohli
984,2023,league,Royal Challengers Bangalore,Gujarat Titans,RCB,GT,"Arun Jaitley Stadium, Delhi",Delhi,balanced,Royal Challengers Bangalore,field,0,0,82,86,139,98,Royal Challengers Bangalore,RCB,49 runs,Virat Kohli
985,2026,league,Royal Challengers Bangalore,Mumbai Indians,RCB,MI,"Wankhede Stadium, Mumbai",Mumbai,batting,Royal Challengers Bangalore,bat,0,1,82,88,201,213,Mumbai Indians,MI,5 wickets,Piyush Chawla
986,2022,league,Sunrisers Hyderabad,Delhi Capitals,SRH,DC,"M.A. Chidambaram Stadium, Chennai",Chennai,spin,Delhi Capitals,bat,0,0,78,80,198,181,Sunrisers Hyderabad,SRH,7 wickets,Aiden Markram
987,2026,league,Delhi Capitals,Punjab Kings,DC,PBKS,"M.A. Chidambaram Stadium, Chennai",Chennai,spin,Delhi Capitals,bat,0,0,80,75,187,208,Punjab Kings,PBKS,14 runs,Shikhar Dhawan
988,2025,league,Punjab Kings,Mumbai Indians,PBKS,MI,"M. Chinnaswamy Stadium, Bangalore",Bangalore,batting,Punjab Kings,field,0,0,75,88,218,227,Mumbai Indians,MI,7 wickets,Ishan Kishan
989,2020,league,Chennai Super Kings,Royal Challengers Bangalore,CSK,RCB,"M. Chinnaswamy Stadium, Bangalore",Bangalore,batting,Royal Challengers Bangalore,field,0,1,90,82,155,177,Royal Challengers Bangalore,RCB,19 runs,Faf du Plessis
990,2022,final,Delhi Capitals,Kolkata Knight Riders,DC,KKR,"Eden Gardens, Kolkata",Kolkata,balanced,Delhi Capitals,field,0,1,80,85,213,171,Delhi Capitals,DC,7 wickets,Tristan Stubbs
991,2025,league,Kolkata Knight Riders,Lucknow Super Giants,KKR,LSG,"Wankhede Stadium, Mumbai",Mumbai,batting,Kolkata Knight Riders,field,0,0,85,81,199,223,Lucknow Super Giants,LSG,3 wickets,Nicholas Pooran
992,2021,league,Kolkata Knight Riders,Mumbai Indians,KKR,MI,"Wankhede Stadium, Mumbai",Mumbai,batting,Mumbai Indians,field,0,1,85,88,192,212,Mumbai Indians,MI,4 wickets,Ishan Kishan
993,2022,league,Mumbai Indians,Kolkata Knight Riders,MI,KKR,"Wankhede Stadium, Mumbai",Mumbai,batting,Mumbai Indians,field,1,0,88,85,184,163,Mumbai Indians,MI,41 runs,Tim David
994,2024,league,Rajasthan Royals,Gujarat Titans,RR,GT,"Sawai Mansingh Stadium, Jaipur",Jaipur,batting,Rajasthan Royals,field,1,0,83,86,167,195,Gujarat Titans,GT,33 runs,Wriddhiman Saha
995,2019,league,Punjab Kings,Delhi Capitals,PBKS,DC,"IS Bindra Stadium, Mohali",Mohali,pace,Delhi Capitals,field,1,0,75,80,178,173,Punjab Kings,PBKS,27 runs,Jitesh Sharma
996,2021,league,Rajasthan Royals,Delhi Capitals,RR,DC,"BRSABV Ekana Stadium, Lucknow",Lucknow,balanced,Rajasthan Royals,bat,0,0,83,80,184,213,Delhi Capitals,DC,3 wickets,Jake Fraser-McGurk
997,2024,league,Punjab Kings,Royal Challengers Bangalore,PBKS,RCB,"Rajiv Gandhi Stadium, Hyderabad",Hyderabad,balanced,Royal Challengers Bangalore,field,0,0,75,82,168,190,Royal Challengers Bangalore,RCB,44 runs,Mohammed Siraj
998,2021,league,Mumbai Indians,Sunrisers Hyderabad,MI,SRH,"IS Bindra Stadium, Mohali",Mohali,pace,Mumbai Indians,bat,0,0,88,78,134,131,Mumbai Indians,MI,11 runs,Piyush Chawla
999,2025,league,Royal Challengers Bangalore,Kolkata Knight Riders,RCB,KKR,"M. Chinnaswamy Stadium, Bangalore",Bangalore,batting,Royal Challengers Bangalore,bat,1,0,82,85,194,200,Kolkata Knight Riders,KKR,1 wickets,Sunil Narine
1000,2025,league,Mumbai Indians,Royal Challengers Bangalore,MI,RCB,"Wankhede Stadium, Mumbai",Mumbai,batting,Royal Challengers Bangalore,bat,1,0,88,82,203,205,Royal Challengers Bangalore,RCB,4 wickets,Glenn Maxwell
1001,2024,league,Chennai Super Kings,Rajasthan Royals,CSK,RR,"M.A. Chidambaram Stadium, Chennai",Chennai,spin,Chennai Super Kings,bat,1,0,90,83,106,98,Chennai Super Kings,CSK,6 wickets,Shivam Dube
1002,2018,league,Chennai Super Kings,Rajasthan Royals,CSK,RR,"M.A. Chidambaram Stadium, Chennai",Chennai,spin,Chennai Super Kings,bat,1,0,90,83,195,175,Chennai Super Kings,CSK,5 wickets,Ravindra Jadeja
1003,2026,league,Lucknow Super Giants,Delhi Capitals,LSG,DC,"Eden Gardens, Kolkata",Kolkata,balanced,Lucknow Super Giants,bat,0,0,81,80,185,205,Delhi Capitals,DC,6 wickets,Tristan Stubbs
1004,2025,playoff,Royal Challengers Bangalore,Sunrisers Hyderabad,RCB,SRH,"Rajiv Gandhi Stadium, Hyderabad",Hyderabad,balanced,Royal Challengers Bangalore,field,0,1,82,78,173,134,Royal Challengers Bangalore,RCB,6 wickets,Wanindu Hasaranga
1005,2020,league,Gujarat Titans,Kolkata Knight Riders,GT,KKR,"Wankhede Stadium, Mumbai",Mumbai,batting,Kolkata Knight Riders,bat,0,0,86,85,149,115,Gujarat Titans,GT,2 wickets,Wriddhiman Saha
1006,2025,league,Chennai Super Kings,Rajasthan Royals,CSK,RR,"M. Chinnaswamy Stadium, Bangalore",Bangalore,batting,Chennai Super Kings,field,0,0,90,83,148,133,Chennai Super Kings,CSK,2 wickets,Ravindra Jadeja
1007,2021,league,Royal Challengers Bangalore,Kolkata Knight Riders,RCB,KKR,"Eden Gardens, Kolkata",Kolkata,balanced,Kolkata Knight Riders,bat,0,1,82,85,168,171,Kolkata Knight Riders,KKR,32 runs,Varun Chakravarthy
1008,2023,league,Punjab Kings,Gujarat Titans,PBKS,GT,"Wankhede Stadium, Mumbai",Mumbai,batting,Punjab Kings,field,0,0,75,86,114,120,Gujarat Titans,GT,37 runs,David Miller
1009,2020,league,Chennai Super Kings,Mumbai Indians,CSK,MI,"Sawai Mansingh Stadium, Jaipur",Jaipur,batting,Chennai Super Kings,bat,0,0,90,88,193,204,Mumbai Indians,MI,40 runs,Tim David
1010,2021,league,Lucknow Super Giants,Gujarat Titans,LSG,GT,"Narendra Modi Stadium, Ahmedabad",Ahmedabad,balanced,Lucknow Super Giants,field,0,1,81,86,171,161,Lucknow Super Giants,LSG,44 runs,Nicholas Pooran
1011,2023,playoff,Rajasthan Royals,Chennai Super Kings,RR,CSK,"M.A. Chidambaram Stadium, Chennai",Chennai,spin,Rajasthan Royals,field,0,1,83,90,192,218,Chennai Super Kings,CSK,13 runs,Ravindra Jadeja
1012,2025,final,Rajasthan Royals,Lucknow Super Giants,RR,LSG,"Eden Gardens, Kolkata",Kolkata,balanced,Rajasthan Royals,bat,0,0,83,81,140,100,Rajasthan Royals,RR,7 wickets,Shimron Hetmyer
1013,2022,league,Delhi Capitals,Gujarat Titans,DC,GT,"Narendra Modi Stadium, Ahmedabad",Ahmedabad,balanced,Delhi Capitals,bat,0,1,80,86,188,149,Delhi Capitals,DC,3 wickets,Anrich Nortje
1014,2024,playoff,Royal Challengers Bangalore,Lucknow Super Giants,RCB,LSG,"IS Bindra Stadium, Mohali",Mohali,pace,Royal Challengers Bangalore,field,0,0,82,81,150,156,Lucknow Super Giants,LSG,29 runs,Nicholas Pooran
1015,2023,league,Mumbai Indians,Sunrisers Hyderabad,MI,SRH,"Rajiv Gandhi Stadium, Hyderabad",Hyderabad,balanced,Mumbai Indians,field,0,1,88,78,169,165,Mumbai Indians,MI,42 runs,Suryakumar Yadav
1016,2023,league,Chennai Super Kings,Gujarat Titans,CSK,GT,"M.A. Chidambaram Stadium, Chennai",Chennai,spin,Chennai Super Kings,bat,1,0,90,86,190,198,Gujarat Titans,GT,46 runs,Mohammed Shami
1017,2019,league,Mumbai Indians,Royal Challengers Bangalore,MI,RCB,"Narendra Modi Stadium, Ahmedabad",Ahmedabad,balanced,Mumbai Indians,field,0,0,88,82,157,169,Royal Challengers Bangalore,RCB,6 wickets,Dinesh Karthik
1018,2023,league,Delhi Capitals,Punjab Kings,DC,PBKS,"Narendra Modi Stadium, Ahmedabad",Ahmedabad,balanced,Delhi Capitals,field,0,0,80,75,144,121,Delhi Capitals,DC,6 wickets,Rishabh Pant
1019,2024,playoff,Kolkata Knight Riders,Lucknow Super Giants,KKR,LSG,"Eden Gardens, Kolkata",Kolkata,balanced,Kolkata Knight Riders,field,1,0,85,81,119,105,Kolkata Knight Riders,KKR,6 runs,Andre Russell
1020,2021,playoff,Mumbai Indians,Sunrisers Hyderabad,MI,SRH,"Rajiv Gandhi Stadium, Hyderabad",Hyderabad,balanced,Mumbai Indians,field,0,1,88,78,182,165,Mumbai Indians,MI,6 wickets,Tim David
1021,2020,league,Chennai Super Kings,Lucknow Super Giants,CSK,LSG,"M.A. Chidambaram Stadium, Chennai",Chennai,spin,Lucknow Super Giants,field,1,0,90,81,193,216,Lucknow Super Giants,LSG,6 wickets,Nicholas Pooran
1022,2019,league,Mumbai Indians,Delhi Capitals,MI,DC,"IS Bindra Stadium, Mohali",Mohali,pace,Mumbai Indians,field,0,0,88,80,173,166,Mumbai Indians,MI,17 runs,Tilak Varma
1023,2019,final,Delhi Capitals,Punjab Kings,DC,PBKS,"IS Bindra Stadium, Mohali",Mohali,pace,Delhi Capitals,field,0,1,80,75,184,168,Delhi Capitals,DC,6 wickets,Tristan Stubbs
1024,2022,league,Punjab Kings,Gujarat Titans,PBKS,GT,"Narendra Modi Stadium, Ahmedabad",Ahmedabad,balanced,Punjab Kings,bat,0,1,75,86,149,113,Punjab Kings,PBKS,43 runs,Kagiso Rabada
1025,2024,playoff,Mumbai Indians,Sunrisers Hyderabad,MI,SRH,"Sawai Mansingh Stadium, Jaipur",Jaipur,batting,Mumbai Indians,field,0,0,88,78,139,102,Mumbai Indians,MI,6 wickets,Tim David
1026,2022,league,Sunrisers Hyderabad,Punjab Kings,SRH,PBKS,"Wankhede Stadium, Mumbai",Mumbai,batting,Punjab Kings,field,0,0,78,75,224,206,Sunrisers Hyderabad,SRH,4 wickets,Nitish Kumar Reddy
1027,2024,playoff,Gujarat Titans,Royal Challengers Bangalore,GT,RCB,"M. Chinnaswamy Stadium, Bangalore",Bangalore,batting,Royal Challengers Bangalore,field,0,1,86,82,179,204,Royal Challengers Bangalore,RCB,2 wickets,Glenn Maxwell
1028,2025,league,Punjab Kings,Delhi Capitals,PBKS,DC,"Wankhede Stadium, Mumbai",Mumbai,batting,Punjab Kings,bat,0,0,75,80,196,193,Punjab Kings,PBKS,3 wickets,Kagiso Rabada
1029,2020,final,Mumbai Indians,Kolkata Knight Riders,MI,KKR,"M. Chinnaswamy Stadium, Bangalore",Bangalore,batting,Mumbai Indians,bat,0,0,88,85,148,165,Kolkata Knight Riders,KKR,3 wickets,Varun Chakravarthy
1030,2026,league,Mumbai Indians,Gujarat Titans,MI,GT,"BRSABV Ekana Stadium, Lucknow",Lucknow,balanced,Gujarat Titans,field,0,0,88,86,106,83,Mumbai Indians,MI,42 runs,Rohit Sharma
1031,2022,league,Chennai Super Kings,Royal Challengers Bangalore,CSK,RCB,"M. Chinnaswamy Stadium, Bangalore",Bangalore,batting,Chennai Super Kings,bat,0,1,90,82,213,231,Royal Challengers Bangalore,RCB,21 runs,Glenn Maxwell
1032,2023,league,Delhi Capitals,Gujarat Titans,DC,GT,"Narendra Modi Stadium, Ahmedabad",Ahmedabad,balanced,Delhi Capitals,field,0,1,80,86,204,211,Gujarat Titans,GT,3 wickets,Hardik Pandya
1033,2021,playoff,Lucknow Super Giants,Gujarat Titans,LSG,GT,"Narendra Modi Stadium, Ahmedabad",Ahmedabad,balanced,Lucknow Super Giants,field,0,1,81,86,156,121,Lucknow Super Giants,LSG,26 runs,Ayush Badoni
1034,2021,league,Sunrisers Hyderabad,Gujarat Titans,SRH,GT,"Narendra Modi Stadium, Ahmedabad",Ahmedabad,balanced,Gujarat Titans,field,0,1,78,86,201,212,Gujarat Titans,GT,4 wickets,Shubman Gill
1035,2025,league,Mumbai Indians,Gujarat Titans,MI,GT,"Wankhede Stadium, Mumbai",Mumbai,batting,Mumbai Indians,field,1,0,88,86,197,172,Mumbai Indians,MI,19 runs,Suryakumar Yadav
1036,2019,league,Rajasthan Royals,Kolkata Knight Riders,RR,KKR,"Narendra Modi Stadium, Ahmedabad",Ahmedabad,balanced,Kolkata Knight Riders,bat,0,0,83,85,215,181,Rajasthan Royals,RR,39 runs,Jos Buttler
1037,2022,league,Sunrisers Hyderabad,Punjab Kings,SRH,PBKS,"Rajiv Gandhi Stadium, Hyderabad",Hyderabad,balanced,Punjab Kings,bat,1,0,78,75,219,208,Sunrisers Hyderabad,SRH,11 runs,Abhishek Sharma
1038,2020,league,Chennai Super Kings,Sunrisers Hyderabad,CSK,SRH,"M.A. Chidambaram Stadium, Chennai",Chennai,spin,Sunrisers Hyderabad,field,1,0,90,78,162,190,Sunrisers Hyderabad,SRH,3 wickets,T Natarajan
1039,2024,league,Sunrisers Hyderabad,Lucknow Super Giants,SRH,LSG,"BRSABV Ekana Stadium, Lucknow",Lucknow,balanced,Sunrisers Hyderabad,field,0,1,78,81,189,153,Sunrisers Hyderabad,SRH,2 wickets,Bhuvneshwar Kumar
1040,2019,league,Mumbai Indians,Delhi Capitals,MI,DC,"Eden Gardens, Kolkata",Kolkata,balanced,Delhi Capitals,field,0,0,88,80,166,151,Mumbai Indians,MI,6 wickets,Piyush Chawla
1041,2026,league,Gujarat Titans,Kolkata Knight Riders,GT,KKR,"Narendra Modi Stadium, Ahmedabad",Ahmedabad,balanced,Gujarat Titans,field,1,0,86,85,193,204,Kolkata Knight Riders,KKR,1 wickets,Rinku Singh
1042,2019,playoff,Chennai Super Kings,Lucknow Super Giants,CSK,LSG,"BRSABV Ekana Stadium, Lucknow",Lucknow,balanced,Lucknow Super Giants,field,0,1,90,81,214,179,Chennai Super Kings,CSK,6 wickets,MS Dhoni
1043,2021,league,Sunrisers Hyderabad,Gujarat Titans,SRH,GT,"Rajiv Gandhi Stadium, Hyderabad",Hyderabad,balanced,Gujarat Titans,field,1,0,78,86,195,186,Sunrisers Hyderabad,SRH,26 runs,Aiden Markram
1044,2021,playoff,Royal Challengers Bangalore,Rajasthan Royals,RCB,RR,"Sawai Mansingh Stadium, Jaipur",Jaipur,batting,Royal Challengers Bangalore,field,0,1,82,83,246,261,Rajasthan Royals,RR,39 runs,Yashasvi Jaiswal
1045,2025,league,Gujarat Titans,Sunrisers Hyderabad,GT,SRH,"Narendra Modi Stadium, Ahmedabad",Ahmedabad,balanced,Gujarat Titans,bat,1,0,86,78,195,187,Gujarat Titans,GT,7 wickets,Wriddhiman Saha
1046,2023,league,Kolkata Knight Riders,Chennai Super Kings,KKR,CSK,"Eden Gardens, Kolkata",Kolkata,balanced,Kolkata Knight Riders,field,1,0,85,90,161,127,Kolkata Knight Riders,KKR,20 runs,Venkatesh Iyer
1047,2021,league,Mumbai Indians,Chennai Super Kings,MI,CSK,"M. Chinnaswamy Stadium, Bangalore",Bangalore,batting,Chennai Super Kings,field,0,0,88,90,135,111,Mumbai Indians,MI,41 runs,Jasprit Bumrah
1048,2018,final,Delhi Capitals,Chennai Super Kings,DC,CSK,"Arun Jaitley Stadium, Delhi",Delhi,balanced,Chennai Super Kings,field,1,0,80,90,174,161,Delhi Capitals,DC,6 wickets,Axar Patel
1049,2023,league,Punjab Kings,Lucknow Super Giants,PBKS,LSG,"Rajiv Gandhi Stadium, Hyderabad",Hyderabad,balanced,Lucknow Super Giants,field,0,0,75,81,173,202,Lucknow Super Giants,LSG,3 wickets,Marcus Stoinis
1050,2023,league,Royal Challengers Bangalore,Chennai Super Kings,RCB,CSK,"M. Chinnaswamy Stadium, Bangalore",Bangalore,batting,Chennai Super Kings,field,1,0,82,90,171,200,Chennai Super Kings,CSK,3 wickets,Devon Conway
1051,2019,league,Punjab Kings,Rajasthan Royals,PBKS,RR,"Narendra Modi Stadium, Ahmedabad",Ahmedabad,balanced,Punjab Kings,field,0,0,75,83,119,137,Rajasthan Royals,RR,4 wickets,Yuzvendra Chahal
1052,2018,league,Lucknow Super Giants,Royal Challengers Bangalore,LSG,RCB,"M.A. Chidambaram Stadium, Chennai",Chennai,spin,Royal Challengers Bangalore,bat,0,0,81,82,149,109,Lucknow Super Giants,LSG,24 runs,Ayush Badoni
1053,2025,league,Kolkata Knight Riders,Chennai Super Kings,KKR,CSK,"Eden Gardens, Kolkata",Kolkata,balanced,Kolkata Knight Riders,field,1,0,85,90,182,146,Kolkata Knight Riders,KKR,10 runs,Venkatesh Iyer
1054,2023,league,Lucknow Super Giants,Chennai Super Kings,LSG,CSK,"Arun Jaitley Stadium, Delhi",Delhi,balanced,Chennai Super Kings,bat,0,0,81,90,160,180,Chennai Super Kings,CSK,4 wickets,Ravindra Jadeja
1055,2026,league,Kolkata Knight Riders,Chennai Super Kings,KKR,CSK,"M.A. Chidambaram Stadium, Chennai",Chennai,spin,Chennai Super Kings,bat,0,1,85,90,190,215,Chennai Super Kings,CSK,7 wickets,MS Dhoni
1056,2022,league,Royal Challengers Bangalore,Rajasthan Royals,RCB,RR,"Sawai Mansingh Stadium, Jaipur",Jaipur,batting,Rajasthan Royals,bat,0,1,82,83,134,157,Rajasthan Royals,RR,7 wickets,Yashasvi Jaiswal
1057,2026,league,Royal Challengers Bangalore,Punjab Kings,RCB,PBKS,"Eden Gardens, Kolkata",Kolkata,balanced,Punjab Kings,bat,0,0,82,75,156,171,Punjab Kings,PBKS,31 runs,Jonny Bairstow
1058,2020,league,Royal Challengers Bangalore,Lucknow Super Giants,RCB,LSG,"M. Chinnaswamy Stadium, Bangalore",Bangalore,batting,Lucknow Super Giants,field,1,0,82,81,205,175,Royal Challengers Bangalore,RCB,4 wickets,Wanindu Hasaranga
1059,2022,league,Lucknow Super Giants,Rajasthan Royals,LSG,RR,"BRSABV Ekana Stadium, Lucknow",Lucknow,balanced,Rajasthan Royals,field,1,0,81,83,167,164,Lucknow Super Giants,LSG,46 runs,Nicholas Pooran
1060,2018,league,Delhi Capitals,Mumbai Indians,DC,MI,"Arun Jaitley Stadium, Delhi",Delhi,balanced,Delhi Capitals,field,1,0,80,88,159,187,Mumbai Indians,MI,10 runs,Tilak Varma
1061,2022,league,Kolkata Knight Riders,Rajasthan Royals,KKR,RR,"Eden Gardens, Kolkata",Kolkata,balanced,Rajasthan Royals,field,1,0,85,83,165,160,Kolkata Knight Riders,KKR,23 runs,Varun Chakravarthy
1062,2019,league,Punjab Kings,Sunrisers Hyderabad,PBKS,SRH,"Rajiv Gandhi Stadium, Hyderabad",Hyderabad,balanced,Sunrisers Hyderabad,field,0,1,75,78,204,218,Sunrisers Hyderabad,SRH,5 wickets,Travis Head
1063,2024,league,Sunrisers Hyderabad,Gujarat Titans,SRH,GT,"IS Bindra Stadium, Mohali",Mohali,pace,Sunrisers Hyderabad,field,0,0,78,86,150,165,Gujarat Titans,GT,6 wickets,Rahul Tewatia
1064,2021,league,Kolkata Knight Riders,Gujarat Titans,KKR,GT,"Wankhede Stadium, Mumbai",Mumbai,batting,Gujarat Titans,bat,0,0,85,86,240,257,Gujarat Titans,GT,7 wickets,David Miller
1065,2018,league,Royal Challengers Bangalore,Sunrisers Hyderabad,RCB,SRH,"M. Chinnaswamy Stadium, Bangalore",Bangalore,batting,Royal Challengers Bangalore,field,1,0,82,78,162,187,Sunrisers Hyderabad,SRH,3 wickets,Nitish Kumar Reddy
1066,2024,playoff,Rajasthan Royals,Sunrisers Hyderabad,RR,SRH,"Rajiv Gandhi Stadium, Hyderabad",Hyderabad,balanced,Rajasthan Royals,field,0,1,83,78,243,269,Sunrisers Hyderabad,SRH,4 wickets,Abhishek Sharma
1067,2019,league,Royal Challengers Bangalore,Lucknow Super Giants,RCB,LSG,"BRSABV Ekana Stadium, Lucknow",Lucknow,balanced,Royal Challengers Bangalore,bat,0,1,82,81,187,215,Lucknow Super Giants,LSG,2 wickets,KL Rahul
1068,2020,final,Delhi Capitals,Sunrisers Hyderabad,DC,SRH,"Rajiv Gandhi Stadium, Hyderabad",Hyderabad,balanced,Delhi Capitals,field,0,1,80,78,145,149,Sunrisers Hyderabad,SRH,4 wickets,Heinrich Klaasen
1069,2021,league,Sunrisers Hyderabad,Lucknow Super Giants,SRH,LSG,"M.A. Chidambaram Stadium, Chennai",Chennai,spin,Lucknow Super Giants,field,0,0,78,81,102,125,Lucknow Super Giants,LSG,5 wickets,Marcus Stoinis
1070,2022,league,Gujarat Titans,Royal Challengers Bangalore,GT,RCB,"Narendra Modi Stadium, Ahmedabad",Ahmedabad,balanced,Royal Challengers Bangalore,field,1,0,86,82,145,116,Gujarat Titans,GT,35 runs,Wriddhiman Saha
1071,2020,league,Rajasthan Royals,Delhi Capitals,RR,DC,"Arun Jaitley Stadium, Delhi",Delhi,balanced,Delhi Capitals,field,0,1,83,80,162,159,Rajasthan Royals,RR,35 runs,Jos Buttler
1072,2023,final,Chennai Super Kings,Royal Challengers Bangalore,CSK,RCB,"M. Chinnaswamy Stadium, Bangalore",Bangalore,batting,Chennai Super Kings,bat,0,1,90,82,243,254,Royal Challengers Bangalore,RCB,9 runs,Virat Kohli
1073,2026,league,Delhi Capitals,Punjab Kings,DC,PBKS,"Eden Gardens, Kolkata",Kolkata,balanced,Delhi Capitals,field,0,0,80,75,182,185,Punjab Kings,PBKS,17 runs,Shikhar Dhawan
1074,2019,league,Sunrisers Hyderabad,Chennai Super Kings,SRH,CSK,"Eden Gardens, Kolkata",Kolkata,balanced,Chennai Super Kings,bat,0,0,78,90,186,188,Chennai Super Kings,CSK,3 wickets,Ravindra Jadeja
1075,2021,league,Delhi Capitals,Gujarat Titans,DC,GT,"Arun Jaitley Stadium, Delhi",Delhi,balanced,Gujarat Titans,field,1,0,80,86,166,189,Gujarat Titans,GT,3 wickets,Hardik Pandya
1076,2020,league,Rajasthan Royals,Gujarat Titans,RR,GT,"Narendra Modi Stadium, Ahmedabad",Ahmedabad,balanced,Rajasthan Royals,field,0,1,83,86,208,200,Rajasthan Royals,RR,6 wickets,Yuzvendra Chahal
1077,2021,playoff,Kolkata Knight Riders,Royal Challengers Bangalore,KKR,RCB,"Eden Gardens, Kolkata",Kolkata,balanced,Royal Challengers Bangalore,field,1,0,85,82,159,152,Kolkata Knight Riders,KKR,46 runs,Andre Russell
1078,2025,league,Sunrisers Hyderabad,Punjab Kings,SRH,PBKS,"Rajiv Gandhi Stadium, Hyderabad",Hyderabad,balanced,Sunrisers Hyderabad,field,1,0,78,75,167,159,Sunrisers Hyderabad,SRH,46 runs,Bhuvneshwar Kumar
1079,2018,league,Chennai Super Kings,Lucknow Super Giants,CSK,LSG,"IS Bindra Stadium, Mohali",Mohali,pace,Chennai Super Kings,field,0,0,90,81,147,140,Chennai Super Kings,CSK,34 runs,Deepak Chahar
1080,2020,league,Mumbai Indians,Rajasthan Royals,MI,RR,"Sawai Mansingh Stadium, Jaipur",Jaipur,batting,Rajasthan Royals,bat,0,1,88,83,172,173,Rajasthan Royals,RR,34 runs,Sanju Samson
1081,2024,league,Sunrisers Hyderabad,Delhi Capitals,SRH,DC,"Rajiv Gandhi Stadium, Hyderabad",Hyderabad,balanced,Sunrisers Hyderabad,bat,1,0,78,80,162,190,Delhi Capitals,DC,1 wickets,Axar Patel
1082,2022,league,Rajasthan Royals,Sunrisers Hyderabad,RR,SRH,"Rajiv Gandhi Stadium, Hyderabad",Hyderabad,balanced,Rajasthan Royals,bat,0,1,83,78,184,188,Sunrisers Hyderabad,SRH,5 wickets,Nitish Kumar Reddy
1083,2025,league,Sunrisers Hyderabad,Royal Challengers Bangalore,SRH,RCB,"Wankhede Stadium, Mumbai",Mumbai,batting,Royal Challengers Bangalore,field,0,0,78,82,203,208,Royal Challengers Bangalore,RCB,4 wickets,Faf du Plessis
1084,2023,final,Delhi Capitals,Lucknow Super Giants,DC,LSG,"Arun Jaitley Stadium, Delhi",Delhi,balanced,Lucknow Super Giants,bat,1,0,80,81,189,215,Lucknow Super Giants,LSG,7 wickets,Nicholas Pooran
1085,2020,playoff,Rajasthan Royals,Mumbai Indians,RR,MI,"Wankhede Stadium, Mumbai",Mumbai,batting,Rajasthan Royals,field,0,1,83,88,145,130,Rajasthan Royals,RR,27 runs,Trent Boult
1086,2018,league,Chennai Super Kings,Royal Challengers Bangalore,CSK,RCB,"M. Chinnaswamy Stadium, Bangalore",Bangalore,batting,Royal Challengers Bangalore,field,0,1,90,82,173,134,Chennai Super Kings,CSK,18 runs,Ravindra Jadeja
1087,2018,league,Punjab Kings,Rajasthan Royals,PBKS,RR,"Sawai Mansingh Stadium, Jaipur",Jaipur,batting,Rajasthan Royals,field,0,1,75,83,146,162,Rajasthan Royals,RR,7 wickets,Trent Boult
1088,2021,league,Punjab Kings,Kolkata Knight Riders,PBKS,KKR,"Eden Gardens, Kolkata",Kolkata,balanced,Punjab Kings,bat,0,1,75,85,148,153,Kolkata Knight Riders,KKR,6 wickets,Rinku Singh
1089,2019,playoff,Sunrisers Hyderabad,Chennai Super Kings,SRH,CSK,"Rajiv Gandhi Stadium, Hyderabad",Hyderabad,balanced,Sunrisers Hyderabad,field,1,0,78,90,175,176,Chennai Super Kings,CSK,6 wickets,Ravindra Jadeja
1090,2023,league,Lucknow Super Giants,Sunrisers Hyderabad,LSG,SRH,"Sawai Mansingh Stadium, Jaipur",Jaipur,batting,Sunrisers Hyderabad,field,0,0,81,78,133,151,Sunrisers Hyderabad,SRH,45 runs,Abhishek Sharma
1091,2020,league,Mumbai Indians,Delhi Capitals,MI,DC,"Arun Jaitley Stadium, Delhi",Delhi,balanced,Mumbai Indians,bat,0,1,88,80,191,173,Mumbai Indians,MI,49 runs,Piyush Chawla
1092,2018,league,Delhi Capitals,Kolkata Knight Riders,DC,KKR,"Narendra Modi Stadium, Ahmedabad",Ahmedabad,balanced,Delhi Capitals,field,0,0,80,85,193,154,Delhi Capitals,DC,48 runs,Rishabh Pant
1093,2018,league,Lucknow Super Giants,Gujarat Titans,LSG,GT,"Narendra Modi Stadium, Ahmedabad",Ahmedabad,balanced,Lucknow Super Giants,bat,0,1,81,86,132,161,Gujarat Titans,GT,1 wickets,Mohammed Shami
1094,2026,league,Mumbai Indians,Rajasthan Royals,MI,RR,"Sawai Mansingh Stadium, Jaipur",Jaipur,batting,Mumbai Indians,field,0,1,88,83,170,182,Rajasthan Royals,RR,27 runs,Yuzvendra Chahal
1095,2023,league,Mumbai Indians,Chennai Super Kings,MI,CSK,"Rajiv Gandhi Stadium, Hyderabad",Hyderabad,balanced,Mumbai Indians,field,0,0,88,90,193,187,Mumbai Indians,MI,2 wickets,Jasprit Bumrah
1096,2026,league,Gujarat Titans,Chennai Super Kings,GT,CSK,"Arun Jaitley Stadium, Delhi",Delhi,balanced,Gujarat Titans,field,0,0,86,90,184,202,Chennai Super Kings,CSK,23 runs,Ravindra Jadeja
1097,2019,league,Mumbai Indians,Punjab Kings,MI,PBKS,"M. Chinnaswamy Stadium, Bangalore",Bangalore,batting,Mumbai Indians,field,0,0,88,75,186,170,Mumbai Indians,MI,23 runs,Jasprit Bumrah
1098,2018,league,Mumbai Indians,Lucknow Super Giants,MI,LSG,"Wankhede Stadium, Mumbai",Mumbai,batting,Lucknow Super Giants,bat,1,0,88,81,179,208,Lucknow Super Giants,LSG,5 wickets,Quinton de Kock
1099,2021,league,Chennai Super Kings,Gujarat Titans,CSK,GT,"Narendra Modi Stadium, Ahmedabad",Ahmedabad,balanced,Chennai Super Kings,field,0,1,90,86,192,219,Gujarat Titans,GT,11 runs,Hardik Pandya
1100,2018,league,Lucknow Super Giants,Delhi Capitals,LSG,DC,"BRSABV Ekana Stadium, Lucknow",Lucknow,balanced,Lucknow Super Giants,bat,1,0,81,80,185,160,Lucknow Super Giants,LSG,2 wickets,Nicholas Pooran
1101,2020,playoff,Royal Challengers Bangalore,Delhi Capitals,RCB,DC,"M. Chinnaswamy Stadium, Bangalore",Bangalore,batting,Royal Challengers Bangalore,field,1,0,82,80,143,159,Delhi Capitals,DC,22 runs,David Warner
1102,2026,playoff,Chennai Super Kings,Rajasthan Royals,CSK,RR,"Arun Jaitley Stadium, Delhi",Delhi,balanced,Chennai Super Kings,bat,0,0,90,83,152,133,Chennai Super Kings,CSK,2 wickets,Ruturaj Gaikwad
1103,2021,league,Sunrisers Hyderabad,Royal Challengers Bangalore,SRH,RCB,"M. Chinnaswamy Stadium, Bangalore",Bangalore,batting,Sunrisers Hyderabad,field,0,1,78,82,193,156,Sunrisers Hyderabad,SRH,6 wickets,Travis Head
1104,2026,playoff,Gujarat Titans,Lucknow Super Giants,GT,LSG,"BRSABV Ekana Stadium, Lucknow",Lucknow,balanced,Gujarat Titans,field,0,1,86,81,186,161,Gujarat Titans,GT,1 wickets,Hardik Pandya
1105,2023,league,Delhi Capitals,Chennai Super Kings,DC,CSK,"Arun Jaitley Stadium, Delhi",Delhi,balanced,Chennai Super Kings,field,1,0,80,90,157,165,Chennai Super Kings,CSK,21 runs,Ravindra Jadeja
1106,2026,league,Chennai Super Kings,Mumbai Indians,CSK,MI,"M.A. Chidambaram Stadium, Chennai",Chennai,spin,Mumbai Indians,field,1,0,90,88,90,102,Mumbai Indians,MI,44 runs,Suryakumar Yadav
1107,2018,league,Chennai Super Kings,Delhi Capitals,CSK,DC,"Sawai Mansingh Stadium, Jaipur",Jaipur,batting,Delhi Capitals,field,0,0,90,80,177,165,Chennai Super Kings,CSK,7 wickets,Devon Conway
1108,2025,league,Punjab Kings,Lucknow Super Giants,PBKS,LSG,"IS Bindra Stadium, Mohali",Mohali,pace,Punjab Kings,field,1,0,75,81,199,155,Punjab Kings,PBKS,1 wickets,Sam Curran
1109,2025,league,Sunrisers Hyderabad,Rajasthan Royals,SRH,RR,"M. Chinnaswamy Stadium, Bangalore",Bangalore,batting,Rajasthan Royals,bat,0,0,78,83,126,131,Rajasthan Royals,RR,20 runs,Riyan Parag
1110,2023,league,Kolkata Knight Riders,Sunrisers Hyderabad,KKR,SRH,"Wankhede Stadium, Mumbai",Mumbai,batting,Kolkata Knight Riders,bat,0,0,85,78,177,139,Kolkata Knight Riders,KKR,7 wickets,Sunil Narine
1111,2020,league,Kolkata Knight Riders,Delhi Capitals,KKR,DC,"M.A. Chidambaram Stadium, Chennai",Chennai,spin,Delhi Capitals,bat,0,0,85,80,155,130,Kolkata Knight Riders,KKR,46 runs,Shreyas Iyer
1112,2018,league,Punjab Kings,Royal Challengers Bangalore,PBKS,RCB,"IS Bindra Stadium, Mohali",Mohali,pace,Punjab Kings,field,1,0,75,82,167,153,Punjab Kings,PBKS,4 wickets,Shikhar Dhawan
1113,2025,league,Punjab Kings,Sunrisers Hyderabad,PBKS,SRH,"BRSABV Ekana Stadium, Lucknow",Lucknow,balanced,Sunrisers Hyderabad,field,0,0,75,78,175,189,Sunrisers Hyderabad,SRH,4 wickets,Bhuvneshwar Kumar
1114,2018,league,Sunrisers Hyderabad,Delhi Capitals,SRH,DC,"Rajiv Gandhi Stadium, Hyderabad",Hyderabad,balanced,Delhi Capitals,bat,1,0,78,80,193,195,Delhi Capitals,DC,5 wickets,Tristan Stubbs
1115,2025,league,Lucknow Super Giants,Chennai Super Kings,LSG,CSK,"M.A. Chidambaram Stadium, Chennai",Chennai,spin,Lucknow Super Giants,bat,0,1,81,90,175,203,Chennai Super Kings,CSK,43 runs,Ruturaj Gaikwad
1116,2018,league,Delhi Capitals,Sunrisers Hyderabad,DC,SRH,"Rajiv Gandhi Stadium, Hyderabad",Hyderabad,balanced,Sunrisers Hyderabad,field,0,1,80,78,200,177,Delhi Capitals,DC,6 wickets,Kuldeep Yadav
1117,2024,league,Lucknow Super Giants,Kolkata Knight Riders,LSG,KKR,"BRSABV Ekana Stadium, Lucknow",Lucknow,balanced,Lucknow Super Giants,field,1,0,81,85,164,190,Kolkata Knight Riders,KKR,1 wickets,Varun Chakravarthy
1118,2019,league,Sunrisers Hyderabad,Rajasthan Royals,SRH,RR,"Sawai Mansingh Stadium, Jaipur",Jaipur,batting,Rajasthan Royals,field,0,1,78,83,153,166,Rajasthan Royals,RR,4 wickets,Riyan Parag
1119,2026,league,Royal Challengers Bangalore,Lucknow Super Giants,RCB,LSG,"Narendra Modi Stadium, Ahmedabad",Ahmedabad,balanced,Lucknow Super Giants,field,0,0,82,81,190,205,Lucknow Super Giants,LSG,37 runs,KL Rahul
1120,2019,league,Royal Challengers Bangalore,Lucknow Super Giants,RCB,LSG,"Sawai Mansingh Stadium, Jaipur",Jaipur,batting,Royal Challengers Bangalore,field,0,0,82,81,125,105,Royal Challengers Bangalore,RCB,9 runs,Wanindu Hasaranga
1121,2024,league,Mumbai Indians,Kolkata Knight Riders,MI,KKR,"Wankhede Stadium, Mumbai",Mumbai,batting,Kolkata Knight Riders,field,1,0,88,85,205,220,Kolkata Knight Riders,KKR,25 runs,Shreyas Iyer
1122,2023,league,Sunrisers Hyderabad,Royal Challengers Bangalore,SRH,RCB,"Rajiv Gandhi Stadium, Hyderabad",Hyderabad,balanced,Royal Challengers Bangalore,field,1,0,78,82,204,198,Sunrisers Hyderabad,SRH,2 wickets,Travis Head
1123,2023,league,Royal Challengers Bangalore,Kolkata Knight Riders,RCB,KKR,"Eden Gardens, Kolkata",Kolkata,balanced,Kolkata Knight Riders,field,0,1,82,85,166,190,Kolkata Knight Riders,KKR,4 wickets,Venkatesh Iyer
1124,2021,playoff,Royal Challengers Bangalore,Punjab Kings,RCB,PBKS,"M.A. Chidambaram Stadium, Chennai",Chennai,spin,Royal Challengers Bangalore,bat,0,0,82,75,184,179,Royal Challengers Bangalore,RCB,44 runs,Rajat Patidar
1125,2026,league,Rajasthan Royals,Kolkata Knight Riders,RR,KKR,"Sawai Mansingh Stadium, Jaipur",Jaipur,batting,Rajasthan Royals,field,1,0,83,85,191,147,Rajasthan Royals,RR,37 runs,Trent Boult
1126,2025,league,Rajasthan Royals,Sunrisers Hyderabad,RR,SRH,"M.A. Chidambaram Stadium, Chennai",Chennai,spin,Rajasthan Royals,field,0,0,83,78,137,112,Rajasthan Royals,RR,20 runs,Jos Buttler
1127,2021,league,Gujarat Titans,Punjab Kings,GT,PBKS,"Narendra Modi Stadium, Ahmedabad",Ahmedabad,balanced,Punjab Kings,field,1,0,86,75,166,156,Gujarat Titans,GT,6 wickets,Rahul Tewatia
1128,2021,league,Mumbai Indians,Punjab Kings,MI,PBKS,"IS Bindra Stadium, Mohali",Mohali,pace,Mumbai Indians,field,0,1,88,75,172,144,Mumbai Indians,MI,35 runs,Suryakumar Yadav
1129,2026,league,Rajasthan Royals,Lucknow Super Giants,RR,LSG,"BRSABV Ekana Stadium, Lucknow",Lucknow,balanced,Rajasthan Royals,field,0,1,83,81,236,195,Rajasthan Royals,RR,3 wickets,Jos Buttler
1130,2020,league,Mumbai Indians,Rajasthan Royals,MI,RR,"Wankhede Stadium, Mumbai",Mumbai,batting,Rajasthan Royals,field,1,0,88,83,225,184,Mumbai Indians,MI,6 wickets,Ishan Kishan
1131,2022,final,Mumbai Indians,Royal Challengers Bangalore,MI,RCB,"BRSABV Ekana Stadium, Lucknow",Lucknow,balanced,Mumbai Indians,field,0,0,88,82,157,174,Royal Challengers Bangalore,RCB,3 wickets,Dinesh Karthik
1132,2019,league,Delhi Capitals,Gujarat Titans,DC,GT,"Arun Jaitley Stadium, Delhi",Delhi,balanced,Gujarat Titans,field,1,0,80,86,213,220,Gujarat Titans,GT,44 runs,Shubman Gill
1133,2021,playoff,Punjab Kings,Sunrisers Hyderabad,PBKS,SRH,"Rajiv Gandhi Stadium, Hyderabad",Hyderabad,balanced,Sunrisers Hyderabad,field,0,1,75,78,206,171,Punjab Kings,PBKS,7 runs,Arshdeep Singh
1134,2021,league,Kolkata Knight Riders,Chennai Super Kings,KKR,CSK,"Eden Gardens, Kolkata",Kolkata,balanced,Chennai Super Kings,bat,1,0,85,90,179,151,Kolkata Knight Riders,KKR,5 wickets,Varun Chakravarthy
1135,2022,league,Rajasthan Royals,Sunrisers Hyderabad,RR,SRH,"Eden Gardens, Kolkata",Kolkata,balanced,Rajasthan Royals,field,0,0,83,78,224,187,Rajasthan Royals,RR,3 wickets,Yuzvendra Chahal
1136,2018,final,Lucknow Super Giants,Gujarat Titans,LSG,GT,"Arun Jaitley Stadium, Delhi",Delhi,balanced,Gujarat Titans,field,0,0,81,86,157,169,Gujarat Titans,GT,22 runs,Mohammed Shami
1137,2025,league,Chennai Super Kings,Kolkata Knight Riders,CSK,KKR,"Eden Gardens, Kolkata",Kolkata,balanced,Chennai Super Kings,field,0,1,90,85,164,174,Kolkata Knight Riders,KKR,2 wickets,Varun Chakravarthy
1138,2018,league,Kolkata Knight Riders,Delhi Capitals,KKR,DC,"Eden Gardens, Kolkata",Kolkata,balanced,Kolkata Knight Riders,field,1,0,85,80,192,152,Kolkata Knight Riders,KKR,16 runs,Sunil Narine
1139,2023,league,Gujarat Titans,Kolkata Knight Riders,GT,KKR,"Narendra Modi Stadium, Ahmedabad",Ahmedabad,balanced,Kolkata Knight Riders,bat,1,0,86,85,171,144,Gujarat Titans,GT,2 wickets,Wriddhiman Saha
1140,2020,league,Rajasthan Royals,Royal Challengers Bangalore,RR,RCB,"Sawai Mansingh Stadium, Jaipur",Jaipur,batting,Royal Challengers Bangalore,field,1,0,83,82,142,170,Royal Challengers Bangalore,RCB,28 runs,Rajat Patidar
1141,2022,playoff,Punjab Kings,Rajasthan Royals,PBKS,RR,"IS Bindra Stadium, Mohali",Mohali,pace,Rajasthan Royals,field,1,0,75,83,103,80,Punjab Kings,PBKS,4 wickets,Kagiso Rabada
1142,2024,league,Chennai Super Kings,Sunrisers Hyderabad,CSK,SRH,"Arun Jaitley Stadium, Delhi",Delhi,balanced,Chennai Super Kings,bat,0,0,90,78,149,140,Chennai Super Kings,CSK,2 wickets,Ruturaj Gaikwad
1143,2020,league,Gujarat Titans,Rajasthan Royals,GT,RR,"M.A. Chidambaram Stadium, Chennai",Chennai,spin,Rajasthan Royals,field,0,0,86,83,136,142,Rajasthan Royals,RR,1 wickets,Riyan Parag
1144,2022,league,Mumbai Indians,Kolkata Knight Riders,MI,KKR,"BRSABV Ekana Stadium, Lucknow",Lucknow,balanced,Mumbai Indians,field,0,0,88,85,186,169,Mumbai Indians,MI,28 runs,Rohit Sharma
1145,2019,playoff,Royal Challengers Bangalore,Delhi Capitals,RCB,DC,"Arun Jaitley Stadium, Delhi",Delhi,balanced,Royal Challengers Bangalore,bat,0,1,82,80,170,155,Royal Challengers Bangalore,RCB,42 runs,Dinesh Karthik
1146,2025,league,Mumbai Indians,Kolkata Knight Riders,MI,KKR,"Wankhede Stadium, Mumbai",Mumbai,batting,Mumbai Indians,field,1,0,88,85,184,212,Kolkata Knight Riders,KKR,45 runs,Andre Russell
1147,2026,playoff,Kolkata Knight Riders,Chennai Super Kings,KKR,CSK,"IS Bindra Stadium, Mohali",Mohali,pace,Chennai Super Kings,field,0,0,85,90,185,208,Chennai Super Kings,CSK,5 wickets,Devon Conway
1148,2024,league,Kolkata Knight Riders,Sunrisers Hyderabad,KKR,SRH,"Rajiv Gandhi Stadium, Hyderabad",Hyderabad,balanced,Sunrisers Hyderabad,field,0,1,85,78,171,187,Sunrisers Hyderabad,SRH,1 wickets,T Natarajan
1149,2018,league,Rajasthan Royals,Gujarat Titans,RR,GT,"Arun Jaitley Stadium, Delhi",Delhi,balanced,Gujarat Titans,bat,0,0,83,86,165,180,Gujarat Titans,GT,5 wickets,Rashid Khan
1150,2022,league,Royal Challengers Bangalore,Lucknow Super Giants,RCB,LSG,"M. Chinnaswamy Stadium, Bangalore",Bangalore,batting,Royal Challengers Bangalore,field,1,0,82,81,201,210,Lucknow Super Giants,LSG,43 runs,Marcus Stoinis
1151,2022,final,Punjab Kings,Mumbai Indians,PBKS,MI,"M.A. Chidambaram Stadium, Chennai",Chennai,spin,Mumbai Indians,field,0,0,75,88,128,115,Punjab Kings,PBKS,6 wickets,Sam Curran
1152,2018,league,Royal Challengers Bangalore,Delhi Capitals,RCB,DC,"Rajiv Gandhi Stadium, Hyderabad",Hyderabad,balanced,Delhi Capitals,field,0,0,82,80,175,203,Delhi Capitals,DC,24 runs,Kuldeep Yadav
1153,2021,league,Rajasthan Royals,Sunrisers Hyderabad,RR,SRH,"Rajiv Gandhi Stadium, Hyderabad",Hyderabad,balanced,Sunrisers Hyderabad,field,0,1,83,78,159,141,Rajasthan Royals,RR,12 runs,Shimron Hetmyer
1154,2020,playoff,Sunrisers Hyderabad,Lucknow Super Giants,SRH,LSG,"Eden Gardens, Kolkata",Kolkata,balanced,Lucknow Super Giants,field,0,0,78,81,204,225,Lucknow Super Giants,LSG,46 runs,Ayush Badoni
1155,2018,league,Rajasthan Royals,Royal Challengers Bangalore,RR,RCB,"Sawai Mansingh Stadium, Jaipur",Jaipur,batting,Royal Challengers Bangalore,field,1,0,83,82,208,180,Rajasthan Royals,RR,5 wickets,Shimron Hetmyer
1156,2025,league,Gujarat Titans,Chennai Super Kings,GT,CSK,"Wankhede Stadium, Mumbai",Mumbai,batting,Gujarat Titans,field,0,0,86,90,195,190,Gujarat Titans,GT,1 wickets,Rashid Khan
1157,2024,league,Royal Challengers Bangalore,Sunrisers Hyderabad,RCB,SRH,"M. Chinnaswamy Stadium, Bangalore",Bangalore,batting,Sunrisers Hyderabad,bat,1,0,82,78,122,145,Sunrisers Hyderabad,SRH,22 runs,Bhuvneshwar Kumar
1158,2026,playoff,Kolkata Knight Riders,Chennai Super Kings,KKR,CSK,"IS Bindra Stadium, Mohali",Mohali,pace,Kolkata Knight Riders,field,0,0,85,90,183,155,Kolkata Knight Riders,KKR,4 wickets,Rinku Singh
1159,2024,league,Kolkata Knight Riders,Chennai Super Kings,KKR,CSK,"M.A. Chidambaram Stadium, Chennai",Chennai,spin,Kolkata Knight Riders,bat,0,1,85,90,151,173,Chennai Super Kings,CSK,18 runs,Ravindra Jadeja
1160,2024,playoff,Gujarat Titans,Rajasthan Royals,GT,RR,"Sawai Mansingh Stadium, Jaipur",Jaipur,batting,Gujarat Titans,bat,0,1,86,83,201,225,Rajasthan Royals,RR,8 runs,Riyan Parag
1161,2023,league,Rajasthan Royals,Kolkata Knight Riders,RR,KKR,"Eden Gardens, Kolkata",Kolkata,balanced,Rajasthan Royals,field,0,1,83,85,200,173,Rajasthan Royals,RR,5 wickets,Yashasvi Jaiswal
1162,2025,league,Kolkata Knight Riders,Sunrisers Hyderabad,KKR,SRH,"Eden Gardens, Kolkata",Kolkata,balanced,Sunrisers Hyderabad,bat,1,0,85,78,154,112,Kolkata Knight Riders,KKR,1 wickets,Venkatesh Iyer
1163,2022,league,Punjab Kings,Mumbai Indians,PBKS,MI,"Rajiv Gandhi Stadium, Hyderabad",Hyderabad,balanced,Mumbai Indians,field,0,0,75,88,130,149,Mumbai Indians,MI,17 runs,Rohit Sharma
1164,2025,league,Delhi Capitals,Royal Challengers Bangalore,DC,RCB,"BRSABV Ekana Stadium, Lucknow",Lucknow,balanced,Royal Challengers Bangalore,field,0,0,80,82,142,107,Delhi Capitals,DC,11 runs,David Warner
1165,2026,league,Delhi Capitals,Kolkata Knight Riders,DC,KKR,"Rajiv Gandhi Stadium, Hyderabad",Hyderabad,balanced,Kolkata Knight Riders,field,0,0,80,85,207,222,Kolkata Knight Riders,KKR,1 wickets,Sunil Narine
1166,2019,league,Delhi Capitals,Kolkata Knight Riders,DC,KKR,"BRSABV Ekana Stadium, Lucknow",Lucknow,balanced,Kolkata Knight Riders,field,0,0,80,85,143,163,Kolkata Knight Riders,KKR,2 wickets,Varun Chakravarthy
1167,2020,league,Gujarat Titans,Rajasthan Royals,GT,RR,"Narendra Modi Stadium, Ahmedabad",Ahmedabad,balanced,Rajasthan Royals,bat,1,0,86,83,208,226,Rajasthan Royals,RR,1 wickets,Riyan Parag
1168,2020,league,Kolkata Knight Riders,Delhi Capitals,KKR,DC,"Wankhede Stadium, Mumbai",Mumbai,batting,Kolkata Knight Riders,bat,0,0,85,80,184,165,Kolkata Knight Riders,KKR,6 runs,Andre Russell
1169,2020,league,Delhi Capitals,Royal Challengers Bangalore,DC,RCB,"M. Chinnaswamy Stadium, Bangalore",Bangalore,batting,Royal Challengers Bangalore,field,0,1,80,82,203,166,Delhi Capitals,DC,4 wickets,Rishabh Pant
1170,2019,league,Lucknow Super Giants,Rajasthan Royals,LSG,RR,"BRSABV Ekana Stadium, Lucknow",Lucknow,balanced,Lucknow Super Giants,field,1,0,81,83,172,129,Lucknow Super Giants,LSG,43 runs,Ayush Badoni
1171,2023,league,Lucknow Super Giants,Punjab Kings,LSG,PBKS,"IS Bindra Stadium, Mohali",Mohali,pace,Lucknow Super Giants,field,0,1,81,75,172,200,Punjab Kings,PBKS,31 runs,Arshdeep Singh
1172,2021,league,Mumbai Indians,Punjab Kings,MI,PBKS,"IS Bindra Stadium, Mohali",Mohali,pace,Mumbai Indians,bat,0,1,88,75,176,147,Mumbai Indians,MI,2 wickets,Rohit Sharma
1173,2020,league,Chennai Super Kings,Punjab Kings,CSK,PBKS,"M.A. Chidambaram Stadium, Chennai",Chennai,spin,Punjab Kings,field,1,0,90,75,155,127,Chennai Super Kings,CSK,3 wickets,Deepak Chahar
1174,2023,league,Lucknow Super Giants,Gujarat Titans,LSG,GT,"Narendra Modi Stadium, Ahmedabad",Ahmedabad,balanced,Lucknow Super Giants,bat,0,1,81,86,251,252,Gujarat Titans,GT,1 wickets,Mohammed Shami
1175,2023,league,Lucknow Super Giants,Kolkata Knight Riders,LSG,KKR,"Rajiv Gandhi Stadium, Hyderabad",Hyderabad,balanced,Kolkata Knight Riders,bat,0,0,81,85,175,176,Kolkata Knight Riders,KKR,1 wickets,Sunil Narine
1176,2025,league,Kolkata Knight Riders,Royal Challengers Bangalore,KKR,RCB,"M. Chinnaswamy Stadium, Bangalore",Bangalore,batting,Kolkata Knight Riders,bat,0,1,85,82,180,200,Royal Challengers Bangalore,RCB,6 wickets,Dinesh Karthik
1177,2020,league,Chennai Super Kings,Lucknow Super Giants,CSK,LSG,"M.A. Chidambaram Stadium, Chennai",Chennai,spin,Chennai Super Kings,bat,1,0,90,81,166,160,Chennai Super Kings,CSK,19 runs,Ravindra Jadeja
1178,2020,league,Royal Challengers Bangalore,Punjab Kings,RCB,PBKS,"M. Chinnaswamy Stadium, Bangalore",Bangalore,batting,Royal Challengers Bangalore,field,1,0,82,75,203,226,Punjab Kings,PBKS,31 runs,Jitesh Sharma
1179,2019,playoff,Chennai Super Kings,Lucknow Super Giants,CSK,LSG,"M.A. Chidambaram Stadium, Chennai",Chennai,spin,Lucknow Super Giants,field,1,0,90,81,143,116,Chennai Super Kings,CSK,5 runs,Ravindra Jadeja
1180,2023,league,Chennai Super Kings,Gujarat Titans,CSK,GT,"Narendra Modi Stadium, Ahmedabad",Ahmedabad,balanced,Chennai Super Kings,field,0,1,90,86,186,173,Chennai Super Kings,CSK,30 runs,Deepak Chahar
1181,2024,league,Lucknow Super Giants,Royal Challengers Bangalore,LSG,RCB,"M. Chinnaswamy Stadium, Bangalore",Bangalore,batting,Royal Challengers Bangalore,field,0,1,81,82,181,153,Lucknow Super Giants,LSG,16 runs,Mark Wood
1182,2024,league,Lucknow Super Giants,Mumbai Indians,LSG,MI,"BRSABV Ekana Stadium, Lucknow",Lucknow,balanced,Mumbai Indians,bat,1,0,81,88,166,125,Lucknow Super Giants,LSG,3 wickets,Quinton de Kock
1183,2020,league,Royal Challengers Bangalore,Delhi Capitals,RCB,DC,"BRSABV Ekana Stadium, Lucknow",Lucknow,balanced,Royal Challengers Bangalore,field,0,0,82,80,151,177,Delhi Capitals,DC,6 wickets,Axar Patel
1184,2020,playoff,Sunrisers Hyderabad,Kolkata Knight Riders,SRH,KKR,"Rajiv Gandhi Stadium, Hyderabad",Hyderabad,balanced,Sunrisers Hyderabad,field,1,0,78,85,159,187,Kolkata Knight Riders,KKR,17 runs,Varun Chakravarthy
1185,2024,league,Royal Challengers Bangalore,Lucknow Super Giants,RCB,LSG,"Narendra Modi Stadium, Ahmedabad",Ahmedabad,balanced,Royal Challengers Bangalore,field,0,0,82,81,97,80,Royal Challengers Bangalore,RCB,3 wickets,Mohammed Siraj
1186,2022,league,Rajasthan Royals,Mumbai Indians,RR,MI,"Wankhede Stadium, Mumbai",Mumbai,batting,Mumbai Indians,field,0,1,83,88,195,169,Rajasthan Royals,RR,2 wickets,Riyan Parag
1187,2018,league,Punjab Kings,Royal Challengers Bangalore,PBKS,RCB,"M. Chinnaswamy Stadium, Bangalore",Bangalore,batting,Royal Challengers Bangalore,bat,0,1,75,82,186,211,Royal Challengers Bangalore,RCB,7 wickets,Virat Kohli
1188,2021,league,Gujarat Titans,Chennai Super Kings,GT,CSK,"IS Bindra Stadium, Mohali",Mohali,pace,Gujarat Titans,field,0,0,86,90,141,168,Chennai Super Kings,CSK,26 runs,Devon Conway
1189,2026,playoff,Lucknow Super Giants,Gujarat Titans,LSG,GT,"BRSABV Ekana Stadium, Lucknow",Lucknow,balanced,Gujarat Titans,bat,1,0,81,86,148,118,Lucknow Super Giants,LSG,35 runs,KL Rahul
1190,2026,league,Lucknow Super Giants,Rajasthan Royals,LSG,RR,"BRSABV Ekana Stadium, Lucknow",Lucknow,balanced,Lucknow Super Giants,field,1,0,81,83,139,132,Lucknow Super Giants,LSG,4 wickets,Ravi Bishnoi
1191,2019,league,Kolkata Knight Riders,Royal Challengers Bangalore,KKR,RCB,"Sawai Mansingh Stadium, Jaipur",Jaipur,batting,Royal Challengers Bangalore,bat,0,0,85,82,178,147,Kolkata Knight Riders,KKR,18 runs,Rinku Singh
1192,2023,league,Mumbai Indians,Gujarat Titans,MI,GT,"Wankhede Stadium, Mumbai",Mumbai,batting,Gujarat Titans,field,1,0,88,86,191,215,Gujarat Titans,GT,3 wickets,Rashid Khan
1193,2018,league,Gujarat Titans,Delhi Capitals,GT,DC,"M. Chinnaswamy Stadium, Bangalore",Bangalore,batting,Gujarat Titans,bat,0,0,86,80,212,235,Delhi Capitals,DC,24 runs,Tristan Stubbs
1194,2025,league,Punjab Kings,Delhi Capitals,PBKS,DC,"M.A. Chidambaram Stadium, Chennai",Chennai,spin,Delhi Capitals,field,0,0,75,80,172,153,Punjab Kings,PBKS,1 wickets,Jitesh Sharma
1195,2020,league,Sunrisers Hyderabad,Kolkata Knight Riders,SRH,KKR,"Rajiv Gandhi Stadium, Hyderabad",Hyderabad,balanced,Sunrisers Hyderabad,field,1,0,78,85,162,134,Sunrisers Hyderabad,SRH,1 wickets,Abhishek Sharma
1196,2020,league,Sunrisers Hyderabad,Mumbai Indians,SRH,MI,"Arun Jaitley Stadium, Delhi",Delhi,balanced,Sunrisers Hyderabad,field,0,0,78,88,174,184,Mumbai Indians,MI,3 wickets,Jasprit Bumrah
1197,2023,league,Gujarat Titans,Chennai Super Kings,GT,CSK,"IS Bindra Stadium, Mohali",Mohali,pace,Gujarat Titans,field,0,0,86,90,180,185,Chennai Super Kings,CSK,9 runs,Shivam Dube
1198,2025,playoff,Rajasthan Royals,Mumbai Indians,RR,MI,"Wankhede Stadium, Mumbai",Mumbai,batting,Mumbai Indians,bat,0,1,83,88,168,181,Mumbai Indians,MI,7 wickets,Piyush Chawla
1199,2024,league,Mumbai Indians,Royal Challengers Bangalore,MI,RCB,"M. Chinnaswamy Stadium, Bangalore",Bangalore,batting,Mumbai Indians,field,0,1,88,82,218,245,Royal Challengers Bangalore,RCB,46 runs,Mohammed Siraj
1200,2026,final,Royal Challengers Bangalore,Punjab Kings,RCB,PBKS,"M. Chinnaswamy Stadium, Bangalore",Bangalore,batting,Punjab Kings,field,1,0,82,75,198,178,Royal Challengers Bangalore,RCB,33 runs,Rajat Patidar
1201,2026,league,Lucknow Super Giants,Gujarat Titans,LSG,GT,"Narendra Modi Stadium, Ahmedabad",Ahmedabad,balanced,Lucknow Super Giants,field,0,1,81,86,197,160,Lucknow Super Giants,LSG,16 runs,KL Rahul
1202,2019,league,Kolkata Knight Riders,Sunrisers Hyderabad,KKR,SRH,"M.A. Chidambaram Stadium, Chennai",Chennai,spin,Sunrisers Hyderabad,field,0,0,85,78,144,165,Sunrisers Hyderabad,SRH,4 wickets,Heinrich Klaasen
1203,2019,league,Royal Challengers Bangalore,Lucknow Super Giants,RCB,LSG,"Arun Jaitley Stadium, Delhi",Delhi,balanced,Lucknow Super Giants,field,0,0,82,81,223,245,Lucknow Super Giants,LSG,3 wickets,Mark Wood
1204,2026,league,Gujarat Titans,Rajasthan Royals,GT,RR,"Sawai Mansingh Stadium, Jaipur",Jaipur,batting,Gujarat Titans,field,0,1,86,83,183,144,Gujarat Titans,GT,4 wickets,Wriddhiman Saha
1205,2020,league,Gujarat Titans,Mumbai Indians,GT,MI,"Rajiv Gandhi Stadium, Hyderabad",Hyderabad,balanced,Gujarat Titans,field,0,0,86,88,189,164,Gujarat Titans,GT,1 wickets,Hardik Pandya
1206,2026,league,Gujarat Titans,Punjab Kings,GT,PBKS,"Wankhede Stadium, Mumbai",Mumbai,batting,Punjab Kings,field,0,0,86,75,215,231,Punjab Kings,PBKS,6 wickets,Liam Livingstone
1207,2020,final,Delhi Capitals,Kolkata Knight Riders,DC,KKR,"Rajiv Gandhi Stadium, Hyderabad",Hyderabad,balanced,Delhi Capitals,field,0,0,80,85,167,193,Kolkata Knight Riders,KKR,23 runs,Sunil Narine
1208,2025,final,Delhi Capitals,Rajasthan Royals,DC,RR,"Arun Jaitley Stadium, Delhi",Delhi,balanced,Rajasthan Royals,field,1,0,80,83,166,168,Rajasthan Royals,RR,6 wickets,Riyan Parag
1209,2024,league,Sunrisers Hyderabad,Lucknow Super Giants,SRH,LSG,"Rajiv Gandhi Stadium, Hyderabad",Hyderabad,balanced,Lucknow Super Giants,field,1,0,78,81,191,176,Sunrisers Hyderabad,SRH,44 runs,T Natarajan
1210,2020,league,Lucknow Super Giants,Chennai Super Kings,LSG,CSK,"Sawai Mansingh Stadium, Jaipur",Jaipur,batting,Chennai Super Kings,bat,0,0,81,90,179,187,Chennai Super Kings,CSK,2 wickets,Deepak Chahar
1211,2026,league,Royal Challengers Bangalore,Lucknow Super Giants,RCB,LSG,"BRSABV Ekana Stadium, Lucknow",Lucknow,balanced,Royal Challengers Bangalore,field,0,1,82,81,212,174,Royal Challengers Bangalore,RCB,10 runs,Dinesh Karthik
1212,2025,league,Chennai Super Kings,Punjab Kings,CSK,PBKS,"IS Bindra Stadium, Mohali",Mohali,pace,Chennai Super Kings,bat,0,1,90,75,190,195,Punjab Kings,PBKS,5 wickets,Liam Livingstone
1213,2020,league,Mumbai Indians,Sunrisers Hyderabad,MI,SRH,"Wankhede Stadium, Mumbai",Mumbai,batting,Sunrisers Hyderabad,bat,1,0,88,78,174,193,Sunrisers Hyderabad,SRH,32 runs,Heinrich Klaasen
1214,2023,league,Mumbai Indians,Punjab Kings,MI,PBKS,"IS Bindra Stadium, Mohali",Mohali,pace,Punjab Kings,bat,0,1,88,75,186,214,Punjab Kings,PBKS,23 runs,Arshdeep Singh
1215,2024,league,Mumbai Indians,Lucknow Super Giants,MI,LSG,"Wankhede Stadium, Mumbai",Mumbai,batting,Mumbai Indians,bat,1,0,88,81,222,197,Mumbai Indians,MI,6 wickets,Rohit Sharma
1216,2020,league,Sunrisers Hyderabad,Chennai Super Kings,SRH,CSK,"M.A. Chidambaram Stadium, Chennai",Chennai,spin,Chennai Super Kings,field,0,1,78,90,201,219,Chennai Super Kings,CSK,17 runs,MS Dhoni
1217,2023,league,Mumbai Indians,Royal Challengers Bangalore,MI,RCB,"M. Chinnaswamy Stadium, Bangalore",Bangalore,batting,Mumbai Indians,field,0,1,88,82,169,160,Mumbai Indians,MI,45 runs,Suryakumar Yadav
1218,2023,playoff,Rajasthan Royals,Royal Challengers Bangalore,RR,RCB,"M.A. Chidambaram Stadium, Chennai",Chennai,spin,Royal Challengers Bangalore,field,0,0,83,82,206,163,Rajasthan Royals,RR,5 wickets,Sanju Samson
1219,2023,playoff,Royal Challengers Bangalore,Delhi Capitals,RCB,DC,"M. Chinnaswamy Stadium, Bangalore",Bangalore,batting,Delhi Capitals,bat,1,0,82,80,173,180,Delhi Capitals,DC,1 wickets,Axar Patel
1220,2020,league,Rajasthan Royals,Kolkata Knight Riders,RR,KKR,"M. Chinnaswamy Stadium, Bangalore",Bangalore,batting,Kolkata Knight Riders,field,0,0,83,85,223,180,Rajasthan Royals,RR,5 wickets,Riyan Parag
1221,2026,league,Gujarat Titans,Delhi Capitals,GT,DC,"M.A. Chidambaram Stadium, Chennai",Chennai,spin,Delhi Capitals,bat,0,0,86,80,177,153,Gujarat Titans,GT,7 wickets,Wriddhiman Saha
1222,2021,league,Punjab Kings,Lucknow Super Giants,PBKS,LSG,"BRSABV Ekana Stadium, Lucknow",Lucknow,balanced,Lucknow Super Giants,bat,0,1,75,81,174,160,Punjab Kings,PBKS,5 wickets,Jonny Bairstow
1223,2024,league,Delhi Capitals,Royal Challengers Bangalore,DC,RCB,"Wankhede Stadium, Mumbai",Mumbai,batting,Delhi Capitals,field,0,0,80,82,171,191,Royal Challengers Bangalore,RCB,29 runs,Mohammed Siraj
1224,2024,league,Gujarat Titans,Kolkata Knight Riders,GT,KKR,"Sawai Mansingh Stadium, Jaipur",Jaipur,batting,Kolkata Knight Riders,bat,0,0,86,85,148,114,Gujarat Titans,GT,3 wickets,Wriddhiman Saha
1225,2021,league,Rajasthan Royals,Mumbai Indians,RR,MI,"Wankhede Stadium, Mumbai",Mumbai,batting,Rajasthan Royals,field,0,1,83,88,102,112,Mumbai Indians,MI,4 wickets,Suryakumar Yadav
1226,2022,league,Punjab Kings,Chennai Super Kings,PBKS,CSK,"M.A. Chidambaram Stadium, Chennai",Chennai,spin,Punjab Kings,field,0,1,75,90,141,97,Punjab Kings,PBKS,3 runs,Jitesh Sharma
1227,2020,league,Kolkata Knight Riders,Mumbai Indians,KKR,MI,"Eden Gardens, Kolkata",Kolkata,balanced,Kolkata Knight Riders,field,1,0,85,88,183,202,Mumbai Indians,MI,5 wickets,Tim David
1228,2023,league,Sunrisers Hyderabad,Delhi Capitals,SRH,DC,"Arun Jaitley Stadium, Delhi",Delhi,balanced,Delhi Capitals,field,0,1,78,80,156,134,Sunrisers Hyderabad,SRH,17 runs,Travis Head
1229,2021,league,Mumbai Indians,Punjab Kings,MI,PBKS,"Wankhede Stadium, Mumbai",Mumbai,batting,Punjab Kings,field,1,0,88,75,210,192,Mumbai Indians,MI,6 runs,Tilak Varma
1230,2023,league,Mumbai Indians,Kolkata Knight Riders,MI,KKR,"M.A. Chidambaram Stadium, Chennai",Chennai,spin,Kolkata Knight Riders,field,0,0,88,85,203,224,Kolkata Knight Riders,KKR,6 wickets,Venkatesh Iyer
1231,2026,league,Lucknow Super Giants,Sunrisers Hyderabad,LSG,SRH,"Rajiv Gandhi Stadium, Hyderabad",Hyderabad,balanced,Lucknow Super Giants,field,0,1,81,78,145,125,Lucknow Super Giants,LSG,7 wickets,KL Rahul
1232,2025,league,Royal Challengers Bangalore,Chennai Super Kings,RCB,CSK,"M. Chinnaswamy Stadium, Bangalore",Bangalore,batting,Royal Challengers Bangalore,field,1,0,82,90,207,208,Chennai Super Kings,CSK,36 runs,Deepak Chahar
1233,2025,league,Delhi Capitals,Royal Challengers Bangalore,DC,RCB,"Sawai Mansingh Stadium, Jaipur",Jaipur,batting,Delhi Capitals,bat,0,0,80,82,192,209,Royal Challengers Bangalore,RCB,3 runs,Rajat Patidar
1234,2021,league,Sunrisers Hyderabad,Delhi Capitals,SRH,DC,"Rajiv Gandhi Stadium, Hyderabad",Hyderabad,balanced,Delhi Capitals,field,1,0,78,80,161,153,Sunrisers Hyderabad,SRH,6 wickets,Bhuvneshwar Kumar
1235,2024,league,Delhi Capitals,Rajasthan Royals,DC,RR,"Arun Jaitley Stadium, Delhi",Delhi,balanced,Rajasthan Royals,field,1,0,80,83,135,120,Delhi Capitals,DC,6 wickets,Kuldeep Yadav
1236,2024,playoff,Royal Challengers Bangalore,Mumbai Indians,RCB,MI,"M. Chinnaswamy Stadium, Bangalore",Bangalore,batting,Mumbai Indians,bat,1,0,82,88,184,200,Mumbai Indians,MI,4 wickets,Tilak Varma
1237,2023,league,Kolkata Knight Riders,Lucknow Super Giants,KKR,LSG,"Eden Gardens, Kolkata",Kolkata,balanced,Kolkata Knight Riders,bat,1,0,85,81,184,163,Kolkata Knight Riders,KKR,16 runs,Sunil Narine
1238,2021,league,Rajasthan Royals,Kolkata Knight Riders,RR,KKR,"Eden Gardens, Kolkata",Kolkata,balanced,Kolkata Knight Riders,field,0,1,83,85,157,167,Kolkata Knight Riders,KKR,43 runs,Sunil Narine
1239,2022,league,Sunrisers Hyderabad,Gujarat Titans,SRH,GT,"Narendra Modi Stadium, Ahmedabad",Ahmedabad,balanced,Gujarat Titans,field,0,1,78,86,217,213,Sunrisers Hyderabad,SRH,12 runs,Heinrich Klaasen
1240,2021,league,Chennai Super Kings,Gujarat Titans,CSK,GT,"Eden Gardens, Kolkata",Kolkata,balanced,Chennai Super Kings,field,0,0,90,86,144,112,Chennai Super Kings,CSK,1 wickets,Devon Conway
1241,2024,league,Chennai Super Kings,Royal Challengers Bangalore,CSK,RCB,"M. Chinnaswamy Stadium, Bangalore",Bangalore,batting,Chennai Super Kings,bat,0,1,90,82,152,109,Chennai Super Kings,CSK,31 runs,MS Dhoni
1242,2019,league,Royal Challengers Bangalore,Sunrisers Hyderabad,RCB,SRH,"M. Chinnaswamy Stadium, Bangalore",Bangalore,batting,Royal Challengers Bangalore,bat,1,0,82,78,149,134,Royal Challengers Bangalore,RCB,35 runs,Virat Kohli
1243,2025,league,Rajasthan Royals,Kolkata Knight Riders,RR,KKR,"Narendra Modi Stadium, Ahmedabad",Ahmedabad,balanced,Kolkata Knight Riders,field,0,0,83,85,170,132,Rajasthan Royals,RR,6 wickets,Riyan Parag
1244,2021,league,Sunrisers Hyderabad,Chennai Super Kings,SRH,CSK,"M.A. Chidambaram Stadium, Chennai",Chennai,spin,Chennai Super Kings,field,0,1,78,90,125,115,Sunrisers Hyderabad,SRH,2 wickets,Aiden Markram
1245,2020,league,Mumbai Indians,Lucknow Super Giants,MI,LSG,"BRSABV Ekana Stadium, Lucknow",Lucknow,balanced,Lucknow Super Giants,field,0,1,88,81,141,145,Lucknow Super Giants,LSG,2 wickets,Ayush Badoni
1246,2024,league,Mumbai Indians,Delhi Capitals,MI,DC,"Eden Gardens, Kolkata",Kolkata,balanced,Mumbai Indians,bat,0,0,88,80,116,93,Mumbai Indians,MI,36 runs,Ishan Kishan
1247,2026,league,Sunrisers Hyderabad,Gujarat Titans,SRH,GT,"Narendra Modi Stadium, Ahmedabad",Ahmedabad,balanced,Sunrisers Hyderabad,field,0,1,78,86,138,150,Gujarat Titans,GT,24 runs,Mohammed Shami
1248,2019,league,Gujarat Titans,Mumbai Indians,GT,MI,"Wankhede Stadium, Mumbai",Mumbai,batting,Gujarat Titans,bat,0,1,86,88,211,205,Gujarat Titans,GT,21 runs,Shubman Gill
1249,2022,league,Sunrisers Hyderabad,Chennai Super Kings,SRH,CSK,"M.A. Chidambaram Stadium, Chennai",Chennai,spin,Sunrisers Hyderabad,bat,0,1,78,90,137,162,Chennai Super Kings,CSK,2 wickets,Ravindra Jadeja
1250,2020,league,Delhi Capitals,Chennai Super Kings,DC,CSK,"Arun Jaitley Stadium, Delhi",Delhi,balanced,Chennai Super Kings,bat,1,0,80,90,195,183,Delhi Capitals,DC,33 runs,Jake Fraser-McGurk
1251,2025,league,Sunrisers Hyderabad,Gujarat Titans,SRH,GT,"IS Bindra Stadium, Mohali",Mohali,pace,Gujarat Titans,bat,0,0,78,86,99,112,Gujarat Titans,GT,24 runs,David Miller
1252,2019,playoff,Rajasthan Royals,Sunrisers Hyderabad,RR,SRH,"Rajiv Gandhi Stadium, Hyderabad",Hyderabad,balanced,Rajasthan Royals,field,0,1,83,78,155,181,Sunrisers Hyderabad,SRH,26 runs,T Natarajan
1253,2025,league,Chennai Super Kings,Rajasthan Royals,CSK,RR,"M. Chinnaswamy Stadium, Bangalore",Bangalore,batting,Chennai Super Kings,field,0,0,90,83,216,182,Chennai Super Kings,CSK,6 wickets,Ravindra Jadeja
1254,2020,league,Sunrisers Hyderabad,Rajasthan Royals,SRH,RR,"Narendra Modi Stadium, Ahmedabad",Ahmedabad,balanced,Rajasthan Royals,field,0,0,78,83,169,186,Rajasthan Royals,RR,16 runs,Trent Boult
1255,2022,league,Rajasthan Royals,Gujarat Titans,RR,GT,"Eden Gardens, Kolkata",Kolkata,balanced,Rajasthan Royals,bat,0,0,83,86,159,123,Rajasthan Royals,RR,32 runs,Shimron Hetmyer
1256,2022,league,Punjab Kings,Gujarat Titans,PBKS,GT,"Narendra Modi Stadium, Ahmedabad",Ahmedabad,balanced,Punjab Kings,bat,0,1,75,86,220,235,Gujarat Titans,GT,24 runs,Mohammed Shami
1257,2020,league,Chennai Super Kings,Delhi Capitals,CSK,DC,"Eden Gardens, Kolkata",Kolkata,balanced,Delhi Capitals,field,0,0,90,80,197,206,Delhi Capitals,DC,6 wickets,Anrich Nortje
1258,2018,league,Chennai Super Kings,Punjab Kings,CSK,PBKS,"Narendra Modi Stadium, Ahmedabad",Ahmedabad,balanced,Chennai Super Kings,bat,0,0,90,75,172,165,Chennai Super Kings,CSK,2 wickets,Devon Conway
1259,2024,league,Rajasthan Royals,Lucknow Super Giants,RR,LSG,"IS Bindra Stadium, Mohali",Mohali,pace,Rajasthan Royals,field,0,0,83,81,133,138,Lucknow Super Giants,LSG,6 wickets,Marcus Stoinis
1260,2022,league,Mumbai Indians,Rajasthan Royals,MI,RR,"IS Bindra Stadium, Mohali",Mohali,pace,Rajasthan Royals,field,0,0,88,83,154,182,Rajasthan Royals,RR,6 wickets,Riyan Parag
1261,2022,league,Royal Challengers Bangalore,Sunrisers Hyderabad,RCB,SRH,"M. Chinnaswamy Stadium, Bangalore",Bangalore,batting,Sunrisers Hyderabad,bat,1,0,82,78,181,137,Royal Challengers Bangalore,RCB,4 runs,Virat Kohli
1262,2018,playoff,Royal Challengers Bangalore,Kolkata Knight Riders,RCB,KKR,"Rajiv Gandhi Stadium, Hyderabad",Hyderabad,balanced,Kolkata Knight Riders,field,0,0,82,85,193,181,Royal Challengers Bangalore,RCB,3 runs,Virat Kohli
1263,2020,league,Chennai Super Kings,Royal Challengers Bangalore,CSK,RCB,"IS Bindra Stadium, Mohali",Mohali,pace,Royal Challengers Bangalore,field,0,0,90,82,198,182,Chennai Super Kings,CSK,18 runs,Deepak Chahar
1264,2024,league,Lucknow Super Giants,Gujarat Titans,LSG,GT,"BRSABV Ekana Stadium, Lucknow",Lucknow,balanced,Gujarat Titans,field,1,0,81,86,164,151,Lucknow Super Giants,LSG,7 wickets,Mark Wood
1265,2021,league,Royal Challengers Bangalore,Rajasthan Royals,RCB,RR,"Sawai Mansingh Stadium, Jaipur",Jaipur,batting,Royal Challengers Bangalore,bat,0,1,82,83,169,193,Rajasthan Royals,RR,4 wickets,Trent Boult
1266,2023,league,Mumbai Indians,Rajasthan Royals,MI,RR,"Arun Jaitley Stadium, Delhi",Delhi,balanced,Mumbai Indians,field,0,0,88,83,201,158,Mumbai Indians,MI,2 wickets,Ishan Kishan
1267,2021,league,Mumbai Indians,Rajasthan Royals,MI,RR,"M.A. Chidambaram Stadium, Chennai",Chennai,spin,Mumbai Indians,bat,0,0,88,83,229,224,Mumbai Indians,MI,2 wickets,Tilak Varma
1268,2018,league,Royal Challengers Bangalore,Kolkata Knight Riders,RCB,KKR,"M.A. Chidambaram Stadium, Chennai",Chennai,spin,Royal Challengers Bangalore,field,0,0,82,85,143,99,Royal Challengers Bangalore,RCB,6 wickets,Dinesh Karthik
1269,2023,league,Chennai Super Kings,Gujarat Titans,CSK,GT,"Eden Gardens, Kolkata",Kolkata,balanced,Chennai Super Kings,bat,0,0,90,86,173,188,Gujarat Titans,GT,5 wickets,Shubman Gill
1270,2024,league,Delhi Capitals,Mumbai Indians,DC,MI,"Rajiv Gandhi Stadium, Hyderabad",Hyderabad,balanced,Mumbai Indians,field,0,0,80,88,120,139,Mumbai Indians,MI,34 runs,Piyush Chawla
1271,2018,league,Royal Challengers Bangalore,Rajasthan Royals,RCB,RR,"Narendra Modi Stadium, Ahmedabad",Ahmedabad,balanced,Royal Challengers Bangalore,field,0,0,82,83,156,130,Royal Challengers Bangalore,RCB,23 runs,Virat Kohli
1272,2018,league,Delhi Capitals,Royal Challengers Bangalore,DC,RCB,"M. Chinnaswamy Stadium, Bangalore",Bangalore,batting,Delhi Capitals,bat,0,1,80,82,197,225,Royal Challengers Bangalore,RCB,34 runs,Wanindu Hasaranga
1273,2026,league,Lucknow Super Giants,Kolkata Knight Riders,LSG,KKR,"BRSABV Ekana Stadium, Lucknow",Lucknow,balanced,Kolkata Knight Riders,field,1,0,81,85,145,161,Kolkata Knight Riders,KKR,43 runs,Andre Russell
1274,2024,league,Chennai Super Kings,Kolkata Knight Riders,CSK,KKR,"M.A. Chidambaram Stadium, Chennai",Chennai,spin,Chennai Super Kings,bat,1,0,90,85,178,139,Chennai Super Kings,CSK,1 wickets,Deepak Chahar
1275,2025,league,Kolkata Knight Riders,Delhi Capitals,KKR,DC,"Arun Jaitley Stadium, Delhi",Delhi,balanced,Kolkata Knight Riders,field,0,1,85,80,174,178,Delhi Capitals,DC,3 runs,Anrich Nortje
1276,2019,league,Delhi Capitals,Sunrisers Hyderabad,DC,SRH,"Wankhede Stadium, Mumbai",Mumbai,batting,Sunrisers Hyderabad,field,0,0,80,78,199,203,Sunrisers Hyderabad,SRH,12 runs,Nitish Kumar Reddy
1277,2023,league,Royal Challengers Bangalore,Punjab Kings,RCB,PBKS,"IS Bindra Stadium, Mohali",Mohali,pace,Royal Challengers Bangalore,field,0,1,82,75,135,146,Punjab Kings,PBKS,23 runs,Kagiso Rabada
1278,2020,league,Kolkata Knight Riders,Gujarat Titans,KKR,GT,"Eden Gardens, Kolkata",Kolkata,balanced,Gujarat Titans,field,1,0,85,86,186,178,Kolkata Knight Riders,KKR,29 runs,Andre Russell
1279,2019,league,Gujarat Titans,Delhi Capitals,GT,DC,"Narendra Modi Stadium, Ahmedabad",Ahmedabad,balanced,Delhi Capitals,bat,1,0,86,80,167,196,Delhi Capitals,DC,13 runs,Anrich Nortje
1280,2026,league,Chennai Super Kings,Mumbai Indians,CSK,MI,"M.A. Chidambaram Stadium, Chennai",Chennai,spin,Mumbai Indians,field,1,0,90,88,133,99,Chennai Super Kings,CSK,2 wickets,Devon Conway
1281,2024,league,Lucknow Super Giants,Mumbai Indians,LSG,MI,"Wankhede Stadium, Mumbai",Mumbai,batting,Lucknow Super Giants,field,0,1,81,88,176,132,Lucknow Super Giants,LSG,2 runs,Quinton de Kock
1282,2026,league,Kolkata Knight Riders,Mumbai Indians,KKR,MI,"Rajiv Gandhi Stadium, Hyderabad",Hyderabad,balanced,Kolkata Knight Riders,bat,0,0,85,88,205,232,Mumbai Indians,MI,21 runs,Tim David
1283,2018,playoff,Royal Challengers Bangalore,Rajasthan Royals,RCB,RR,"M. Chinnaswamy Stadium, Bangalore",Bangalore,batting,Rajasthan Royals,field,1,0,82,83,188,153,Royal Challengers Bangalore,RCB,42 runs,Mohammed Siraj
1284,2023,league,Sunrisers Hyderabad,Delhi Capitals,SRH,DC,"M. Chinnaswamy Stadium, Bangalore",Bangalore,batting,Sunrisers Hyderabad,field,0,0,78,80,209,224,Delhi Capitals,DC,24 runs,Rishabh Pant
1285,2020,league,Rajasthan Royals,Lucknow Super Giants,RR,LSG,"BRSABV Ekana Stadium, Lucknow",Lucknow,balanced,Lucknow Super Giants,field,0,1,83,81,206,208,Lucknow Super Giants,LSG,6 wickets,Quinton de Kock
1286,2026,playoff,Delhi Capitals,Royal Challengers Bangalore,DC,RCB,"M. Chinnaswamy Stadium, Bangalore",Bangalore,batting,Royal Challengers Bangalore,bat,0,1,80,82,205,232,Royal Challengers Bangalore,RCB,6 wickets,Dinesh Karthik
1287,2020,league,Gujarat Titans,Punjab Kings,GT,PBKS,"BRSABV Ekana Stadium, Lucknow",Lucknow,balanced,Punjab Kings,field,0,0,86,75,202,185,Gujarat Titans,GT,7 wickets,Mohammed Shami
1288,2018,league,Royal Challengers Bangalore,Sunrisers Hyderabad,RCB,SRH,"M.A. Chidambaram Stadium, Chennai",Chennai,spin,Royal Challengers Bangalore,bat,0,0,82,78,155,165,Sunrisers Hyderabad,SRH,46 runs,Nitish Kumar Reddy
1289,2021,league,Mumbai Indians,Delhi Capitals,MI,DC,"Arun Jaitley Stadium, Delhi",Delhi,balanced,Delhi Capitals,bat,0,1,88,80,150,113,Mumbai Indians,MI,1 wickets,Ishan Kishan
1290,2018,league,Punjab Kings,Rajasthan Royals,PBKS,RR,"Arun Jaitley Stadium, Delhi",Delhi,balanced,Punjab Kings,field,0,0,75,83,181,175,Punjab Kings,PBKS,4 wickets,Sam Curran
1291,2018,league,Chennai Super Kings,Royal Challengers Bangalore,CSK,RCB,"M.A. Chidambaram Stadium, Chennai",Chennai,spin,Royal Challengers Bangalore,bat,1,0,90,82,202,175,Chennai Super Kings,CSK,42 runs,Ravindra Jadeja
1292,2023,league,Rajasthan Royals,Royal Challengers Bangalore,RR,RCB,"Sawai Mansingh Stadium, Jaipur",Jaipur,batting,Royal Challengers Bangalore,field,1,0,83,82,162,190,Royal Challengers Bangalore,RCB,5 wickets,Glenn Maxwell
1293,2019,league,Gujarat Titans,Kolkata Knight Riders,GT,KKR,"IS Bindra Stadium, Mohali",Mohali,pace,Kolkata Knight Riders,field,0,0,86,85,131,123,Gujarat Titans,GT,2 wickets,David Miller
1294,2024,league,Sunrisers Hyderabad,Punjab Kings,SRH,PBKS,"Rajiv Gandhi Stadium, Hyderabad",Hyderabad,balanced,Punjab Kings,bat,1,0,78,75,172,192,Punjab Kings,PBKS,2 wickets,Liam Livingstone
1295,2021,league,Kolkata Knight Riders,Gujarat Titans,KKR,GT,"Arun Jaitley Stadium, Delhi",Delhi,balanced,Gujarat Titans,field,0,0,85,86,200,170,Kolkata Knight Riders,KKR,41 runs,Varun Chakravarthy
1296,2021,league,Sunrisers Hyderabad,Royal Challengers Bangalore,SRH,RCB,"M. Chinnaswamy Stadium, Bangalore",Bangalore,batting,Sunrisers Hyderabad,field,0,1,78,82,160,180,Royal Challengers Bangalore,RCB,48 runs,Wanindu Hasaranga
1297,2026,league,Mumbai Indians,Lucknow Super Giants,MI,LSG,"Wankhede Stadium, Mumbai",Mumbai,batting,Mumbai Indians,bat,1,0,88,81,222,212,Mumbai Indians,MI,2 runs,Suryakumar Yadav
1298,2025,league,Lucknow Super Giants,Punjab Kings,LSG,PBKS,"Sawai Mansingh Stadium, Jaipur",Jaipur,batting,Lucknow Super Giants,field,0,0,81,75,195,192,Lucknow Super Giants,LSG,38 runs,Ravi Bishnoi
1299,2019,league,Kolkata Knight Riders,Mumbai Indians,KKR,MI,"Rajiv Gandhi Stadium, Hyderabad",Hyderabad,balanced,Mumbai Indians,field,0,0,85,88,182,141,Kolkata Knight Riders,KKR,17 runs,Andre Russell
1300,2022,final,Sunrisers Hyderabad,Mumbai Indians,SRH,MI,"IS Bindra Stadium, Mohali",Mohali,pace,Mumbai Indians,field,0,0,78,88,132,153,Mumbai Indians,MI,1 wickets,Tim David
1301,2023,league,Mumbai Indians,Royal Challengers Bangalore,MI,RCB,"Wankhede Stadium, Mumbai",Mumbai,batting,Royal Challengers Bangalore,bat,1,0,88,82,193,184,Mumbai Indians,MI,19 runs,Piyush Chawla
1302,2018,league,Gujarat Titans,Sunrisers Hyderabad,GT,SRH,"Narendra Modi Stadium, Ahmedabad",Ahmedabad,balanced,Sunrisers Hyderabad,field,1,0,86,78,230,223,Gujarat Titans,GT,23 runs,Hardik Pandya
1303,2018,playoff,Rajasthan Royals,Punjab Kings,RR,PBKS,"IS Bindra Stadium, Mohali",Mohali,pace,Rajasthan Royals,bat,0,1,83,75,97,80,Rajasthan Royals,RR,19 runs,Riyan Parag
1304,2025,league,Rajasthan Royals,Delhi Capitals,RR,DC,"Sawai Mansingh Stadium, Jaipur",Jaipur,batting,Rajasthan Royals,field,1,0,83,80,190,187,Rajasthan Royals,RR,3 wickets,Riyan Parag
1305,2019,league,Delhi Capitals,Kolkata Knight Riders,DC,KKR,"Arun Jaitley Stadium, Delhi",Delhi,balanced,Delhi Capitals,bat,1,0,80,85,205,207,Kolkata Knight Riders,KKR,1 wickets,Varun Chakravarthy
1306,2026,league,Mumbai Indians,Lucknow Super Giants,MI,LSG,"BRSABV Ekana Stadium, Lucknow",Lucknow,balanced,Mumbai Indians,field,0,1,88,81,216,181,Mumbai Indians,MI,2 wickets,Ishan Kishan
1307,2020,final,Rajasthan Royals,Gujarat Titans,RR,GT,"M.A. Chidambaram Stadium, Chennai",Chennai,spin,Rajasthan Royals,field,0,0,83,86,125,122,Rajasthan Royals,RR,5 runs,Trent Boult
1308,2023,final,Lucknow Super Giants,Gujarat Titans,LSG,GT,"Narendra Modi Stadium, Ahmedabad",Ahmedabad,balanced,Lucknow Super Giants,field,0,1,81,86,152,137,Lucknow Super Giants,LSG,4 wickets,Marcus Stoinis
1309,2021,league,Lucknow Super Giants,Sunrisers Hyderabad,LSG,SRH,"BRSABV Ekana Stadium, Lucknow",Lucknow,balanced,Sunrisers Hyderabad,field,1,0,81,78,145,118,Lucknow Super Giants,LSG,1 wickets,Ravi Bishnoi
1310,2025,league,Chennai Super Kings,Gujarat Titans,CSK,GT,"Wankhede Stadium, Mumbai",Mumbai,batting,Gujarat Titans,field,0,0,90,86,183,168,Chennai Super Kings,CSK,34 runs,Ravindra Jadeja
1311,2023,league,Royal Challengers Bangalore,Lucknow Super Giants,RCB,LSG,"M. Chinnaswamy Stadium, Bangalore",Bangalore,batting,Royal Challengers Bangalore,field,1,0,82,81,201,170,Royal Challengers Bangalore,RCB,49 runs,Rajat Patidar
1312,2026,league,Chennai Super Kings,Mumbai Indians,CSK,MI,"M.A. Chidambaram Stadium, Chennai",Chennai,spin,Mumbai Indians,bat,1,0,90,88,204,208,Mumbai Indians,MI,36 runs,Tim David
1313,2019,league,Lucknow Super Giants,Delhi Capitals,LSG,DC,"Wankhede Stadium, Mumbai",Mumbai,batting,Delhi Capitals,bat,0,0,81,80,182,151,Lucknow Super Giants,LSG,6 wickets,Quinton de Kock
1314,2019,league,Rajasthan Royals,Sunrisers Hyderabad,RR,SRH,"Rajiv Gandhi Stadium, Hyderabad",Hyderabad,balanced,Rajasthan Royals,bat,0,1,83,78,192,180,Rajasthan Royals,RR,19 runs,Jos Buttler
1315,2021,league,Delhi Capitals,Lucknow Super Giants,DC,LSG,"Arun Jaitley Stadium, Delhi",Delhi,balanced,Delhi Capitals,field,1,0,80,81,120,96,Delhi Capitals,DC,25 runs,Axar Patel
1316,2022,league,Mumbai Indians,Royal Challengers Bangalore,MI,RCB,"Wankhede Stadium, Mumbai",Mumbai,batting,Mumbai Indians,field,1,0,88,82,183,156,Mumbai Indians,MI,1 wickets,Rohit Sharma
1317,2024,final,Delhi Capitals,Punjab Kings,DC,PBKS,"IS Bindra Stadium, Mohali",Mohali,pace,Delhi Capitals,field,0,1,80,75,143,168,Punjab Kings,PBKS,1 wickets,Kagiso Rabada
1318,2025,league,Delhi Capitals,Rajasthan Royals,DC,RR,"Sawai Mansingh Stadium, Jaipur",Jaipur,batting,Rajasthan Royals,bat,0,1,80,83,155,170,Rajasthan Royals,RR,33 runs,Jos Buttler
1319,2021,league,Delhi Capitals,Gujarat Titans,DC,GT,"Arun Jaitley Stadium, Delhi",Delhi,balanced,Gujarat Titans,field,1,0,80,86,150,161,Gujarat Titans,GT,5 runs,David Miller
1320,2022,league,Delhi Capitals,Mumbai Indians,DC,MI,"M. Chinnaswamy Stadium, Bangalore",Bangalore,batting,Mumbai Indians,field,0,0,80,88,224,181,Delhi Capitals,DC,6 runs,Jake Fraser-McGurk
1321,2025,league,Royal Challengers Bangalore,Sunrisers Hyderabad,RCB,SRH,"Rajiv Gandhi Stadium, Hyderabad",Hyderabad,balanced,Royal Challengers Bangalore,field,0,1,82,78,241,223,Royal Challengers Bangalore,RCB,5 wickets,Rajat Patidar
1322,2019,playoff,Chennai Super Kings,Royal Challengers Bangalore,CSK,RCB,"M. Chinnaswamy Stadium, Bangalore",Bangalore,batting,Royal Challengers Bangalore,bat,0,1,90,82,173,175,Royal Challengers Bangalore,RCB,1 wickets,Wanindu Hasaranga
1323,2026,league,Punjab Kings,Chennai Super Kings,PBKS,CSK,"IS Bindra Stadium, Mohali",Mohali,pace,Chennai Super Kings,field,1,0,75,90,143,128,Punjab Kings,PBKS,21 runs,Sam Curran
1324,2020,playoff,Delhi Capitals,Kolkata Knight Riders,DC,KKR,"M.A. Chidambaram Stadium, Chennai",Chennai,spin,Delhi Capitals,field,0,0,80,85,194,198,Kolkata Knight Riders,KKR,3 wickets,Rinku Singh
1325,2018,league,Gujarat Titans,Mumbai Indians,GT,MI,"Arun Jaitley Stadium, Delhi",Delhi,balanced,Gujarat Titans,field,0,0,86,88,139,151,Mumbai Indians,MI,4 wickets,Jasprit Bumrah
1326,2026,league,Lucknow Super Giants,Kolkata Knight Riders,LSG,KKR,"Narendra Modi Stadium, Ahmedabad",Ahmedabad,balanced,Lucknow Super Giants,bat,0,0,81,85,228,185,Lucknow Super Giants,LSG,37 runs,KL Rahul
1327,2021,league,Gujarat Titans,Punjab Kings,GT,PBKS,"Arun Jaitley Stadium, Delhi",Delhi,balanced,Punjab Kings,field,0,0,86,75,193,152,Gujarat Titans,GT,3 wickets,Rashid Khan
1328,2024,league,Royal Challengers Bangalore,Gujarat Titans,RCB,GT,"Narendra Modi Stadium, Ahmedabad",Ahmedabad,balanced,Gujarat Titans,field,0,1,82,86,155,157,Gujarat Titans,GT,2 wickets,Rashid Khan
1329,2021,league,Mumbai Indians,Gujarat Titans,MI,GT,"Wankhede Stadium, Mumbai",Mumbai,batting,Gujarat Titans,field,1,0,88,86,173,133,Mumbai Indians,MI,6 wickets,Jasprit Bumrah
1330,2024,playoff,Chennai Super Kings,Gujarat Titans,CSK,GT,"Eden Gardens, Kolkata",Kolkata,balanced,Gujarat Titans,field,0,0,90,86,135,98,Chennai Super Kings,CSK,38 runs,Shivam Dube
1331,2026,final,Delhi Capitals,Royal Challengers Bangalore,DC,RCB,"Arun Jaitley Stadium, Delhi",Delhi,balanced,Royal Challengers Bangalore,bat,1,0,80,82,169,171,Royal Challengers Bangalore,RCB,28 runs,Wanindu Hasaranga
1332,2022,league,Delhi Capitals,Royal Challengers Bangalore,DC,RCB,"Arun Jaitley Stadium, Delhi",Delhi,balanced,Royal Challengers Bangalore,field,1,0,80,82,213,191,Delhi Capitals,DC,5 wickets,Tristan Stubbs
1333,2026,league,Royal Challengers Bangalore,Punjab Kings,RCB,PBKS,"M. Chinnaswamy Stadium, Bangalore",Bangalore,batting,Punjab Kings,field,1,0,82,75,176,201,Punjab Kings,PBKS,25 runs,Sam Curran
1334,2024,league,Chennai Super Kings,Rajasthan Royals,CSK,RR,"M.A. Chidambaram Stadium, Chennai",Chennai,spin,Chennai Super Kings,field,1,0,90,83,176,157,Chennai Super Kings,CSK,6 wickets,MS Dhoni
1335,2022,league,Punjab Kings,Gujarat Titans,PBKS,GT,"Narendra Modi Stadium, Ahmedabad",Ahmedabad,balanced,Gujarat Titans,bat,0,1,75,86,178,137,Punjab Kings,PBKS,45 runs,Jonny Bairstow
1336,2018,league,Delhi Capitals,Gujarat Titans,DC,GT,"BRSABV Ekana Stadium, Lucknow",Lucknow,balanced,Delhi Capitals,field,0,0,80,86,122,82,Delhi Capitals,DC,20 runs,Jake Fraser-McGurk
1337,2023,league,Sunrisers Hyderabad,Punjab Kings,SRH,PBKS,"IS Bindra Stadium, Mohali",Mohali,pace,Punjab Kings,field,0,1,78,75,136,101,Sunrisers Hyderabad,SRH,1 wickets,T Natarajan
1338,2023,playoff,Delhi Capitals,Sunrisers Hyderabad,DC,SRH,"Arun Jaitley Stadium, Delhi",Delhi,balanced,Delhi Capitals,field,1,0,80,78,196,178,Delhi Capitals,DC,17 runs,Anrich Nortje
1339,2021,league,Royal Challengers Bangalore,Punjab Kings,RCB,PBKS,"Rajiv Gandhi Stadium, Hyderabad",Hyderabad,balanced,Punjab Kings,bat,0,0,82,75,195,221,Punjab Kings,PBKS,49 runs,Jitesh Sharma
1340,2019,league,Rajasthan Royals,Lucknow Super Giants,RR,LSG,"Narendra Modi Stadium, Ahmedabad",Ahmedabad,balanced,Rajasthan Royals,field,0,0,83,81,178,206,Lucknow Super Giants,LSG,7 wickets,Nicholas Pooran
1341,2024,league,Sunrisers Hyderabad,Delhi Capitals,SRH,DC,"Arun Jaitley Stadium, Delhi",Delhi,balanced,Sunrisers Hyderabad,field,0,1,78,80,221,212,Sunrisers Hyderabad,SRH,6 wickets,Travis Head
1342,2024,league,Royal Challengers Bangalore,Mumbai Indians,RCB,MI,"Wankhede Stadium, Mumbai",Mumbai,batting,Royal Challengers Bangalore,field,0,1,82,88,174,135,Royal Challengers Bangalore,RCB,1 wickets,Wanindu Hasaranga
1343,2026,league,Gujarat Titans,Mumbai Indians,GT,MI,"Wankhede Stadium, Mumbai",Mumbai,batting,Gujarat Titans,field,0,1,86,88,199,214,Mumbai Indians,MI,6 runs,Piyush Chawla
1344,2019,playoff,Gujarat Titans,Delhi Capitals,GT,DC,"Arun Jaitley Stadium, Delhi",Delhi,balanced,Delhi Capitals,field,0,1,86,80,159,116,Gujarat Titans,GT,24 runs,Rahul Tewatia
1345,2023,league,Gujarat Titans,Royal Challengers Bangalore,GT,RCB,"M. Chinnaswamy Stadium, Bangalore",Bangalore,batting,Gujarat Titans,bat,0,1,86,82,172,140,Gujarat Titans,GT,1 wickets,Shubman Gill
1346,2025,league,Punjab Kings,Lucknow Super Giants,PBKS,LSG,"BRSABV Ekana Stadium, Lucknow",Lucknow,balanced,Punjab Kings,field,0,1,75,81,168,161,Punjab Kings,PBKS,17 runs,Liam Livingstone
1347,2018,league,Kolkata Knight Riders,Chennai Super Kings,KKR,CSK,"M.A. Chidambaram Stadium, Chennai",Chennai,spin,Chennai Super Kings,field,0,1,85,90,154,178,Chennai Super Kings,CSK,17 runs,Ruturaj Gaikwad
1348,2018,playoff,Mumbai Indians,Sunrisers Hyderabad,MI,SRH,"Wankhede Stadium, Mumbai",Mumbai,batting,Mumbai Indians,bat,1,0,88,78,172,169,Mumbai Indians,MI,6 wickets,Jasprit Bumrah
1349,2018,league,Mumbai Indians,Rajasthan Royals,MI,RR,"Sawai Mansingh Stadium, Jaipur",Jaipur,batting,Rajasthan Royals,field,0,1,88,83,148,161,Rajasthan Royals,RR,4 wickets,Yashasvi Jaiswal
1350,2022,league,Punjab Kings,Rajasthan Royals,PBKS,RR,"IS Bindra Stadium, Mohali",Mohali,pace,Punjab Kings,field,1,0,75,83,167,127,Punjab Kings,PBKS,29 runs,Jitesh Sharma
1351,2019,league,Mumbai Indians,Kolkata Knight Riders,MI,KKR,"Wankhede Stadium, Mumbai",Mumbai,batting,Kolkata Knight Riders,field,1,0,88,85,209,214,Kolkata Knight Riders,KKR,6 runs,Varun Chakravarthy
1352,2025,league,Mumbai Indians,Rajasthan Royals,MI,RR,"BRSABV Ekana Stadium, Lucknow",Lucknow,balanced,Rajasthan Royals,field,0,0,88,83,178,190,Rajasthan Royals,RR,40 runs,Yashasvi Jaiswal
1353,2019,league,Punjab Kings,Mumbai Indians,PBKS,MI,"IS Bindra Stadium, Mohali",Mohali,pace,Mumbai Indians,bat,1,0,75,88,138,149,Mumbai Indians,MI,45 runs,Rohit Sharma
1354,2021,league,Punjab Kings,Gujarat Titans,PBKS,GT,"IS Bindra Stadium, Mohali",Mohali,pace,Punjab Kings,bat,1,0,75,86,162,140,Punjab Kings,PBKS,14 runs,Shikhar Dhawan
1355,2018,league,Delhi Capitals,Lucknow Super Giants,DC,LSG,"Arun Jaitley Stadium, Delhi",Delhi,balanced,Delhi Capitals,field,1,0,80,81,113,89,Delhi Capitals,DC,5 wickets,Axar Patel
1356,2024,league,Royal Challengers Bangalore,Sunrisers Hyderabad,RCB,SRH,"Rajiv Gandhi Stadium, Hyderabad",Hyderabad,balanced,Royal Challengers Bangalore,field,0,1,82,78,150,168,Sunrisers Hyderabad,SRH,7 wickets,Travis Head
1357,2023,league,Chennai Super Kings,Rajasthan Royals,CSK,RR,"Sawai Mansingh Stadium, Jaipur",Jaipur,batting,Chennai Super Kings,field,0,1,90,83,187,210,Rajasthan Royals,RR,2 wickets,Yuzvendra Chahal
1358,2018,playoff,Kolkata Knight Riders,Rajasthan Royals,KKR,RR,"IS Bindra Stadium, Mohali",Mohali,pace,Kolkata Knight Riders,field,0,0,85,83,189,173,Kolkata Knight Riders,KKR,5 wickets,Sunil Narine
1359,2025,league,Punjab Kings,Chennai Super Kings,PBKS,CSK,"M.A. Chidambaram Stadium, Chennai",Chennai,spin,Chennai Super Kings,field,0,1,75,90,113,133,Chennai Super Kings,CSK,3 wickets,Ravindra Jadeja
1360,2025,league,Rajasthan Royals,Gujarat Titans,RR,GT,"Sawai Mansingh Stadium, Jaipur",Jaipur,batting,Gujarat Titans,bat,1,0,83,86,109,133,Gujarat Titans,GT,4 runs,Shubman Gill
1361,2026,league,Chennai Super Kings,Gujarat Titans,CSK,GT,"Arun Jaitley Stadium, Delhi",Delhi,balanced,Gujarat Titans,bat,0,0,90,86,163,158,Chennai Super Kings,CSK,22 runs,Deepak Chahar
1362,2025,league,Lucknow Super Giants,Rajasthan Royals,LSG,RR,"Sawai Mansingh Stadium, Jaipur",Jaipur,batting,Rajasthan Royals,field,0,1,81,83,145,173,Rajasthan Royals,RR,1 wickets,Shimron Hetmyer
1363,2018,final,Kolkata Knight Riders,Rajasthan Royals,KKR,RR,"Sawai Mansingh Stadium, Jaipur",Jaipur,batting,Kolkata Knight Riders,field,0,1,85,83,186,174,Kolkata Knight Riders,KKR,7 wickets,Shreyas Iyer
1364,2022,league,Royal Challengers Bangalore,Delhi Capitals,RCB,DC,"Arun Jaitley Stadium, Delhi",Delhi,balanced,Royal Challengers Bangalore,field,0,1,82,80,140,105,Royal Challengers Bangalore,RCB,49 runs,Wanindu Hasaranga
1365,2024,league,Rajasthan Royals,Chennai Super Kings,RR,CSK,"Narendra Modi Stadium, Ahmedabad",Ahmedabad,balanced,Chennai Super Kings,field,0,0,83,90,186,203,Chennai Super Kings,CSK,7 wickets,Ravindra Jadeja
1366,2022,league,Sunrisers Hyderabad,Chennai Super Kings,SRH,CSK,"Wankhede Stadium, Mumbai",Mumbai,batting,Chennai Super Kings,field,0,0,78,90,205,189,Sunrisers Hyderabad,SRH,47 runs,Heinrich Klaasen
1367,2024,league,Royal Challengers Bangalore,Chennai Super Kings,RCB,CSK,"M. Chinnaswamy Stadium, Bangalore",Bangalore,batting,Royal Challengers Bangalore,field,1,0,82,90,196,206,Chennai Super Kings,CSK,3 wickets,Ruturaj Gaikwad
1368,2019,league,Gujarat Titans,Punjab Kings,GT,PBKS,"IS Bindra Stadium, Mohali",Mohali,pace,Gujarat Titans,bat,0,1,86,75,125,147,Punjab Kings,PBKS,4 wickets,Liam Livingstone
1369,2022,league,Kolkata Knight Riders,Delhi Capitals,KKR,DC,"Arun Jaitley Stadium, Delhi",Delhi,balanced,Delhi Capitals,bat,0,1,85,80,129,107,Kolkata Knight Riders,KKR,5 wickets,Varun Chakravarthy
1370,2019,league,Delhi Capitals,Punjab Kings,DC,PBKS,"Arun Jaitley Stadium, Delhi",Delhi,balanced,Punjab Kings,field,1,0,80,75,166,147,Delhi Capitals,DC,22 runs,Tristan Stubbs
1371,2019,league,Royal Challengers Bangalore,Mumbai Indians,RCB,MI,"M. Chinnaswamy Stadium, Bangalore",Bangalore,batting,Mumbai Indians,field,1,0,82,88,148,168,Mumbai Indians,MI,6 wickets,Piyush Chawla
1372,2023,league,Punjab Kings,Kolkata Knight Riders,PBKS,KKR,"M. Chinnaswamy Stadium, Bangalore",Bangalore,batting,Kolkata Knight Riders,bat,0,0,75,85,183,205,Kolkata Knight Riders,KKR,22 runs,Sunil Narine
1373,2019,playoff,Sunrisers Hyderabad,Delhi Capitals,SRH,DC,"Rajiv Gandhi Stadium, Hyderabad",Hyderabad,balanced,Sunrisers Hyderabad,bat,1,0,78,80,164,170,Delhi Capitals,DC,4 wickets,Tristan Stubbs
1374,2023,league,Gujarat Titans,Royal Challengers Bangalore,GT,RCB,"M. Chinnaswamy Stadium, Bangalore",Bangalore,batting,Gujarat Titans,field,0,1,86,82,155,163,Royal Challengers Bangalore,RCB,5 wickets,Wanindu Hasaranga
1375,2024,league,Royal Challengers Bangalore,Kolkata Knight Riders,RCB,KKR,"Eden Gardens, Kolkata",Kolkata,balanced,Kolkata Knight Riders,field,0,1,82,85,178,206,Kolkata Knight Riders,KKR,1 wickets,Shreyas Iyer
1376,2021,playoff,Lucknow Super Giants,Chennai Super Kings,LSG,CSK,"BRSABV Ekana Stadium, Lucknow",Lucknow,balanced,Lucknow Super Giants,field,1,0,81,90,166,195,Chennai Super Kings,CSK,20 runs,Ravindra Jadeja
1377,2018,league,Gujarat Titans,Sunrisers Hyderabad,GT,SRH,"Narendra Modi Stadium, Ahmedabad",Ahmedabad,balanced,Sunrisers Hyderabad,bat,1,0,86,78,173,139,Gujarat Titans,GT,19 runs,Shubman Gill
1378,2026,league,Gujarat Titans,Punjab Kings,GT,PBKS,"Narendra Modi Stadium, Ahmedabad",Ahmedabad,balanced,Gujarat Titans,field,1,0,86,75,182,146,Gujarat Titans,GT,32 runs,Rashid Khan
1379,2025,league,Chennai Super Kings,Sunrisers Hyderabad,CSK,SRH,"M.A. Chidambaram Stadium, Chennai",Chennai,spin,Chennai Super Kings,field,1,0,90,78,152,166,Sunrisers Hyderabad,SRH,2 wickets,Bhuvneshwar Kumar
1380,2026,league,Rajasthan Royals,Delhi Capitals,RR,DC,"Arun Jaitley Stadium, Delhi",Delhi,balanced,Delhi Capitals,field,0,1,83,80,156,137,Rajasthan Royals,RR,7 wickets,Yashasvi Jaiswal
1381,2018,league,Mumbai Indians,Royal Challengers Bangalore,MI,RCB,"Wankhede Stadium, Mumbai",Mumbai,batting,Royal Challengers Bangalore,bat,1,0,88,82,190,185,Mumbai Indians,MI,18 runs,Tilak Varma
1382,2021,league,Delhi Capitals,Lucknow Super Giants,DC,LSG,"Arun Jaitley Stadium, Delhi",Delhi,balanced,Delhi Capitals,field,1,0,80,81,150,111,Delhi Capitals,DC,33 runs,Tristan Stubbs
1383,2019,league,Gujarat Titans,Punjab Kings,GT,PBKS,"Narendra Modi Stadium, Ahmedabad",Ahmedabad,balanced,Gujarat Titans,field,1,0,86,75,163,152,Gujarat Titans,GT,4 wickets,Mohammed Shami
1384,2023,league,Punjab Kings,Gujarat Titans,PBKS,GT,"Narendra Modi Stadium, Ahmedabad",Ahmedabad,balanced,Punjab Kings,field,0,1,75,86,200,224,Gujarat Titans,GT,7 wickets,Rahul Tewatia
1385,2023,league,Delhi Capitals,Chennai Super Kings,DC,CSK,"M.A. Chidambaram Stadium, Chennai",Chennai,spin,Chennai Super Kings,field,0,1,80,90,120,145,Chennai Super Kings,CSK,12 runs,Ruturaj Gaikwad
1386,2023,league,Delhi Capitals,Kolkata Knight Riders,DC,KKR,"M.A. Chidambaram Stadium, Chennai",Chennai,spin,Delhi Capitals,field,0,0,80,85,152,181,Kolkata Knight Riders,KKR,3 wickets,Sunil Narine
1387,2025,league,Lucknow Super Giants,Mumbai Indians,LSG,MI,"BRSABV Ekana Stadium, Lucknow",Lucknow,balanced,Mumbai Indians,field,1,0,81,88,122,131,Mumbai Indians,MI,7 wickets,Ishan Kishan
1388,2023,playoff,Mumbai Indians,Kolkata Knight Riders,MI,KKR,"Eden Gardens, Kolkata",Kolkata,balanced,Kolkata Knight Riders,field,0,1,88,85,138,165,Kolkata Knight Riders,KKR,30 runs,Rinku Singh
1389,2023,league,Rajasthan Royals,Chennai Super Kings,RR,CSK,"Rajiv Gandhi Stadium, Hyderabad",Hyderabad,balanced,Rajasthan Royals,field,0,0,83,90,141,168,Chennai Super Kings,CSK,1 wickets,Deepak Chahar
1390,2021,final,Sunrisers Hyderabad,Punjab Kings,SRH,PBKS,"Rajiv Gandhi Stadium, Hyderabad",Hyderabad,balanced,Sunrisers Hyderabad,bat,1,0,78,75,160,122,Sunrisers Hyderabad,SRH,7 wickets,Aiden Markram
1391,2021,league,Sunrisers Hyderabad,Delhi Capitals,SRH,DC,"Rajiv Gandhi Stadium, Hyderabad",Hyderabad,balanced,Delhi Capitals,bat,1,0,78,80,146,139,Sunrisers Hyderabad,SRH,8 runs,T Natarajan
1392,2022,playoff,Lucknow Super Giants,Delhi Capitals,LSG,DC,"BRSABV Ekana Stadium, Lucknow",Lucknow,balanced,Delhi Capitals,field,1,0,81,80,190,153,Lucknow Super Giants,LSG,11 runs,Ayush Badoni
1393,2023,league,Mumbai Indians,Punjab Kings,MI,PBKS,"Eden Gardens, Kolkata",Kolkata,balanced,Punjab Kings,field,0,0,88,75,175,204,Punjab Kings,PBKS,13 runs,Liam Livingstone
1394,2020,league,Royal Challengers Bangalore,Rajasthan Royals,RCB,RR,"Sawai Mansingh Stadium, Jaipur",Jaipur,batting,Royal Challengers Bangalore,field,0,1,82,83,229,202,Royal Challengers Bangalore,RCB,1 wickets,Rajat Patidar
1395,2022,league,Delhi Capitals,Rajasthan Royals,DC,RR,"M. Chinnaswamy Stadium, Bangalore",Bangalore,batting,Delhi Capitals,field,0,0,80,83,153,169,Rajasthan Royals,RR,2 wickets,Yuzvendra Chahal
1396,2023,league,Mumbai Indians,Lucknow Super Giants,MI,LSG,"Wankhede Stadium, Mumbai",Mumbai,batting,Lucknow Super Giants,field,1,0,88,81,204,163,Mumbai Indians,MI,3 wickets,Tim David
1397,2026,league,Chennai Super Kings,Kolkata Knight Riders,CSK,KKR,"Arun Jaitley Stadium, Delhi",Delhi,balanced,Kolkata Knight Riders,field,0,0,90,85,160,165,Kolkata Knight Riders,KKR,2 wickets,Shreyas Iyer
1398,2019,league,Lucknow Super Giants,Gujarat Titans,LSG,GT,"Arun Jaitley Stadium, Delhi",Delhi,balanced,Gujarat Titans,bat,0,0,81,86,147,141,Lucknow Super Giants,LSG,6 runs,Ravi Bishnoi
1399,2019,league,Punjab Kings,Sunrisers Hyderabad,PBKS,SRH,"IS Bindra Stadium, Mohali",Mohali,pace,Sunrisers Hyderabad,bat,1,0,75,78,113,80,Punjab Kings,PBKS,6 wickets,Jonny Bairstow
1400,2024,league,Chennai Super Kings,Gujarat Titans,CSK,GT,"Narendra Modi Stadium, Ahmedabad",Ahmedabad,balanced,Chennai Super Kings,field,0,1,90,86,206,177,Chennai Super Kings,CSK,40 runs,Devon Conway
1401,2021,league,Gujarat Titans,Kolkata Knight Riders,GT,KKR,"Eden Gardens, Kolkata",Kolkata,balanced,Kolkata Knight Riders,bat,0,1,86,85,171,132,Gujarat Titans,GT,7 wickets,Hardik Pandya
1402,2025,league,Chennai Super Kings,Punjab Kings,CSK,PBKS,"M.A. Chidambaram Stadium, Chennai",Chennai,spin,Chennai Super Kings,bat,1,0,90,75,180,187,Punjab Kings,PBKS,48 runs,Kagiso Rabada
1403,2018,league,Mumbai Indians,Punjab Kings,MI,PBKS,"Wankhede Stadium, Mumbai",Mumbai,batting,Punjab Kings,field,1,0,88,75,190,182,Mumbai Indians,MI,8 runs,Ishan Kishan
1404,2018,league,Lucknow Super Giants,Royal Challengers Bangalore,LSG,RCB,"M. Chinnaswamy Stadium, Bangalore",Bangalore,batting,Lucknow Super Giants,bat,0,1,81,82,196,210,Royal Challengers Bangalore,RCB,6 runs,Rajat Patidar
1405,2024,league,Mumbai Indians,Chennai Super Kings,MI,CSK,"BRSABV Ekana Stadium, Lucknow",Lucknow,balanced,Mumbai Indians,field,0,0,88,90,198,176,Mumbai Indians,MI,6 wickets,Suryakumar Yadav
1406,2023,league,Lucknow Super Giants,Rajasthan Royals,LSG,RR,"Sawai Mansingh Stadium, Jaipur",Jaipur,batting,Rajasthan Royals,bat,0,1,81,83,244,220,Lucknow Super Giants,LSG,17 runs,Mark Wood
1407,2025,league,Kolkata Knight Riders,Punjab Kings,KKR,PBKS,"M. Chinnaswamy Stadium, Bangalore",Bangalore,batting,Punjab Kings,bat,0,0,85,75,177,147,Kolkata Knight Riders,KKR,26 runs,Shreyas Iyer
1408,2019,league,Kolkata Knight Riders,Delhi Capitals,KKR,DC,"BRSABV Ekana Stadium, Lucknow",Lucknow,balanced,Kolkata Knight Riders,field,0,0,85,80,150,162,Delhi Capitals,DC,45 runs,Jake Fraser-McGurk
1409,2022,final,Rajasthan Royals,Royal Challengers Bangalore,RR,RCB,"M. Chinnaswamy Stadium, Bangalore",Bangalore,batting,Rajasthan Royals,field,0,1,83,82,123,115,Rajasthan Royals,RR,24 runs,Riyan Parag
1410,2019,league,Sunrisers Hyderabad,Gujarat Titans,SRH,GT,"M. Chinnaswamy Stadium, Bangalore",Bangalore,batting,Gujarat Titans,field,0,0,78,86,153,109,Sunrisers Hyderabad,SRH,1 wickets,Abhishek Sharma
1411,2021,league,Punjab Kings,Mumbai Indians,PBKS,MI,"Rajiv Gandhi Stadium, Hyderabad",Hyderabad,balanced,Mumbai Indians,bat,0,0,75,88,187,153,Punjab Kings,PBKS,45 runs,Kagiso Rabada
1412,2021,league,Sunrisers Hyderabad,Kolkata Knight Riders,SRH,KKR,"Eden Gardens, Kolkata",Kolkata,balanced,Kolkata Knight Riders,field,0,1,78,85,145,160,Kolkata Knight Riders,KKR,6 runs,Rinku Singh
1413,2021,league,Mumbai Indians,Royal Challengers Bangalore,MI,RCB,"M. Chinnaswamy Stadium, Bangalore",Bangalore,batting,Mumbai Indians,field,0,1,88,82,204,188,Mumbai Indians,MI,24 runs,Suryakumar Yadav
1414,2025,league,Sunrisers Hyderabad,Royal Challengers Bangalore,SRH,RCB,"Sawai Mansingh Stadium, Jaipur",Jaipur,batting,Sunrisers Hyderabad,field,0,0,78,82,190,177,Sunrisers Hyderabad,SRH,6 wickets,Abhishek Sharma
1415,2020,league,Chennai Super Kings,Gujarat Titans,CSK,GT,"M.A. Chidambaram Stadium, Chennai",Chennai,spin,Chennai Super Kings,bat,1,0,90,86,178,182,Gujarat Titans,GT,5 wickets,Wriddhiman Saha
1416,2020,final,Rajasthan Royals,Royal Challengers Bangalore,RR,RCB,"M. Chinnaswamy Stadium, Bangalore",Bangalore,batting,Royal Challengers Bangalore,field,0,1,83,82,188,206,Royal Challengers Bangalore,RCB,32 runs,Wanindu Hasaranga
1417,2025,playoff,Mumbai Indians,Rajasthan Royals,MI,RR,"Sawai Mansingh Stadium, Jaipur",Jaipur,batting,Mumbai Indians,field,0,1,88,83,209,215,Rajasthan Royals,RR,4 wickets,Yuzvendra Chahal
1418,2018,league,Gujarat Titans,Mumbai Indians,GT,MI,"Narendra Modi Stadium, Ahmedabad",Ahmedabad,balanced,Mumbai Indians,field,1,0,86,88,179,150,Gujarat Titans,GT,4 wickets,Rashid Khan
1419,2023,league,Royal Challengers Bangalore,Rajasthan Royals,RCB,RR,"M. Chinnaswamy Stadium, Bangalore",Bangalore,batting,Royal Challengers Bangalore,bat,1,0,82,83,116,91,Royal Challengers Bangalore,RCB,3 wickets,Mohammed Siraj
1420,2018,league,Royal Challengers Bangalore,Delhi Capitals,RCB,DC,"Eden Gardens, Kolkata",Kolkata,balanced,Royal Challengers Bangalore,field,0,0,82,80,227,187,Royal Challengers Bangalore,RCB,1 wickets,Dinesh Karthik
1421,2025,league,Gujarat Titans,Lucknow Super Giants,GT,LSG,"M. Chinnaswamy Stadium, Bangalore",Bangalore,batting,Gujarat Titans,field,0,0,86,81,214,240,Lucknow Super Giants,LSG,5 runs,Marcus Stoinis
1422,2022,league,Chennai Super Kings,Kolkata Knight Riders,CSK,KKR,"M.A. Chidambaram Stadium, Chennai",Chennai,spin,Kolkata Knight Riders,field,1,0,90,85,163,156,Chennai Super Kings,CSK,15 runs,Ravindra Jadeja
1423,2019,league,Royal Challengers Bangalore,Mumbai Indians,RCB,MI,"Wankhede Stadium, Mumbai",Mumbai,batting,Mumbai Indians,field,0,1,82,88,251,262,Mumbai Indians,MI,2 wickets,Suryakumar Yadav
1424,2023,league,Lucknow Super Giants,Delhi Capitals,LSG,DC,"Eden Gardens, Kolkata",Kolkata,balanced,Lucknow Super Giants,field,0,0,81,80,176,173,Lucknow Super Giants,LSG,1 wickets,Mark Wood
1425,2025,league,Royal Challengers Bangalore,Rajasthan Royals,RCB,RR,"M. Chinnaswamy Stadium, Bangalore",Bangalore,batting,Rajasthan Royals,field,1,0,82,83,151,180,Rajasthan Royals,RR,2 wickets,Trent Boult
1426,2024,league,Mumbai Indians,Royal Challengers Bangalore,MI,RCB,"Wankhede Stadium, Mumbai",Mumbai,batting,Royal Challengers Bangalore,field,1,0,88,82,168,192,Royal Challengers Bangalore,RCB,3 wickets,Glenn Maxwell
1427,2025,league,Kolkata Knight Riders,Chennai Super Kings,KKR,CSK,"Rajiv Gandhi Stadium, Hyderabad",Hyderabad,balanced,Kolkata Knight Riders,field,0,0,85,90,137,126,Kolkata Knight Riders,KKR,35 runs,Varun Chakravarthy
1428,2023,league,Sunrisers Hyderabad,Delhi Capitals,SRH,DC,"M. Chinnaswamy Stadium, Bangalore",Bangalore,batting,Sunrisers Hyderabad,field,0,0,78,80,216,197,Sunrisers Hyderabad,SRH,43 runs,T Natarajan
1429,2018,league,Gujarat Titans,Lucknow Super Giants,GT,LSG,"M.A. Chidambaram Stadium, Chennai",Chennai,spin,Gujarat Titans,field,0,0,86,81,200,203,Lucknow Super Giants,LSG,6 wickets,Ayush Badoni
1430,2026,playoff,Sunrisers Hyderabad,Rajasthan Royals,SRH,RR,"Rajiv Gandhi Stadium, Hyderabad",Hyderabad,balanced,Sunrisers Hyderabad,field,1,0,78,83,153,169,Rajasthan Royals,RR,44 runs,Trent Boult
1431,2019,league,Mumbai Indians,Lucknow Super Giants,MI,LSG,"Eden Gardens, Kolkata",Kolkata,balanced,Mumbai Indians,field,0,0,88,81,148,128,Mumbai Indians,MI,27 runs,Tilak Varma
1432,2025,league,Kolkata Knight Riders,Rajasthan Royals,KKR,RR,"Sawai Mansingh Stadium, Jaipur",Jaipur,batting,Rajasthan Royals,field,0,1,85,83,172,130,Kolkata Knight Riders,KKR,10 runs,Sunil Narine
1433,2018,league,Lucknow Super Giants,Kolkata Knight Riders,LSG,KKR,"BRSABV Ekana Stadium, Lucknow",Lucknow,balanced,Lucknow Super Giants,field,1,0,81,85,151,154,Kolkata Knight Riders,KKR,22 runs,Venkatesh Iyer
1434,2020,final,Rajasthan Royals,Lucknow Super Giants,RR,LSG,"BRSABV Ekana Stadium, Lucknow",Lucknow,balanced,Rajasthan Royals,field,0,1,83,81,102,82,Rajasthan Royals,RR,41 runs,Trent Boult
1435,2024,final,Punjab Kings,Rajasthan Royals,PBKS,RR,"Arun Jaitley Stadium, Delhi",Delhi,balanced,Rajasthan Royals,field,0,0,75,83,162,138,Punjab Kings,PBKS,7 wickets,Kagiso Rabada
1436,2024,league,Gujarat Titans,Rajasthan Royals,GT,RR,"Sawai Mansingh Stadium, Jaipur",Jaipur,batting,Rajasthan Royals,bat,0,1,86,83,192,155,Gujarat Titans,GT,3 wickets,Wriddhiman Saha
1437,2025,league,Kolkata Knight Riders,Punjab Kings,KKR,PBKS,"IS Bindra Stadium, Mohali",Mohali,pace,Punjab Kings,bat,0,1,85,75,172,189,Punjab Kings,PBKS,34 runs,Jitesh Sharma
1438,2021,league,Lucknow Super Giants,Sunrisers Hyderabad,LSG,SRH,"Rajiv Gandhi Stadium, Hyderabad",Hyderabad,balanced,Lucknow Super Giants,field,0,1,81,78,156,127,Lucknow Super Giants,LSG,18 runs,Nicholas Pooran
1439,2025,league,Sunrisers Hyderabad,Gujarat Titans,SRH,GT,"Rajiv Gandhi Stadium, Hyderabad",Hyderabad,balanced,Gujarat Titans,field,1,0,78,86,211,229,Gujarat Titans,GT,7 wickets,Hardik Pandya
1440,2023,league,Lucknow Super Giants,Punjab Kings,LSG,PBKS,"IS Bindra Stadium, Mohali",Mohali,pace,Lucknow Super Giants,field,0,1,81,75,192,197,Punjab Kings,PBKS,8 runs,Arshdeep Singh
1441,2020,league,Sunrisers Hyderabad,Rajasthan Royals,SRH,RR,"Sawai Mansingh Stadium, Jaipur",Jaipur,batting,Rajasthan Royals,field,0,1,78,83,239,254,Rajasthan Royals,RR,31 runs,Shimron Hetmyer
1442,2021,league,Kolkata Knight Riders,Gujarat Titans,KKR,GT,"Eden Gardens, Kolkata",Kolkata,balanced,Kolkata Knight Riders,bat,1,0,85,86,131,101,Kolkata Knight Riders,KKR,3 wickets,Shreyas Iyer
1443,2024,league,Chennai Super Kings,Delhi Capitals,CSK,DC,"M. Chinnaswamy Stadium, Bangalore",Bangalore,batting,Delhi Capitals,field,0,0,90,80,186,155,Chennai Super Kings,CSK,39 runs,Ruturaj Gaikwad
1444,2022,league,Lucknow Super Giants,Royal Challengers Bangalore,LSG,RCB,"M. Chinnaswamy Stadium, Bangalore",Bangalore,batting,Lucknow Super Giants,field,0,1,81,82,120,125,Royal Challengers Bangalore,RCB,33 runs,Wanindu Hasaranga
1445,2019,league,Kolkata Knight Riders,Royal Challengers Bangalore,KKR,RCB,"M. Chinnaswamy Stadium, Bangalore",Bangalore,batting,Kolkata Knight Riders,field,0,1,85,82,195,206,Royal Challengers Bangalore,RCB,28 runs,Mohammed Siraj
1446,2025,playoff,Mumbai Indians,Rajasthan Royals,MI,RR,"Wankhede Stadium, Mumbai",Mumbai,batting,Rajasthan Royals,field,1,0,88,83,200,175,Mumbai Indians,MI,7 wickets,Suryakumar Yadav
1447,2019,league,Kolkata Knight Riders,Gujarat Titans,KKR,GT,"Narendra Modi Stadium, Ahmedabad",Ahmedabad,balanced,Gujarat Titans,bat,0,1,85,86,112,129,Gujarat Titans,GT,6 runs,Rahul Tewatia
1448,2018,league,Chennai Super Kings,Punjab Kings,CSK,PBKS,"M.A. Chidambaram Stadium, Chennai",Chennai,spin,Punjab Kings,field,1,0,90,75,196,173,Chennai Super Kings,CSK,29 runs,Ravindra Jadeja
1449,2022,league,Gujarat Titans,Delhi Capitals,GT,DC,"Eden Gardens, Kolkata",Kolkata,balanced,Gujarat Titans,bat,0,0,86,80,175,149,Gujarat Titans,GT,46 runs,Rashid Khan
1450,2026,league,Chennai Super Kings,Gujarat Titans,CSK,GT,"M.A. Chidambaram Stadium, Chennai",Chennai,spin,Gujarat Titans,field,1,0,90,86,175,149,Chennai Super Kings,CSK,3 wickets,Deepak Chahar
1451,2022,league,Royal Challengers Bangalore,Mumbai Indians,RCB,MI,"M. Chinnaswamy Stadium, Bangalore",Bangalore,batting,Mumbai Indians,bat,1,0,82,88,199,195,Royal Challengers Bangalore,RCB,39 runs,Faf du Plessis
1452,2019,league,Lucknow Super Giants,Delhi Capitals,LSG,DC,"M. Chinnaswamy Stadium, Bangalore",Bangalore,batting,Lucknow Super Giants,field,0,0,81,80,183,154,Lucknow Super Giants,LSG,1 wickets,Marcus Stoinis
1453,2023,league,Delhi Capitals,Kolkata Knight Riders,DC,KKR,"Eden Gardens, Kolkata",Kolkata,balanced,Delhi Capitals,bat,0,1,80,85,151,180,Kolkata Knight Riders,KKR,2 wickets,Varun Chakravarthy
1454,2020,league,Lucknow Super Giants,Sunrisers Hyderabad,LSG,SRH,"BRSABV Ekana Stadium, Lucknow",Lucknow,balanced,Lucknow Super Giants,field,1,0,81,78,223,185,Lucknow Super Giants,LSG,6 wickets,Mark Wood
1455,2022,playoff,Chennai Super Kings,Lucknow Super Giants,CSK,LSG,"M.A. Chidambaram Stadium, Chennai",Chennai,spin,Chennai Super Kings,field,1,0,90,81,130,145,Lucknow Super Giants,LSG,37 runs,Ayush Badoni
1456,2018,league,Sunrisers Hyderabad,Delhi Capitals,SRH,DC,"BRSABV Ekana Stadium, Lucknow",Lucknow,balanced,Delhi Capitals,field,0,0,78,80,193,176,Sunrisers Hyderabad,SRH,21 runs,Travis Head
1457,2023,league,Lucknow Super Giants,Royal Challengers Bangalore,LSG,RCB,"BRSABV Ekana Stadium, Lucknow",Lucknow,balanced,Royal Challengers Bangalore,field,1,0,81,82,165,137,Lucknow Super Giants,LSG,5 runs,Quinton de Kock
1458,2025,league,Punjab Kings,Rajasthan Royals,PBKS,RR,"Sawai Mansingh Stadium, Jaipur",Jaipur,batting,Punjab Kings,field,0,1,75,83,167,140,Punjab Kings,PBKS,3 wickets,Shikhar Dhawan
1459,2018,league,Rajasthan Royals,Chennai Super Kings,RR,CSK,"Sawai Mansingh Stadium, Jaipur",Jaipur,batting,Rajasthan Royals,field,1,0,83,90,204,208,Chennai Super Kings,CSK,46 runs,Ravindra Jadeja
1460,2022,playoff,Mumbai Indians,Lucknow Super Giants,MI,LSG,"Arun Jaitley Stadium, Delhi",Delhi,balanced,Lucknow Super Giants,field,0,0,88,81,184,153,Mumbai Indians,MI,2 wickets,Piyush Chawla
1461,2024,league,Rajasthan Royals,Royal Challengers Bangalore,RR,RCB,"Sawai Mansingh Stadium, Jaipur",Jaipur,batting,Royal Challengers Bangalore,field,1,0,83,82,173,190,Royal Challengers Bangalore,RCB,2 wickets,Virat Kohli
1462,2026,playoff,Rajasthan Royals,Kolkata Knight Riders,RR,KKR,"M.A. Chidambaram Stadium, Chennai",Chennai,spin,Rajasthan Royals,bat,0,0,83,85,190,174,Rajasthan Royals,RR,7 wickets,Shimron Hetmyer
1463,2026,league,Mumbai Indians,Gujarat Titans,MI,GT,"Narendra Modi Stadium, Ahmedabad",Ahmedabad,balanced,Gujarat Titans,field,0,1,88,86,156,116,Mumbai Indians,MI,6 wickets,Tilak Varma
1464,2024,league,Sunrisers Hyderabad,Kolkata Knight Riders,SRH,KKR,"Sawai Mansingh Stadium, Jaipur",Jaipur,batting,Kolkata Knight Riders,field,0,0,78,85,180,203,Kolkata Knight Riders,KKR,6 wickets,Andre Russell
1465,2026,league,Mumbai Indians,Lucknow Super Giants,MI,LSG,"Wankhede Stadium, Mumbai",Mumbai,batting,Lucknow Super Giants,field,1,0,88,81,196,218,Lucknow Super Giants,LSG,9 runs,Ayush Badoni
1466,2023,league,Rajasthan Royals,Chennai Super Kings,RR,CSK,"Sawai Mansingh Stadium, Jaipur",Jaipur,batting,Rajasthan Royals,bat,1,0,83,90,195,199,Chennai Super Kings,CSK,26 runs,Deepak Chahar
1467,2025,league,Kolkata Knight Riders,Royal Challengers Bangalore,KKR,RCB,"Arun Jaitley Stadium, Delhi",Delhi,balanced,Kolkata Knight Riders,bat,0,0,85,82,162,134,Kolkata Knight Riders,KKR,5 wickets,Sunil Narine
1468,2022,playoff,Sunrisers Hyderabad,Delhi Capitals,SRH,DC,"Sawai Mansingh Stadium, Jaipur",Jaipur,batting,Sunrisers Hyderabad,bat,0,0,78,80,172,198,Delhi Capitals,DC,45 runs,David Warner
1469,2022,league,Kolkata Knight Riders,Delhi Capitals,KKR,DC,"M.A. Chidambaram Stadium, Chennai",Chennai,spin,Delhi Capitals,field,0,0,85,80,172,162,Kolkata Knight Riders,KKR,46 runs,Rinku Singh
1470,2020,league,Kolkata Knight Riders,Gujarat Titans,KKR,GT,"Narendra Modi Stadium, Ahmedabad",Ahmedabad,balanced,Gujarat Titans,bat,0,1,85,86,198,225,Gujarat Titans,GT,13 runs,Rashid Khan
1471,2021,playoff,Sunrisers Hyderabad,Mumbai Indians,SRH,MI,"M.A. Chidambaram Stadium, Chennai",Chennai,spin,Mumbai Indians,field,0,0,78,88,143,145,Mumbai Indians,MI,38 runs,Jasprit Bumrah
1472,2025,league,Gujarat Titans,Mumbai Indians,GT,MI,"Arun Jaitley Stadium, Delhi",Delhi,balanced,Gujarat Titans,bat,0,0,86,88,107,125,Mumbai Indians,MI,30 runs,Ishan Kishan
1473,2018,playoff,Royal Challengers Bangalore,Rajasthan Royals,RCB,RR,"Narendra Modi Stadium, Ahmedabad",Ahmedabad,balanced,Rajasthan Royals,field,0,0,82,83,168,190,Rajasthan Royals,RR,42 runs,Riyan Parag
1474,2020,final,Gujarat Titans,Mumbai Indians,GT,MI,"Wankhede Stadium, Mumbai",Mumbai,batting,Gujarat Titans,bat,0,1,86,88,217,176,Gujarat Titans,GT,6 wickets,David Miller
1475,2020,league,Chennai Super Kings,Sunrisers Hyderabad,CSK,SRH,"M.A. Chidambaram Stadium, Chennai",Chennai,spin,Sunrisers Hyderabad,bat,1,0,90,78,158,159,Sunrisers Hyderabad,SRH,1 wickets,Nitish Kumar Reddy
1476,2019,league,Gujarat Titans,Punjab Kings,GT,PBKS,"Narendra Modi Stadium, Ahmedabad",Ahmedabad,balanced,Punjab Kings,bat,1,0,86,75,200,162,Gujarat Titans,GT,32 runs,Rashid Khan
1477,2019,league,Royal Challengers Bangalore,Rajasthan Royals,RCB,RR,"BRSABV Ekana Stadium, Lucknow",Lucknow,balanced,Royal Challengers Bangalore,field,0,0,82,83,186,187,Rajasthan Royals,RR,4 wickets,Jos Buttler
1478,2021,league,Rajasthan Royals,Kolkata Knight Riders,RR,KKR,"M. Chinnaswamy Stadium, Bangalore",Bangalore,batting,Kolkata Knight Riders,bat,0,0,83,85,204,190,Rajasthan Royals,RR,6 wickets,Riyan Parag
1479,2021,league,Rajasthan Royals,Chennai Super Kings,RR,CSK,"Sawai Mansingh Stadium, Jaipur",Jaipur,batting,Rajasthan Royals,bat,1,0,83,90,178,150,Rajasthan Royals,RR,3 wickets,Yashasvi Jaiswal
1480,2019,league,Punjab Kings,Royal Challengers Bangalore,PBKS,RCB,"IS Bindra Stadium, Mohali",Mohali,pace,Punjab Kings,field,1,0,75,82,147,120,Punjab Kings,PBKS,16 runs,Jonny Bairstow
1481,2020,league,Rajasthan Royals,Delhi Capitals,RR,DC,"Sawai Mansingh Stadium, Jaipur",Jaipur,batting,Rajasthan Royals,bat,1,0,83,80,199,204,Delhi Capitals,DC,2 wickets,Rishabh Pant
1482,2021,league,Punjab Kings,Sunrisers Hyderabad,PBKS,SRH,"IS Bindra Stadium, Mohali",Mohali,pace,Sunrisers Hyderabad,field,1,0,75,78,223,252,Sunrisers Hyderabad,SRH,22 runs,Nitish Kumar Reddy
1483,2021,playoff,Chennai Super Kings,Royal Challengers Bangalore,CSK,RCB,"M.A. Chidambaram Stadium, Chennai",Chennai,spin,Chennai Super Kings,field,1,0,90,82,144,141,Chennai Super Kings,CSK,13 runs,Ravindra Jadeja
1484,2025,league,Gujarat Titans,Delhi Capitals,GT,DC,"Arun Jaitley Stadium, Delhi",Delhi,balanced,Delhi Capitals,field,0,1,86,80,163,143,Gujarat Titans,GT,5 wickets,David Miller
1485,2020,league,Mumbai Indians,Sunrisers Hyderabad,MI,SRH,"Wankhede Stadium, Mumbai",Mumbai,batting,Sunrisers Hyderabad,field,1,0,88,78,154,182,Sunrisers Hyderabad,SRH,7 wickets,Bhuvneshwar Kumar
1486,2022,league,Gujarat Titans,Royal Challengers Bangalore,GT,RCB,"Narendra Modi Stadium, Ahmedabad",Ahmedabad,balanced,Gujarat Titans,field,1,0,86,82,152,146,Gujarat Titans,GT,4 wickets,Shubman Gill
1487,2021,league,Gujarat Titans,Sunrisers Hyderabad,GT,SRH,"Narendra Modi Stadium, Ahmedabad",Ahmedabad,balanced,Gujarat Titans,bat,1,0,86,78,151,116,Gujarat Titans,GT,15 runs,Rahul Tewatia
1488,2018,league,Royal Challengers Bangalore,Sunrisers Hyderabad,RCB,SRH,"Sawai Mansingh Stadium, Jaipur",Jaipur,batting,Sunrisers Hyderabad,field,0,0,82,78,112,137,Sunrisers Hyderabad,SRH,49 runs,T Natarajan
1489,2021,league,Sunrisers Hyderabad,Delhi Capitals,SRH,DC,"Arun Jaitley Stadium, Delhi",Delhi,balanced,Delhi Capitals,bat,0,1,78,80,155,152,Sunrisers Hyderabad,SRH,6 wickets,Abhishek Sharma
1490,2025,league,Chennai Super Kings,Royal Challengers Bangalore,CSK,RCB,"M. Chinnaswamy Stadium, Bangalore",Bangalore,batting,Royal Challengers Bangalore,field,0,1,90,82,192,210,Royal Challengers Bangalore,RCB,7 wickets,Mohammed Siraj
1491,2026,league,Delhi Capitals,Royal Challengers Bangalore,DC,RCB,"Arun Jaitley Stadium, Delhi",Delhi,balanced,Royal Challengers Bangalore,field,1,0,80,82,139,165,Royal Challengers Bangalore,RCB,2 wickets,Glenn Maxwell
1492,2024,league,Chennai Super Kings,Rajasthan Royals,CSK,RR,"M. Chinnaswamy Stadium, Bangalore",Bangalore,batting,Chennai Super Kings,bat,0,0,90,83,216,181,Chennai Super Kings,CSK,12 runs,Ravindra Jadeja
1493,2022,league,Delhi Capitals,Sunrisers Hyderabad,DC,SRH,"Rajiv Gandhi Stadium, Hyderabad",Hyderabad,balanced,Sunrisers Hyderabad,field,0,1,80,78,131,146,Sunrisers Hyderabad,SRH,2 wickets,Nitish Kumar Reddy
1494,2022,league,Royal Challengers Bangalore,Sunrisers Hyderabad,RCB,SRH,"M. Chinnaswamy Stadium, Bangalore",Bangalore,batting,Sunrisers Hyderabad,field,1,0,82,78,141,149,Sunrisers Hyderabad,SRH,6 wickets,Abhishek Sharma
1495,2019,final,Royal Challengers Bangalore,Lucknow Super Giants,RCB,LSG,"Wankhede Stadium, Mumbai",Mumbai,batting,Lucknow Super Giants,field,0,0,82,81,206,228,Lucknow Super Giants,LSG,6 wickets,Quinton de Kock
1496,2019,league,Punjab Kings,Lucknow Super Giants,PBKS,LSG,"BRSABV Ekana Stadium, Lucknow",Lucknow,balanced,Punjab Kings,bat,0,1,75,81,112,140,Lucknow Super Giants,LSG,1 wickets,Ravi Bishnoi
1497,2024,league,Punjab Kings,Rajasthan Royals,PBKS,RR,"IS Bindra Stadium, Mohali",Mohali,pace,Rajasthan Royals,field,1,0,75,83,176,155,Punjab Kings,PBKS,8 runs,Liam Livingstone
1498,2023,league,Chennai Super Kings,Sunrisers Hyderabad,CSK,SRH,"Rajiv Gandhi Stadium, Hyderabad",Hyderabad,balanced,Chennai Super Kings,bat,0,1,90,78,127,99,Chennai Super Kings,CSK,15 runs,MS Dhoni
1499,2020,league,Royal Challengers Bangalore,Mumbai Indians,RCB,MI,"Eden Gardens, Kolkata",Kolkata,balanced,Royal Challengers Bangalore,field,0,0,82,88,126,91,Royal Challengers Bangalore,RCB,25 runs,Wanindu Hasaranga
1500,2022,league,Punjab Kings,Chennai Super Kings,PBKS,CSK,"IS Bindra Stadium, Mohali",Mohali,pace,Chennai Super Kings,bat,1,0,75,90,163,128,Punjab Kings,PBKS,4 wickets,Shikhar Dhawan
1501,2022,league,Kolkata Knight Riders,Lucknow Super Giants,KKR,LSG,"Rajiv Gandhi Stadium, Hyderabad",Hyderabad,balanced,Lucknow Super Giants,field,0,0,85,81,177,181,Lucknow Super Giants,LSG,14 runs,Ayush Badoni
1502,2022,league,Mumbai Indians,Punjab Kings,MI,PBKS,"Wankhede Stadium, Mumbai",Mumbai,batting,Mumbai Indians,field,1,0,88,75,148,127,Mumbai Indians,MI,47 runs,Jasprit Bumrah
1503,2019,league,Chennai Super Kings,Kolkata Knight Riders,CSK,KKR,"Eden Gardens, Kolkata",Kolkata,balanced,Chennai Super Kings,field,0,1,90,85,125,88,Chennai Super Kings,CSK,21 runs,Devon Conway
1504,2026,league,Sunrisers Hyderabad,Royal Challengers Bangalore,SRH,RCB,"M. Chinnaswamy Stadium, Bangalore",Bangalore,batting,Royal Challengers Bangalore,bat,0,1,78,82,137,142,Royal Challengers Bangalore,RCB,6 wickets,Glenn Maxwell
1505,2026,league,Kolkata Knight Riders,Punjab Kings,KKR,PBKS,"M. Chinnaswamy Stadium, Bangalore",Bangalore,batting,Punjab Kings,bat,0,0,85,75,184,147,Kolkata Knight Riders,KKR,7 wickets,Rinku Singh
1506,2024,playoff,Rajasthan Royals,Gujarat Titans,RR,GT,"Sawai Mansingh Stadium, Jaipur",Jaipur,batting,Gujarat Titans,field,1,0,83,86,210,186,Rajasthan Royals,RR,6 wickets,Yuzvendra Chahal
1507,2025,league,Rajasthan Royals,Lucknow Super Giants,RR,LSG,"BRSABV Ekana Stadium, Lucknow",Lucknow,balanced,Rajasthan Royals,field,0,1,83,81,133,142,Lucknow Super Giants,LSG,1 wickets,Marcus Stoinis
1508,2025,league,Lucknow Super Giants,Kolkata Knight Riders,LSG,KKR,"Eden Gardens, Kolkata",Kolkata,balanced,Lucknow Super Giants,field,0,1,81,85,156,175,Kolkata Knight Riders,KKR,6 wickets,Venkatesh Iyer
1509,2023,playoff,Kolkata Knight Riders,Mumbai Indians,KKR,MI,"Eden Gardens, Kolkata",Kolkata,balanced,Kolkata Knight Riders,field,1,0,85,88,145,130,Kolkata Knight Riders,KKR,38 runs,Sunil Narine
1510,2018,league,Sunrisers Hyderabad,Royal Challengers Bangalore,SRH,RCB,"Rajiv Gandhi Stadium, Hyderabad",Hyderabad,balanced,Royal Challengers Bangalore,bat,1,0,78,82,215,182,Sunrisers Hyderabad,SRH,7 wickets,Aiden Markram
1511,2019,league,Royal Challengers Bangalore,Delhi Capitals,RCB,DC,"M. Chinnaswamy Stadium, Bangalore",Bangalore,batting,Delhi Capitals,field,1,0,82,80,176,140,Royal Challengers Bangalore,RCB,43 runs,Rajat Patidar
1512,2018,league,Mumbai Indians,Punjab Kings,MI,PBKS,"Wankhede Stadium, Mumbai",Mumbai,batting,Mumbai Indians,bat,1,0,88,75,166,180,Punjab Kings,PBKS,9 runs,Kagiso Rabada
1513,2019,league,Punjab Kings,Kolkata Knight Riders,PBKS,KKR,"IS Bindra Stadium, Mohali",Mohali,pace,Punjab Kings,field,1,0,75,85,174,160,Punjab Kings,PBKS,26 runs,Jonny Bairstow
1514,2025,league,Mumbai Indians,Rajasthan Royals,MI,RR,"Wankhede Stadium, Mumbai",Mumbai,batting,Rajasthan Royals,field,1,0,88,83,149,127,Mumbai Indians,MI,5 wickets,Piyush Chawla
1515,2021,league,Mumbai Indians,Gujarat Titans,MI,GT,"Wankhede Stadium, Mumbai",Mumbai,batting,Gujarat Titans,field,1,0,88,86,140,105,Mumbai Indians,MI,4 wickets,Piyush Chawla
1516,2026,league,Lucknow Super Giants,Mumbai Indians,LSG,MI,"BRSABV Ekana Stadium, Lucknow",Lucknow,balanced,Mumbai Indians,field,1,0,81,88,142,148,Mumbai Indians,MI,37 runs,Rohit Sharma
1517,2024,league,Mumbai Indians,Gujarat Titans,MI,GT,"Narendra Modi Stadium, Ahmedabad",Ahmedabad,balanced,Gujarat Titans,field,0,1,88,86,126,141,Gujarat Titans,GT,30 runs,David Miller
1518,2022,league,Punjab Kings,Gujarat Titans,PBKS,GT,"Arun Jaitley Stadium, Delhi",Delhi,balanced,Punjab Kings,field,0,0,75,86,159,139,Punjab Kings,PBKS,3 wickets,Shikhar Dhawan
1519,2019,league,Lucknow Super Giants,Chennai Super Kings,LSG,CSK,"M. Chinnaswamy Stadium, Bangalore",Bangalore,batting,Lucknow Super Giants,bat,0,0,81,90,179,183,Chennai Super Kings,CSK,29 runs,Deepak Chahar
1520,2021,playoff,Rajasthan Royals,Delhi Capitals,RR,DC,"Sawai Mansingh Stadium, Jaipur",Jaipur,batting,Rajasthan Royals,bat,1,0,83,80,243,231,Rajasthan Royals,RR,36 runs,Sanju Samson
1521,2023,league,Rajasthan Royals,Kolkata Knight Riders,RR,KKR,"Sawai Mansingh Stadium, Jaipur",Jaipur,batting,Rajasthan Royals,bat,1,0,83,85,233,208,Rajasthan Royals,RR,2 runs,Jos Buttler
1522,2024,playoff,Mumbai Indians,Sunrisers Hyderabad,MI,SRH,"Rajiv Gandhi Stadium, Hyderabad",Hyderabad,balanced,Sunrisers Hyderabad,field,0,1,88,78,164,190,Sunrisers Hyderabad,SRH,48 runs,Heinrich Klaasen
1523,2020,league,Chennai Super Kings,Kolkata Knight Riders,CSK,KKR,"M.A. Chidambaram Stadium, Chennai",Chennai,spin,Kolkata Knight Riders,field,1,0,90,85,215,230,Kolkata Knight Riders,KKR,19 runs,Sunil Narine
1524,2024,final,Delhi Capitals,Punjab Kings,DC,PBKS,"Narendra Modi Stadium, Ahmedabad",Ahmedabad,balanced,Punjab Kings,field,0,0,80,75,129,123,Delhi Capitals,DC,21 runs,David Warner
1525,2022,league,Chennai Super Kings,Sunrisers Hyderabad,CSK,SRH,"Rajiv Gandhi Stadium, Hyderabad",Hyderabad,balanced,Chennai Super Kings,bat,0,1,90,78,171,134,Chennai Super Kings,CSK,6 runs,Devon Conway
1526,2019,league,Rajasthan Royals,Lucknow Super Giants,RR,LSG,"Sawai Mansingh Stadium, Jaipur",Jaipur,batting,Rajasthan Royals,bat,1,0,83,81,156,123,Rajasthan Royals,RR,9 runs,Sanju Samson
1527,2025,league,Kolkata Knight Riders,Gujarat Titans,KKR,GT,"Eden Gardens, Kolkata",Kolkata,balanced,Kolkata Knight Riders,field,1,0,85,86,137,161,Gujarat Titans,GT,18 runs,David Miller
1528,2018,league,Lucknow Super Giants,Rajasthan Royals,LSG,RR,"Narendra Modi Stadium, Ahmedabad",Ahmedabad,balanced,Lucknow Super Giants,field,0,0,81,83,124,146,Rajasthan Royals,RR,28 runs,Yuzvendra Chahal
1529,2018,league,Rajasthan Royals,Mumbai Indians,RR,MI,"Sawai Mansingh Stadium, Jaipur",Jaipur,batting,Rajasthan Royals,bat,1,0,83,88,110,131,Mumbai Indians,MI,32 runs,Rohit Sharma
1530,2022,league,Mumbai Indians,Royal Challengers Bangalore,MI,RCB,"Wankhede Stadium, Mumbai",Mumbai,batting,Mumbai Indians,field,1,0,88,82,162,122,Mumbai Indians,MI,13 runs,Tilak Varma
1531,2020,league,Rajasthan Royals,Kolkata Knight Riders,RR,KKR,"Eden Gardens, Kolkata",Kolkata,balanced,Kolkata Knight Riders,field,0,1,83,85,140,141,Kolkata Knight Riders,KKR,5 wickets,Andre Russell
1532,2018,playoff,Gujarat Titans,Sunrisers Hyderabad,GT,SRH,"Rajiv Gandhi Stadium, Hyderabad",Hyderabad,balanced,Gujarat Titans,field,0,1,86,78,179,169,Gujarat Titans,GT,10 runs,Mohammed Shami
1533,2023,league,Sunrisers Hyderabad,Punjab Kings,SRH,PBKS,"Rajiv Gandhi Stadium, Hyderabad",Hyderabad,balanced,Sunrisers Hyderabad,bat,1,0,78,75,175,154,Sunrisers Hyderabad,SRH,49 runs,T Natarajan
1534,2021,league,Mumbai Indians,Kolkata Knight Riders,MI,KKR,"Wankhede Stadium, Mumbai",Mumbai,batting,Mumbai Indians,field,1,0,88,85,195,196,Kolkata Knight Riders,KKR,1 wickets,Venkatesh Iyer
1535,2018,league,Sunrisers Hyderabad,Kolkata Knight Riders,SRH,KKR,"Eden Gardens, Kolkata",Kolkata,balanced,Sunrisers Hyderabad,field,0,1,78,85,162,180,Kolkata Knight Riders,KKR,18 runs,Sunil Narine
1536,2026,league,Delhi Capitals,Royal Challengers Bangalore,DC,RCB,"Arun Jaitley Stadium, Delhi",Delhi,balanced,Royal Challengers Bangalore,field,1,0,80,82,90,80,Delhi Capitals,DC,2 wickets,Anrich Nortje
1537,2020,playoff,Punjab Kings,Gujarat Titans,PBKS,GT,"Narendra Modi Stadium, Ahmedabad",Ahmedabad,balanced,Gujarat Titans,field,0,1,75,86,193,205,Gujarat Titans,GT,1 wickets,Mohammed Shami
1538,2022,league,Chennai Super Kings,Mumbai Indians,CSK,MI,"Narendra Modi Stadium, Ahmedabad",Ahmedabad,balanced,Chennai Super Kings,field,0,0,90,88,147,165,Mumbai Indians,MI,6 wickets,Suryakumar Yadav
1539,2021,league,Delhi Capitals,Rajasthan Royals,DC,RR,"Arun Jaitley Stadium, Delhi",Delhi,balanced,Delhi Capitals,field,1,0,80,83,179,195,Rajasthan Royals,RR,4 wickets,Yuzvendra Chahal
1540,2025,league,Royal Challengers Bangalore,Sunrisers Hyderabad,RCB,SRH,"M. Chinnaswamy Stadium, Bangalore",Bangalore,batting,Royal Challengers Bangalore,bat,1,0,82,78,194,187,Royal Challengers Bangalore,RCB,41 runs,Wanindu Hasaranga
1541,2022,league,Mumbai Indians,Lucknow Super Giants,MI,LSG,"Wankhede Stadium, Mumbai",Mumbai,batting,Mumbai Indians,field,1,0,88,81,184,213,Lucknow Super Giants,LSG,41 runs,Quinton de Kock
1542,2021,league,Punjab Kings,Royal Challengers Bangalore,PBKS,RCB,"IS Bindra Stadium, Mohali",Mohali,pace,Royal Challengers Bangalore,field,1,0,75,82,183,172,Punjab Kings,PBKS,4 wickets,Arshdeep Singh
1543,2018,league,Gujarat Titans,Lucknow Super Giants,GT,LSG,"BRSABV Ekana Stadium, Lucknow",Lucknow,balanced,Lucknow Super Giants,field,0,1,86,81,157,168,Lucknow Super Giants,LSG,25 runs,Marcus Stoinis
1544,2021,final,Kolkata Knight Riders,Punjab Kings,KKR,PBKS,"Eden Gardens, Kolkata",Kolkata,balanced,Kolkata Knight Riders,field,1,0,85,75,136,94,Kolkata Knight Riders,KKR,36 runs,Rinku Singh
1545,2026,playoff,Lucknow Super Giants,Delhi Capitals,LSG,DC,"M.A. Chidambaram Stadium, Chennai",Chennai,spin,Lucknow Super Giants,bat,0,0,81,80,139,114,Lucknow Super Giants,LSG,17 runs,Nicholas Pooran
1546,2019,playoff,Punjab Kings,Gujarat Titans,PBKS,GT,"IS Bindra Stadium, Mohali",Mohali,pace,Gujarat Titans,field,1,0,75,86,208,225,Gujarat Titans,GT,1 wickets,Rashid Khan
1547,2019,league,Kolkata Knight Riders,Royal Challengers Bangalore,KKR,RCB,"Narendra Modi Stadium, Ahmedabad",Ahmedabad,balanced,Kolkata Knight Riders,bat,0,0,85,82,187,145,Kolkata Knight Riders,KKR,45 runs,Andre Russell
1548,2022,league,Rajasthan Royals,Sunrisers Hyderabad,RR,SRH,"Arun Jaitley Stadium, Delhi",Delhi,balanced,Rajasthan Royals,field,0,0,83,78,191,207,Sunrisers Hyderabad,SRH,2 wickets,Heinrich Klaasen
1549,2018,playoff,Kolkata Knight Riders,Lucknow Super Giants,KKR,LSG,"Eden Gardens, Kolkata",Kolkata,balanced,Kolkata Knight Riders,field,1,0,85,81,169,195,Lucknow Super Giants,LSG,7 wickets,Ayush Badoni
1550,2023,league,Rajasthan Royals,Lucknow Super Giants,RR,LSG,"BRSABV Ekana Stadium, Lucknow",Lucknow,balanced,Lucknow Super Giants,field,0,1,83,81,193,181,Rajasthan Royals,RR,20 runs,Yashasvi Jaiswal
1551,2024,league,Delhi Capitals,Gujarat Titans,DC,GT,"Wankhede Stadium, Mumbai",Mumbai,batting,Delhi Capitals,bat,0,0,80,86,166,122,Delhi Capitals,DC,2 wickets,Tristan Stubbs
1552,2021,league,Sunrisers Hyderabad,Royal Challengers Bangalore,SRH,RCB,"Narendra Modi Stadium, Ahmedabad",Ahmedabad,balanced,Sunrisers Hyderabad,field,0,0,78,82,172,162,Sunrisers Hyderabad,SRH,13 runs,Bhuvneshwar Kumar
1553,2026,league,Royal Challengers Bangalore,Kolkata Knight Riders,RCB,KKR,"Arun Jaitley Stadium, Delhi",Delhi,balanced,Kolkata Knight Riders,bat,0,0,82,85,181,208,Kolkata Knight Riders,KKR,2 wickets,Sunil Narine
1554,2025,league,Sunrisers Hyderabad,Royal Challengers Bangalore,SRH,RCB,"IS Bindra Stadium, Mohali",Mohali,pace,Royal Challengers Bangalore,field,0,0,78,82,137,98,Sunrisers Hyderabad,SRH,6 wickets,Abhishek Sharma
1555,2025,league,Royal Challengers Bangalore,Mumbai Indians,RCB,MI,"Eden Gardens, Kolkata",Kolkata,balanced,Royal Challengers Bangalore,field,0,0,82,88,166,146,Royal Challengers Bangalore,RCB,1 wickets,Mohammed Siraj
1556,2024,league,Punjab Kings,Sunrisers Hyderabad,PBKS,SRH,"Sawai Mansingh Stadium, Jaipur",Jaipur,batting,Sunrisers Hyderabad,field,0,0,75,78,179,191,Sunrisers Hyderabad,SRH,3 wickets,Nitish Kumar Reddy
1557,2018,final,Royal Challengers Bangalore,Gujarat Titans,RCB,GT,"BRSABV Ekana Stadium, Lucknow",Lucknow,balanced,Royal Challengers Bangalore,bat,0,0,82,86,199,209,Gujarat Titans,GT,27 runs,David Miller
1558,2026,league,Kolkata Knight Riders,Delhi Capitals,KKR,DC,"Sawai Mansingh Stadium, Jaipur",Jaipur,batting,Kolkata Knight Riders,field,0,0,85,80,186,172,Kolkata Knight Riders,KKR,33 runs,Andre Russell
1559,2019,league,Kolkata Knight Riders,Gujarat Titans,KKR,GT,"Eden Gardens, Kolkata",Kolkata,balanced,Gujarat Titans,bat,1,0,85,86,165,172,Gujarat Titans,GT,7 wickets,David Miller
1560,2024,league,Gujarat Titans,Delhi Capitals,GT,DC,"Rajiv Gandhi Stadium, Hyderabad",Hyderabad,balanced,Delhi Capitals,field,0,0,86,80,193,180,Gujarat Titans,GT,4 wickets,Rahul Tewatia
1561,2020,league,Kolkata Knight Riders,Chennai Super Kings,KKR,CSK,"Eden Gardens, Kolkata",Kolkata,balanced,Kolkata Knight Riders,bat,1,0,85,90,184,165,Kolkata Knight Riders,KKR,3 wickets,Venkatesh Iyer
1562,2022,league,Delhi Capitals,Mumbai Indians,DC,MI,"BRSABV Ekana Stadium, Lucknow",Lucknow,balanced,Mumbai Indians,field,0,0,80,88,165,135,Delhi Capitals,DC,41 runs,David Warner
1563,2020,league,Royal Challengers Bangalore,Mumbai Indians,RCB,MI,"IS Bindra Stadium, Mohali",Mohali,pace,Royal Challengers Bangalore,bat,0,0,82,88,152,180,Mumbai Indians,MI,9 runs,Tilak Varma
1564,2025,league,Chennai Super Kings,Kolkata Knight Riders,CSK,KKR,"M.A. Chidambaram Stadium, Chennai",Chennai,spin,Chennai Super Kings,bat,1,0,90,85,151,128,Chennai Super Kings,CSK,5 wickets,Ruturaj Gaikwad
1565,2026,league,Rajasthan Royals,Sunrisers Hyderabad,RR,SRH,"Rajiv Gandhi Stadium, Hyderabad",Hyderabad,balanced,Sunrisers Hyderabad,field,0,1,83,78,179,189,Sunrisers Hyderabad,SRH,7 runs,Bhuvneshwar Kumar
1566,2026,league,Kolkata Knight Riders,Chennai Super Kings,KKR,CSK,"M.A. Chidambaram Stadium, Chennai",Chennai,spin,Chennai Super Kings,field,0,1,85,90,161,124,Kolkata Knight Riders,KKR,5 wickets,Shreyas Iyer
1567,2026,league,Mumbai Indians,Gujarat Titans,MI,GT,"Wankhede Stadium, Mumbai",Mumbai,batting,Gujarat Titans,field,1,0,88,86,207,213,Gujarat Titans,GT,2 wickets,Rashid Khan
1568,2018,league,Delhi Capitals,Chennai Super Kings,DC,CSK,"IS Bindra Stadium, Mohali",Mohali,pace,Delhi Capitals,field,0,0,80,90,220,244,Chennai Super Kings,CSK,1 wickets,Ravindra Jadeja
1569,2025,league,Royal Challengers Bangalore,Gujarat Titans,RCB,GT,"Narendra Modi Stadium, Ahmedabad",Ahmedabad,balanced,Gujarat Titans,field,0,1,82,86,209,218,Gujarat Titans,GT,6 wickets,Rashid Khan
1570,2020,league,Chennai Super Kings,Mumbai Indians,CSK,MI,"M.A. Chidambaram Stadium, Chennai",Chennai,spin,Chennai Super Kings,field,1,0,90,88,100,82,Chennai Super Kings,CSK,1 wickets,Ravindra Jadeja
1571,2022,final,Rajasthan Royals,Sunrisers Hyderabad,RR,SRH,"Sawai Mansingh Stadium, Jaipur",Jaipur,batting,Sunrisers Hyderabad,field,1,0,83,78,195,217,Sunrisers Hyderabad,SRH,7 wickets,Heinrich Klaasen
1572,2024,league,Gujarat Titans,Kolkata Knight Riders,GT,KKR,"Eden Gardens, Kolkata",Kolkata,balanced,Kolkata Knight Riders,bat,0,1,86,85,141,102,Gujarat Titans,GT,24 runs,Rashid Khan
1573,2019,league,Punjab Kings,Kolkata Knight Riders,PBKS,KKR,"M.A. Chidambaram Stadium, Chennai",Chennai,spin,Kolkata Knight Riders,bat,0,0,75,85,119,134,Kolkata Knight Riders,KKR,7 wickets,Sunil Narine
1574,2021,league,Kolkata Knight Riders,Punjab Kings,KKR,PBKS,"Wankhede Stadium, Mumbai",Mumbai,batting,Punjab Kings,field,0,0,85,75,153,111,Kolkata Knight Riders,KKR,36 runs,Sunil Narine
1575,2026,league,Lucknow Super Giants,Mumbai Indians,LSG,MI,"Eden Gardens, Kolkata",Kolkata,balanced,Lucknow Super Giants,field,0,0,81,88,135,93,Lucknow Super Giants,LSG,7 runs,Marcus Stoinis
1576,2020,league,Gujarat Titans,Kolkata Knight Riders,GT,KKR,"Narendra Modi Stadium, Ahmedabad",Ahmedabad,balanced,Gujarat Titans,field,1,0,86,85,183,177,Gujarat Titans,GT,43 runs,Hardik Pandya
1577,2023,league,Kolkata Knight Riders,Chennai Super Kings,KKR,CSK,"M.A. Chidambaram Stadium, Chennai",Chennai,spin,Kolkata Knight Riders,bat,0,1,85,90,201,179,Kolkata Knight Riders,KKR,33 runs,Rinku Singh
1578,2026,league,Sunrisers Hyderabad,Punjab Kings,SRH,PBKS,"IS Bindra Stadium, Mohali",Mohali,pace,Punjab Kings,field,0,1,78,75,157,154,Sunrisers Hyderabad,SRH,35 runs,Aiden Markram
1579,2024,league,Kolkata Knight Riders,Delhi Capitals,KKR,DC,"Eden Gardens, Kolkata",Kolkata,balanced,Kolkata Knight Riders,bat,1,0,85,80,200,214,Delhi Capitals,DC,49 runs,David Warner
1580,2021,league,Lucknow Super Giants,Kolkata Knight Riders,LSG,KKR,"M. Chinnaswamy Stadium, Bangalore",Bangalore,batting,Lucknow Super Giants,field,0,0,81,85,181,195,Kolkata Knight Riders,KKR,20 runs,Andre Russell
1581,2022,league,Royal Challengers Bangalore,Punjab Kings,RCB,PBKS,"Narendra Modi Stadium, Ahmedabad",Ahmedabad,balanced,Punjab Kings,field,0,0,82,75,172,137,Royal Challengers Bangalore,RCB,1 wickets,Virat Kohli
1582,2026,league,Lucknow Super Giants,Rajasthan Royals,LSG,RR,"Eden Gardens, Kolkata",Kolkata,balanced,Lucknow Super Giants,bat,0,0,81,83,157,178,Rajasthan Royals,RR,6 wickets,Riyan Parag
1583,2022,league,Chennai Super Kings,Mumbai Indians,CSK,MI,"Wankhede Stadium, Mumbai",Mumbai,batting,Mumbai Indians,bat,0,1,90,88,117,93,Chennai Super Kings,CSK,17 runs,Deepak Chahar
1584,2025,league,Delhi Capitals,Sunrisers Hyderabad,DC,SRH,"Rajiv Gandhi Stadium, Hyderabad",Hyderabad,balanced,Delhi Capitals,field,0,1,80,78,173,195,Sunrisers Hyderabad,SRH,45 runs,Abhishek Sharma
1585,2025,league,Lucknow Super Giants,Kolkata Knight Riders,LSG,KKR,"Rajiv Gandhi Stadium, Hyderabad",Hyderabad,balanced,Lucknow Super Giants,field,0,0,81,85,196,188,Lucknow Super Giants,LSG,33 runs,Marcus Stoinis
1586,2025,league,Delhi Capitals,Gujarat Titans,DC,GT,"M. Chinnaswamy Stadium, Bangalore",Bangalore,batting,Delhi Capitals,bat,0,0,80,86,172,178,Gujarat Titans,GT,4 wickets,David Miller
1587,2025,league,Rajasthan Royals,Kolkata Knight Riders,RR,KKR,"Wankhede Stadium, Mumbai",Mumbai,batting,Kolkata Knight Riders,field,0,0,83,85,222,224,Kolkata Knight Riders,KKR,3 wickets,Shreyas Iyer
1588,2019,league,Chennai Super Kings,Punjab Kings,CSK,PBKS,"M.A. Chidambaram Stadium, Chennai",Chennai,spin,Punjab Kings,field,1,0,90,75,172,141,Chennai Super Kings,CSK,7 wickets,MS Dhoni
1589,2023,league,Sunrisers Hyderabad,Kolkata Knight Riders,SRH,KKR,"Eden Gardens, Kolkata",Kolkata,balanced,Kolkata Knight Riders,field,0,1,78,85,235,257,Kolkata Knight Riders,KKR,1 wickets,Varun Chakravarthy
1590,2018,league,Chennai Super Kings,Lucknow Super Giants,CSK,LSG,"M.A. Chidambaram Stadium, Chennai",Chennai,spin,Chennai Super Kings,field,1,0,90,81,182,176,Chennai Super Kings,CSK,1 wickets,Ruturaj Gaikwad
1591,2024,league,Lucknow Super Giants,Royal Challengers Bangalore,LSG,RCB,"Rajiv Gandhi Stadium, Hyderabad",Hyderabad,balanced,Lucknow Super Giants,bat,0,0,81,82,227,256,Royal Challengers Bangalore,RCB,6 wickets,Glenn Maxwell
1592,2019,league,Kolkata Knight Riders,Rajasthan Royals,KKR,RR,"Sawai Mansingh Stadium, Jaipur",Jaipur,batting,Rajasthan Royals,bat,0,1,85,83,179,183,Rajasthan Royals,RR,15 runs,Trent Boult
1593,2022,league,Chennai Super Kings,Sunrisers Hyderabad,CSK,SRH,"M.A. Chidambaram Stadium, Chennai",Chennai,spin,Chennai Super Kings,field,1,0,90,78,133,141,Sunrisers Hyderabad,SRH,47 runs,Aiden Markram
1594,2023,league,Punjab Kings,Sunrisers Hyderabad,PBKS,SRH,"IS Bindra Stadium, Mohali",Mohali,pace,Sunrisers Hyderabad,field,1,0,75,78,177,134,Punjab Kings,PBKS,26 runs,Jonny Bairstow
1595,2022,league,Punjab Kings,Chennai Super Kings,PBKS,CSK,"M.A. Chidambaram Stadium, Chennai",Chennai,spin,Chennai Super Kings,field,0,1,75,90,218,243,Chennai Super Kings,CSK,5 wickets,Deepak Chahar
1596,2022,league,Kolkata Knight Riders,Gujarat Titans,KKR,GT,"Wankhede Stadium, Mumbai",Mumbai,batting,Kolkata Knight Riders,field,0,0,85,86,202,214,Gujarat Titans,GT,2 wickets,Mohammed Shami
1597,2019,league,Mumbai Indians,Punjab Kings,MI,PBKS,"IS Bindra Stadium, Mohali",Mohali,pace,Punjab Kings,field,0,1,88,75,159,130,Mumbai Indians,MI,46 runs,Jasprit Bumrah
1598,2021,league,Mumbai Indians,Chennai Super Kings,MI,CSK,"M.A. Chidambaram Stadium, Chennai",Chennai,spin,Mumbai Indians,bat,0,1,88,90,167,186,Chennai Super Kings,CSK,2 wickets,Devon Conway
1599,2021,league,Delhi Capitals,Punjab Kings,DC,PBKS,"Wankhede Stadium, Mumbai",Mumbai,batting,Punjab Kings,bat,0,0,80,75,219,206,Delhi Capitals,DC,8 runs,Anrich Nortje
1600,2026,league,Kolkata Knight Riders,Punjab Kings,KKR,PBKS,"IS Bindra Stadium, Mohali",Mohali,pace,Kolkata Knight Riders,field,0,1,85,75,140,155,Punjab Kings,PBKS,1 wickets,Jitesh Sharma
1601,2021,final,Royal Challengers Bangalore,Rajasthan Royals,RCB,RR,"IS Bindra Stadium, Mohali",Mohali,pace,Royal Challengers Bangalore,bat,0,0,82,83,149,142,Royal Challengers Bangalore,RCB,5 wickets,Dinesh Karthik
1602,2024,league,Kolkata Knight Riders,Gujarat Titans,KKR,GT,"Narendra Modi Stadium, Ahmedabad",Ahmedabad,balanced,Kolkata Knight Riders,field,0,1,85,86,179,163,Kolkata Knight Riders,KKR,49 runs,Shreyas Iyer
1603,2020,league,Lucknow Super Giants,Sunrisers Hyderabad,LSG,SRH,"Rajiv Gandhi Stadium, Hyderabad",Hyderabad,balanced,Lucknow Super Giants,field,0,1,81,78,186,162,Lucknow Super Giants,LSG,34 runs,Marcus Stoinis
1604,2022,playoff,Chennai Super Kings,Gujarat Titans,CSK,GT,"Narendra Modi Stadium, Ahmedabad",Ahmedabad,balanced,Chennai Super Kings,bat,0,1,90,86,165,177,Gujarat Titans,GT,20 runs,Shubman Gill
1605,2026,final,Punjab Kings,Delhi Capitals,PBKS,DC,"IS Bindra Stadium, Mohali",Mohali,pace,Delhi Capitals,field,1,0,75,80,145,109,Punjab Kings,PBKS,41 runs,Arshdeep Singh
1606,2022,league,Delhi Capitals,Sunrisers Hyderabad,DC,SRH,"Rajiv Gandhi Stadium, Hyderabad",Hyderabad,balanced,Delhi Capitals,field,0,1,80,78,194,203,Sunrisers Hyderabad,SRH,4 wickets,T Natarajan
1607,2024,league,Kolkata Knight Riders,Royal Challengers Bangalore,KKR,RCB,"Eden Gardens, Kolkata",Kolkata,balanced,Kolkata Knight Riders,field,1,0,85,82,185,162,Kolkata Knight Riders,KKR,6 wickets,Sunil Narine
1608,2018,league,Kolkata Knight Riders,Mumbai Indians,KKR,MI,"Eden Gardens, Kolkata",Kolkata,balanced,Mumbai Indians,field,1,0,85,88,196,187,Kolkata Knight Riders,KKR,28 runs,Venkatesh Iyer
1609,2026,playoff,Royal Challengers Bangalore,Mumbai Indians,RCB,MI,"M. Chinnaswamy Stadium, Bangalore",Bangalore,batting,Mumbai Indians,field,1,0,82,88,165,169,Mumbai Indians,MI,6 wickets,Piyush Chawla
1610,2024,league,Kolkata Knight Riders,Rajasthan Royals,KKR,RR,"M. Chinnaswamy Stadium, Bangalore",Bangalore,batting,Rajasthan Royals,bat,0,0,85,83,156,165,Rajasthan Royals,RR,39 runs,Yashasvi Jaiswal
1611,2025,playoff,Kolkata Knight Riders,Chennai Super Kings,KKR,CSK,"M.A. Chidambaram Stadium, Chennai",Chennai,spin,Kolkata Knight Riders,bat,0,1,85,90,179,198,Chennai Super Kings,CSK,6 runs,Shivam Dube
1612,2025,league,Punjab Kings,Lucknow Super Giants,PBKS,LSG,"Narendra Modi Stadium, Ahmedabad",Ahmedabad,balanced,Lucknow Super Giants,bat,0,0,75,81,170,148,Punjab Kings,PBKS,3 wickets,Jonny Bairstow
1613,2021,league,Sunrisers Hyderabad,Punjab Kings,SRH,PBKS,"Rajiv Gandhi Stadium, Hyderabad",Hyderabad,balanced,Sunrisers Hyderabad,bat,1,0,78,75,167,181,Punjab Kings,PBKS,2 wickets,Shikhar Dhawan
1614,2022,playoff,Chennai Super Kings,Mumbai Indians,CSK,MI,"Wankhede Stadium, Mumbai",Mumbai,batting,Mumbai Indians,bat,0,1,90,88,237,240,Mumbai Indians,MI,4 wickets,Jasprit Bumrah
1615,2025,final,Mumbai Indians,Delhi Capitals,MI,DC,"M.A. Chidambaram Stadium, Chennai",Chennai,spin,Mumbai Indians,bat,0,0,88,80,195,206,Delhi Capitals,DC,43 runs,Rishabh Pant
1616,2020,league,Gujarat Titans,Delhi Capitals,GT,DC,"Arun Jaitley Stadium, Delhi",Delhi,balanced,Gujarat Titans,field,0,1,86,80,151,147,Gujarat Titans,GT,6 wickets,Rashid Khan
1617,2022,league,Gujarat Titans,Royal Challengers Bangalore,GT,RCB,"Narendra Modi Stadium, Ahmedabad",Ahmedabad,balanced,Gujarat Titans,field,1,0,86,82,138,146,Royal Challengers Bangalore,RCB,35 runs,Virat Kohli
1618,2025,league,Lucknow Super Giants,Gujarat Titans,LSG,GT,"Wankhede Stadium, Mumbai",Mumbai,batting,Gujarat Titans,bat,0,0,81,86,149,151,Gujarat Titans,GT,34 runs,Rashid Khan
1619,2023,league,Lucknow Super Giants,Sunrisers Hyderabad,LSG,SRH,"Sawai Mansingh Stadium, Jaipur",Jaipur,batting,Lucknow Super Giants,field,0,0,81,78,170,189,Sunrisers Hyderabad,SRH,48 runs,T Natarajan
1620,2026,league,Mumbai Indians,Rajasthan Royals,MI,RR,"Sawai Mansingh Stadium, Jaipur",Jaipur,batting,Rajasthan Royals,field,0,1,88,83,205,179,Mumbai Indians,MI,1 wickets,Ishan Kishan
1621,2019,league,Gujarat Titans,Lucknow Super Giants,GT,LSG,"Narendra Modi Stadium, Ahmedabad",Ahmedabad,balanced,Lucknow Super Giants,bat,1,0,86,81,113,140,Lucknow Super Giants,LSG,18 runs,Ravi Bishnoi
1622,2022,playoff,Lucknow Super Giants,Rajasthan Royals,LSG,RR,"Sawai Mansingh Stadium, Jaipur",Jaipur,batting,Rajasthan Royals,bat,0,1,81,83,194,172,Lucknow Super Giants,LSG,3 wickets,Marcus Stoinis
1623,2025,league,Sunrisers Hyderabad,Mumbai Indians,SRH,MI,"Wankhede Stadium, Mumbai",Mumbai,batting,Mumbai Indians,field,0,1,78,88,170,164,Sunrisers Hyderabad,SRH,27 runs,T Natarajan
1624,2022,league,Rajasthan Royals,Gujarat Titans,RR,GT,"BRSABV Ekana Stadium, Lucknow",Lucknow,balanced,Gujarat Titans,bat,0,0,83,86,152,117,Rajasthan Royals,RR,7 wickets,Yuzvendra Chahal
1625,2026,league,Lucknow Super Giants,Kolkata Knight Riders,LSG,KKR,"Eden Gardens, Kolkata",Kolkata,balanced,Kolkata Knight Riders,field,0,1,81,85,181,151,Lucknow Super Giants,LSG,7 runs,Ravi Bishnoi
1626,2022,league,Mumbai Indians,Gujarat Titans,MI,GT,"Wankhede Stadium, Mumbai",Mumbai,batting,Mumbai Indians,bat,1,0,88,86,123,150,Gujarat Titans,GT,9 runs,Shubman Gill
1627,2026,league,Mumbai Indians,Royal Challengers Bangalore,MI,RCB,"Wankhede Stadium, Mumbai",Mumbai,batting,Royal Challengers Bangalore,field,1,0,88,82,198,205,Royal Challengers Bangalore,RCB,2 wickets,Mohammed Siraj
1628,2021,playoff,Lucknow Super Giants,Gujarat Titans,LSG,GT,"BRSABV Ekana Stadium, Lucknow",Lucknow,balanced,Gujarat Titans,field,1,0,81,86,185,166,Lucknow Super Giants,LSG,44 runs,KL Rahul
1629,2020,league,Punjab Kings,Chennai Super Kings,PBKS,CSK,"M.A. Chidambaram Stadium, Chennai",Chennai,spin,Chennai Super Kings,bat,0,1,75,90,173,177,Chennai Super Kings,CSK,2 wickets,Ruturaj Gaikwad
1630,2023,playoff,Sunrisers Hyderabad,Chennai Super Kings,SRH,CSK,"M.A. Chidambaram Stadium, Chennai",Chennai,spin,Chennai Super Kings,bat,0,1,78,90,192,206,Chennai Super Kings,CSK,25 runs,Shivam Dube
1631,2023,league,Chennai Super Kings,Punjab Kings,CSK,PBKS,"IS Bindra Stadium, Mohali",Mohali,pace,Punjab Kings,field,0,1,90,75,137,163,Punjab Kings,PBKS,3 wickets,Arshdeep Singh
1632,2018,league,Royal Challengers Bangalore,Punjab Kings,RCB,PBKS,"M. Chinnaswamy Stadium, Bangalore",Bangalore,batting,Royal Challengers Bangalore,bat,1,0,82,75,171,193,Punjab Kings,PBKS,3 wickets,Kagiso Rabada
1633,2022,league,Royal Challengers Bangalore,Kolkata Knight Riders,RCB,KKR,"Eden Gardens, Kolkata",Kolkata,balanced,Kolkata Knight Riders,field,0,1,82,85,161,142,Royal Challengers Bangalore,RCB,1 wickets,Dinesh Karthik
1634,2021,league,Delhi Capitals,Mumbai Indians,DC,MI,"Arun Jaitley Stadium, Delhi",Delhi,balanced,Delhi Capitals,bat,1,0,80,88,163,187,Mumbai Indians,MI,18 runs,Ishan Kishan
1635,2021,league,Gujarat Titans,Royal Challengers Bangalore,GT,RCB,"M. Chinnaswamy Stadium, Bangalore",Bangalore,batting,Royal Challengers Bangalore,field,0,1,86,82,165,156,Gujarat Titans,GT,14 runs,David Miller
1636,2022,league,Mumbai Indians,Royal Challengers Bangalore,MI,RCB,"Wankhede Stadium, Mumbai",Mumbai,batting,Mumbai Indians,field,1,0,88,82,180,167,Mumbai Indians,MI,6 wickets,Jasprit Bumrah
1637,2019,league,Delhi Capitals,Sunrisers Hyderabad,DC,SRH,"Arun Jaitley Stadium, Delhi",Delhi,balanced,Sunrisers Hyderabad,bat,1,0,80,78,180,149,Delhi Capitals,DC,7 wickets,Tristan Stubbs
1638,2022,playoff,Mumbai Indians,Rajasthan Royals,MI,RR,"Sawai Mansingh Stadium, Jaipur",Jaipur,batting,Mumbai Indians,field,0,1,88,83,172,185,Rajasthan Royals,RR,1 wickets,Shimron Hetmyer
1639,2019,league,Sunrisers Hyderabad,Mumbai Indians,SRH,MI,"Wankhede Stadium, Mumbai",Mumbai,batting,Sunrisers Hyderabad,field,0,1,78,88,154,158,Mumbai Indians,MI,6 wickets,Jasprit Bumrah
1640,2018,league,Mumbai Indians,Delhi Capitals,MI,DC,"Narendra Modi Stadium, Ahmedabad",Ahmedabad,balanced,Mumbai Indians,field,0,0,88,80,170,130,Mumbai Indians,MI,16 runs,Piyush Chawla
1641,2024,league,Mumbai Indians,Lucknow Super Giants,MI,LSG,"BRSABV Ekana Stadium, Lucknow",Lucknow,balanced,Lucknow Super Giants,field,0,1,88,81,128,155,Lucknow Super Giants,LSG,2 wickets,Mark Wood
1642,2018,league,Royal Challengers Bangalore,Mumbai Indians,RCB,MI,"M. Chinnaswamy Stadium, Bangalore",Bangalore,batting,Royal Challengers Bangalore,field,1,0,82,88,157,186,Mumbai Indians,MI,4 wickets,Tim David
1643,2026,final,Kolkata Knight Riders,Sunrisers Hyderabad,KKR,SRH,"Rajiv Gandhi Stadium, Hyderabad",Hyderabad,balanced,Sunrisers Hyderabad,field,0,1,85,78,155,146,Kolkata Knight Riders,KKR,4 wickets,Varun Chakravarthy
1644,2025,league,Delhi Capitals,Gujarat Titans,DC,GT,"Narendra Modi Stadium, Ahmedabad",Ahmedabad,balanced,Gujarat Titans,field,0,1,80,86,179,168,Delhi Capitals,DC,24 runs,Kuldeep Yadav
1645,2018,playoff,Sunrisers Hyderabad,Kolkata Knight Riders,SRH,KKR,"Rajiv Gandhi Stadium, Hyderabad",Hyderabad,balanced,Sunrisers Hyderabad,bat,1,0,78,85,142,115,Sunrisers Hyderabad,SRH,7 wickets,Bhuvneshwar Kumar
1646,2020,league,Kolkata Knight Riders,Royal Challengers Bangalore,KKR,RCB,"Eden Gardens, Kolkata",Kolkata,balanced,Royal Challengers Bangalore,bat,1,0,85,82,179,142,Kolkata Knight Riders,KKR,3 wickets,Sunil Narine
1647,2018,league,Rajasthan Royals,Lucknow Super Giants,RR,LSG,"BRSABV Ekana Stadium, Lucknow",Lucknow,balanced,Lucknow Super Giants,field,0,1,83,81,216,241,Lucknow Super Giants,LSG,16 runs,Nicholas Pooran
1648,2023,league,Punjab Kings,Lucknow Super Giants,PBKS,LSG,"Wankhede Stadium, Mumbai",Mumbai,batting,Punjab Kings,field,0,0,75,81,155,145,Punjab Kings,PBKS,2 wickets,Liam Livingstone
1649,2025,league,Royal Challengers Bangalore,Kolkata Knight Riders,RCB,KKR,"M. Chinnaswamy Stadium, Bangalore",Bangalore,batting,Kolkata Knight Riders,field,1,0,82,85,167,168,Kolkata Knight Riders,KKR,20 runs,Shreyas Iyer
1650,2026,league,Rajasthan Royals,Royal Challengers Bangalore,RR,RCB,"Sawai Mansingh Stadium, Jaipur",Jaipur,batting,Royal Challengers Bangalore,field,1,0,83,82,203,171,Rajasthan Royals,RR,12 runs,Riyan Parag
1651,2020,league,Rajasthan Royals,Delhi Capitals,RR,DC,"Sawai Mansingh Stadium, Jaipur",Jaipur,batting,Rajasthan Royals,field,1,0,83,80,188,193,Delhi Capitals,DC,3 wickets,Axar Patel
1652,2021,league,Rajasthan Royals,Delhi Capitals,RR,DC,"Arun Jaitley Stadium, Delhi",Delhi,balanced,Delhi Capitals,field,0,1,83,80,123,128,Delhi Capitals,DC,14 runs,David Warner
1653,2024,playoff,Punjab Kings,Delhi Capitals,PBKS,DC,"Arun Jaitley Stadium, Delhi",Delhi,balanced,Delhi Capitals,bat,0,1,75,80,184,167,Punjab Kings,PBKS,23 runs,Shikhar Dhawan
1654,2018,league,Lucknow Super Giants,Gujarat Titans,LSG,GT,"Narendra Modi Stadium, Ahmedabad",Ahmedabad,balanced,Lucknow Super Giants,field,0,1,81,86,187,216,Gujarat Titans,GT,15 runs,Wriddhiman Saha
1655,2026,league,Sunrisers Hyderabad,Punjab Kings,SRH,PBKS,"Rajiv Gandhi Stadium, Hyderabad",Hyderabad,balanced,Punjab Kings,bat,1,0,78,75,137,102,Sunrisers Hyderabad,SRH,47 runs,Travis Head
1656,2020,final,Punjab Kings,Lucknow Super Giants,PBKS,LSG,"IS Bindra Stadium, Mohali",Mohali,pace,Punjab Kings,field,1,0,75,81,170,135,Punjab Kings,PBKS,5 wickets,Shikhar Dhawan
1657,2026,league,Rajasthan Royals,Lucknow Super Giants,RR,LSG,"BRSABV Ekana Stadium, Lucknow",Lucknow,balanced,Rajasthan Royals,field,0,1,83,81,131,103,Rajasthan Royals,RR,7 wickets,Trent Boult
1658,2023,league,Rajasthan Royals,Gujarat Titans,RR,GT,"Narendra Modi Stadium, Ahmedabad",Ahmedabad,balanced,Rajasthan Royals,field,0,1,83,86,162,156,Rajasthan Royals,RR,39 runs,Jos Buttler
1659,2019,league,Kolkata Knight Riders,Chennai Super Kings,KKR,CSK,"IS Bindra Stadium, Mohali",Mohali,pace,Chennai Super Kings,bat,0,0,85,90,115,142,Chennai Super Kings,CSK,5 wickets,Ruturaj Gaikwad
1660,2022,playoff,Mumbai Indians,Royal Challengers Bangalore,MI,RCB,"Rajiv Gandhi Stadium, Hyderabad",Hyderabad,balanced,Royal Challengers Bangalore,field,0,0,88,82,190,163,Mumbai Indians,MI,18 runs,Jasprit Bumrah
1661,2022,league,Kolkata Knight Riders,Chennai Super Kings,KKR,CSK,"M.A. Chidambaram Stadium, Chennai",Chennai,spin,Kolkata Knight Riders,field,0,1,85,90,237,212,Kolkata Knight Riders,KKR,7 wickets,Varun Chakravarthy
1662,2024,league,Mumbai Indians,Delhi Capitals,MI,DC,"M.A. Chidambaram Stadium, Chennai",Chennai,spin,Mumbai Indians,field,0,0,88,80,127,137,Delhi Capitals,DC,31 runs,Rishabh Pant
1663,2026,league,Royal Challengers Bangalore,Mumbai Indians,RCB,MI,"Wankhede Stadium, Mumbai",Mumbai,batting,Royal Challengers Bangalore,bat,0,1,82,88,175,182,Mumbai Indians,MI,4 wickets,Tilak Varma
1664,2024,league,Delhi Capitals,Royal Challengers Bangalore,DC,RCB,"IS Bindra Stadium, Mohali",Mohali,pace,Royal Challengers Bangalore,field,0,0,80,82,157,123,Delhi Capitals,DC,7 wickets,Kuldeep Yadav
1665,2025,league,Mumbai Indians,Chennai Super Kings,MI,CSK,"BRSABV Ekana Stadium, Lucknow",Lucknow,balanced,Mumbai Indians,bat,0,0,88,90,175,178,Chennai Super Kings,CSK,5 runs,Shivam Dube
1666,2023,league,Gujarat Titans,Chennai Super Kings,GT,CSK,"Narendra Modi Stadium, Ahmedabad",Ahmedabad,balanced,Chennai Super Kings,field,1,0,86,90,179,200,Chennai Super Kings,CSK,12 runs,Ruturaj Gaikwad
1667,2019,league,Sunrisers Hyderabad,Kolkata Knight Riders,SRH,KKR,"Eden Gardens, Kolkata",Kolkata,balanced,Sunrisers Hyderabad,field,0,1,78,85,161,136,Sunrisers Hyderabad,SRH,19 runs,Nitish Kumar Reddy
1668,2025,league,Sunrisers Hyderabad,Chennai Super Kings,SRH,CSK,"Rajiv Gandhi Stadium, Hyderabad",Hyderabad,balanced,Sunrisers Hyderabad,bat,1,0,78,90,182,166,Sunrisers Hyderabad,SRH,2 runs,Abhishek Sharma
1669,2023,league,Mumbai Indians,Lucknow Super Giants,MI,LSG,"Wankhede Stadium, Mumbai",Mumbai,batting,Mumbai Indians,field,1,0,88,81,169,153,Mumbai Indians,MI,49 runs,Suryakumar Yadav
1670,2019,league,Chennai Super Kings,Lucknow Super Giants,CSK,LSG,"M.A. Chidambaram Stadium, Chennai",Chennai,spin,Lucknow Super Giants,field,1,0,90,81,145,172,Lucknow Super Giants,LSG,6 wickets,KL Rahul
1671,2019,league,Gujarat Titans,Lucknow Super Giants,GT,LSG,"M. Chinnaswamy Stadium, Bangalore",Bangalore,batting,Lucknow Super Giants,field,0,0,86,81,138,144,Lucknow Super Giants,LSG,4 wickets,Ravi Bishnoi
1672,2026,league,Mumbai Indians,Punjab Kings,MI,PBKS,"IS Bindra Stadium, Mohali",Mohali,pace,Punjab Kings,field,0,1,88,75,186,160,Mumbai Indians,MI,4 wickets,Jasprit Bumrah
1673,2026,league,Chennai Super Kings,Kolkata Knight Riders,CSK,KKR,"M.A. Chidambaram Stadium, Chennai",Chennai,spin,Kolkata Knight Riders,bat,1,0,90,85,190,216,Kolkata Knight Riders,KKR,4 runs,Shreyas Iyer
1674,2021,league,Rajasthan Royals,Sunrisers Hyderabad,RR,SRH,"Sawai Mansingh Stadium, Jaipur",Jaipur,batting,Sunrisers Hyderabad,field,1,0,83,78,183,186,Sunrisers Hyderabad,SRH,8 runs,Nitish Kumar Reddy
1675,2019,league,Sunrisers Hyderabad,Mumbai Indians,SRH,MI,"Eden Gardens, Kolkata",Kolkata,balanced,Mumbai Indians,field,0,0,78,88,146,105,Sunrisers Hyderabad,SRH,42 runs,Aiden Markram
1676,2022,league,Mumbai Indians,Chennai Super Kings,MI,CSK,"M.A. Chidambaram Stadium, Chennai",Chennai,spin,Chennai Super Kings,field,0,1,88,90,158,118,Mumbai Indians,MI,42 runs,Rohit Sharma
1677,2018,league,Mumbai Indians,Rajasthan Royals,MI,RR,"Wankhede Stadium, Mumbai",Mumbai,batting,Mumbai Indians,field,1,0,88,83,187,209,Rajasthan Royals,RR,4 wickets,Riyan Parag
1678,2021,league,Gujarat Titans,Delhi Capitals,GT,DC,"Arun Jaitley Stadium, Delhi",Delhi,balanced,Gujarat Titans,field,0,1,86,80,162,153,Gujarat Titans,GT,1 wickets,Mohammed Shami
1679,2021,league,Gujarat Titans,Royal Challengers Bangalore,GT,RCB,"Rajiv Gandhi Stadium, Hyderabad",Hyderabad,balanced,Gujarat Titans,bat,0,0,86,82,202,162,Gujarat Titans,GT,8 runs,Rashid Khan
1680,2025,league,Chennai Super Kings,Delhi Capitals,CSK,DC,"Eden Gardens, Kolkata",Kolkata,balanced,Delhi Capitals,bat,0,0,90,80,191,164,Chennai Super Kings,CSK,34 runs,Ravindra Jadeja
1681,2021,league,Gujarat Titans,Lucknow Super Giants,GT,LSG,"BRSABV Ekana Stadium, Lucknow",Lucknow,balanced,Gujarat Titans,field,0,1,86,81,177,183,Lucknow Super Giants,LSG,26 runs,Marcus Stoinis
1682,2024,league,Chennai Super Kings,Rajasthan Royals,CSK,RR,"Sawai Mansingh Stadium, Jaipur",Jaipur,batting,Rajasthan Royals,field,0,1,90,83,211,183,Chennai Super Kings,CSK,39 runs,MS Dhoni
1683,2025,league,Punjab Kings,Mumbai Indians,PBKS,MI,"Wankhede Stadium, Mumbai",Mumbai,batting,Mumbai Indians,bat,0,1,75,88,147,122,Punjab Kings,PBKS,46 runs,Arshdeep Singh
1684,2020,league,Delhi Capitals,Chennai Super Kings,DC,CSK,"Narendra Modi Stadium, Ahmedabad",Ahmedabad,balanced,Delhi Capitals,field,0,0,80,90,197,209,Chennai Super Kings,CSK,5 wickets,Deepak Chahar
1685,2026,league,Chennai Super Kings,Kolkata Knight Riders,CSK,KKR,"Eden Gardens, Kolkata",Kolkata,balanced,Kolkata Knight Riders,field,0,1,90,85,184,212,Kolkata Knight Riders,KKR,36 runs,Sunil Narine
1686,2026,league,Kolkata Knight Riders,Delhi Capitals,KKR,DC,"Arun Jaitley Stadium, Delhi",Delhi,balanced,Kolkata Knight Riders,field,0,1,85,80,186,171,Kolkata Knight Riders,KKR,14 runs,Sunil Narine
1687,2023,league,Gujarat Titans,Lucknow Super Giants,GT,LSG,"Narendra Modi Stadium, Ahmedabad",Ahmedabad,balanced,Gujarat Titans,bat,1,0,86,81,176,161,Gujarat Titans,GT,5 wickets,Shubman Gill
1688,2026,league,Punjab Kings,Chennai Super Kings,PBKS,CSK,"M.A. Chidambaram Stadium, Chennai",Chennai,spin,Punjab Kings,bat,0,1,75,90,158,174,Chennai Super Kings,CSK,5 wickets,Ravindra Jadeja
1689,2019,league,Delhi Capitals,Mumbai Indians,DC,MI,"Rajiv Gandhi Stadium, Hyderabad",Hyderabad,balanced,Delhi Capitals,field,0,0,80,88,155,165,Mumbai Indians,MI,7 wickets,Rohit Sharma
1690,2024,league,Mumbai Indians,Gujarat Titans,MI,GT,"Narendra Modi Stadium, Ahmedabad",Ahmedabad,balanced,Gujarat Titans,field,0,1,88,86,159,138,Mumbai Indians,MI,6 wickets,Rohit Sharma
1691,2022,league,Lucknow Super Giants,Mumbai Indians,LSG,MI,"BRSABV Ekana Stadium, Lucknow",Lucknow,balanced,Mumbai Indians,bat,1,0,81,88,149,173,Mumbai Indians,MI,9 runs,Suryakumar Yadav
1692,2022,league,Lucknow Super Giants,Chennai Super Kings,LSG,CSK,"IS Bindra Stadium, Mohali",Mohali,pace,Lucknow Super Giants,bat,0,0,81,90,148,175,Chennai Super Kings,CSK,3 wickets,Ruturaj Gaikwad
1693,2020,league,Kolkata Knight Riders,Mumbai Indians,KKR,MI,"Wankhede Stadium, Mumbai",Mumbai,batting,Kolkata Knight Riders,field,0,1,85,88,219,233,Mumbai Indians,MI,1 wickets,Piyush Chawla
1694,2026,playoff,Punjab Kings,Chennai Super Kings,PBKS,CSK,"IS Bindra Stadium, Mohali",Mohali,pace,Chennai Super Kings,field,1,0,75,90,108,81,Punjab Kings,PBKS,30 runs,Jonny Bairstow
1695,2019,league,Kolkata Knight Riders,Sunrisers Hyderabad,KKR,SRH,"Rajiv Gandhi Stadium, Hyderabad",Hyderabad,balanced,Sunrisers Hyderabad,field,0,1,85,78,166,175,Sunrisers Hyderabad,SRH,30 runs,Abhishek Sharma
1696,2023,playoff,Delhi Capitals,Sunrisers Hyderabad,DC,SRH,"Rajiv Gandhi Stadium, Hyderabad",Hyderabad,balanced,Sunrisers Hyderabad,field,0,1,80,78,241,212,Delhi Capitals,DC,12 runs,Jake Fraser-McGurk
1697,2025,league,Delhi Capitals,Lucknow Super Giants,DC,LSG,"Arun Jaitley Stadium, Delhi",Delhi,balanced,Lucknow Super Giants,field,1,0,80,81,126,154,Lucknow Super Giants,LSG,7 wickets,Ayush Badoni
1698,2025,league,Lucknow Super Giants,Gujarat Titans,LSG,GT,"IS Bindra Stadium, Mohali",Mohali,pace,Lucknow Super Giants,field,0,0,81,86,152,164,Gujarat Titans,GT,5 wickets,Hardik Pandya
1699,2024,league,Kolkata Knight Riders,Rajasthan Royals,KKR,RR,"M. Chinnaswamy Stadium, Bangalore",Bangalore,batting,Kolkata Knight Riders,bat,0,0,85,83,167,186,Rajasthan Royals,RR,15 runs,Riyan Parag
1700,2018,league,Sunrisers Hyderabad,Mumbai Indians,SRH,MI,"M.A. Chidambaram Stadium, Chennai",Chennai,spin,Sunrisers Hyderabad,field,0,0,78,88,126,150,Mumbai Indians,MI,34 runs,Jasprit Bumrah
1701,2023,league,Royal Challengers Bangalore,Punjab Kings,RCB,PBKS,"Rajiv Gandhi Stadium, Hyderabad",Hyderabad,balanced,Royal Challengers Bangalore,bat,0,0,82,75,194,171,Royal Challengers Bangalore,RCB,11 runs,Dinesh Karthik
1702,2026,league,Chennai Super Kings,Gujarat Titans,CSK,GT,"M.A. Chidambaram Stadium, Chennai",Chennai,spin,Gujarat Titans,field,1,0,90,86,133,156,Gujarat Titans,GT,28 runs,David Miller
1703,2022,playoff,Kolkata Knight Riders,Chennai Super Kings,KKR,CSK,"Eden Gardens, Kolkata",Kolkata,balanced,Chennai Super Kings,field,1,0,85,90,126,85,Kolkata Knight Riders,KKR,28 runs,Andre Russell
1704,2024,league,Gujarat Titans,Punjab Kings,GT,PBKS,"Rajiv Gandhi Stadium, Hyderabad",Hyderabad,balanced,Punjab Kings,field,0,0,86,75,156,160,Punjab Kings,PBKS,1 wickets,Sam Curran
1705,2018,league,Chennai Super Kings,Rajasthan Royals,CSK,RR,"BRSABV Ekana Stadium, Lucknow",Lucknow,balanced,Rajasthan Royals,field,0,0,90,83,199,187,Chennai Super Kings,CSK,27 runs,Devon Conway
1706,2025,league,Lucknow Super Giants,Punjab Kings,LSG,PBKS,"Narendra Modi Stadium, Ahmedabad",Ahmedabad,balanced,Punjab Kings,field,0,0,81,75,199,208,Punjab Kings,PBKS,6 wickets,Liam Livingstone
1707,2023,playoff,Chennai Super Kings,Mumbai Indians,CSK,MI,"Wankhede Stadium, Mumbai",Mumbai,batting,Chennai Super Kings,bat,0,1,90,88,128,129,Mumbai Indians,MI,3 wickets,Suryakumar Yadav
1708,2019,league,Sunrisers Hyderabad,Rajasthan Royals,SRH,RR,"Sawai Mansingh Stadium, Jaipur",Jaipur,batting,Rajasthan Royals,field,0,1,78,83,165,141,Sunrisers Hyderabad,SRH,42 runs,Aiden Markram
1709,2021,league,Royal Challengers Bangalore,Delhi Capitals,RCB,DC,"IS Bindra Stadium, Mohali",Mohali,pace,Royal Challengers Bangalore,field,0,0,82,80,179,208,Delhi Capitals,DC,42 runs,Anrich Nortje
1710,2019,league,Mumbai Indians,Royal Challengers Bangalore,MI,RCB,"M. Chinnaswamy Stadium, Bangalore",Bangalore,batting,Mumbai Indians,field,0,1,88,82,144,102,Mumbai Indians,MI,8 runs,Rohit Sharma
1711,2025,league,Punjab Kings,Lucknow Super Giants,PBKS,LSG,"IS Bindra Stadium, Mohali",Mohali,pace,Punjab Kings,field,1,0,75,81,173,150,Punjab Kings,PBKS,21 runs,Sam Curran
1712,2019,league,Royal Challengers Bangalore,Delhi Capitals,RCB,DC,"M. Chinnaswamy Stadium, Bangalore",Bangalore,batting,Royal Challengers Bangalore,field,1,0,82,80,187,159,Royal Challengers Bangalore,RCB,3 wickets,Mohammed Siraj
1713,2024,league,Chennai Super Kings,Gujarat Titans,CSK,GT,"Narendra Modi Stadium, Ahmedabad",Ahmedabad,balanced,Gujarat Titans,field,0,1,90,86,163,191,Gujarat Titans,GT,11 runs,Mohammed Shami
1714,2022,playoff,Lucknow Super Giants,Kolkata Knight Riders,LSG,KKR,"BRSABV Ekana Stadium, Lucknow",Lucknow,balanced,Kolkata Knight Riders,field,1,0,81,85,176,132,Lucknow Super Giants,LSG,4 wickets,Mark Wood
1715,2022,league,Lucknow Super Giants,Sunrisers Hyderabad,LSG,SRH,"Rajiv Gandhi Stadium, Hyderabad",Hyderabad,balanced,Sunrisers Hyderabad,field,0,1,81,78,179,167,Lucknow Super Giants,LSG,4 wickets,Quinton de Kock
1716,2020,final,Mumbai Indians,Lucknow Super Giants,MI,LSG,"M. Chinnaswamy Stadium, Bangalore",Bangalore,batting,Lucknow Super Giants,field,0,0,88,81,198,180,Mumbai Indians,MI,48 runs,Rohit Sharma
1717,2020,league,Rajasthan Royals,Punjab Kings,RR,PBKS,"Sawai Mansingh Stadium, Jaipur",Jaipur,batting,Punjab Kings,bat,1,0,83,75,135,93,Rajasthan Royals,RR,6 wickets,Shimron Hetmyer
1718,2025,league,Gujarat Titans,Delhi Capitals,GT,DC,"Arun Jaitley Stadium, Delhi",Delhi,balanced,Delhi Capitals,field,0,1,86,80,122,130,Delhi Capitals,DC,14 runs,Rishabh Pant
1719,2020,league,Sunrisers Hyderabad,Rajasthan Royals,SRH,RR,"Sawai Mansingh Stadium, Jaipur",Jaipur,batting,Sunrisers Hyderabad,field,0,1,78,83,170,177,Rajasthan Royals,RR,3 wickets,Shimron Hetmyer
1720,2021,league,Royal Challengers Bangalore,Gujarat Titans,RCB,GT,"IS Bindra Stadium, Mohali",Mohali,pace,Royal Challengers Bangalore,field,0,0,82,86,90,117,Gujarat Titans,GT,6 runs,Shubman Gill
1721,2025,league,Rajasthan Royals,Punjab Kings,RR,PBKS,"IS Bindra Stadium, Mohali",Mohali,pace,Punjab Kings,field,0,1,83,75,150,116,Rajasthan Royals,RR,3 wickets,Riyan Parag
1722,2022,league,Royal Challengers Bangalore,Mumbai Indians,RCB,MI,"M. Chinnaswamy Stadium, Bangalore",Bangalore,batting,Royal Challengers Bangalore,bat,1,0,82,88,145,169,Mumbai Indians,MI,5 wickets,Piyush Chawla
1723,2018,league,Gujarat Titans,Kolkata Knight Riders,GT,KKR,"M. Chinnaswamy Stadium, Bangalore",Bangalore,batting,Gujarat Titans,field,0,0,86,85,172,179,Kolkata Knight Riders,KKR,1 wickets,Sunil Narine
1724,2023,playoff,Punjab Kings,Gujarat Titans,PBKS,GT,"Narendra Modi Stadium, Ahmedabad",Ahmedabad,balanced,Gujarat Titans,field,0,1,75,86,159,142,Punjab Kings,PBKS,3 wickets,Sam Curran
1725,2026,league,Gujarat Titans,Sunrisers Hyderabad,GT,SRH,"Rajiv Gandhi Stadium, Hyderabad",Hyderabad,balanced,Sunrisers Hyderabad,field,0,1,86,78,172,194,Sunrisers Hyderabad,SRH,6 wickets,Abhishek Sharma
1726,2018,league,Lucknow Super Giants,Punjab Kings,LSG,PBKS,"Eden Gardens, Kolkata",Kolkata,balanced,Punjab Kings,field,0,0,81,75,176,203,Punjab Kings,PBKS,26 runs,Jonny Bairstow
1727,2022,league,Lucknow Super Giants,Gujarat Titans,LSG,GT,"M. Chinnaswamy Stadium, Bangalore",Bangalore,batting,Lucknow Super Giants,field,0,0,81,86,218,194,Lucknow Super Giants,LSG,5 wickets,Nicholas Pooran
1728,2023,league,Gujarat Titans,Lucknow Super Giants,GT,LSG,"Wankhede Stadium, Mumbai",Mumbai,batting,Lucknow Super Giants,field,0,0,86,81,235,209,Gujarat Titans,GT,25 runs,Mohammed Shami
1729,2019,league,Chennai Super Kings,Delhi Capitals,CSK,DC,"Arun Jaitley Stadium, Delhi",Delhi,balanced,Chennai Super Kings,field,0,1,90,80,179,149,Chennai Super Kings,CSK,46 runs,MS Dhoni
1730,2018,playoff,Sunrisers Hyderabad,Delhi Capitals,SRH,DC,"Rajiv Gandhi Stadium, Hyderabad",Hyderabad,balanced,Delhi Capitals,field,1,0,78,80,184,185,Delhi Capitals,DC,39 runs,Anrich Nortje
1731,2023,league,Chennai Super Kings,Lucknow Super Giants,CSK,LSG,"M.A. Chidambaram Stadium, Chennai",Chennai,spin,Lucknow Super Giants,field,1,0,90,81,163,177,Lucknow Super Giants,LSG,32 runs,Nicholas Pooran
1732,2023,league,Sunrisers Hyderabad,Royal Challengers Bangalore,SRH,RCB,"M. Chinnaswamy Stadium, Bangalore",Bangalore,batting,Sunrisers Hyderabad,field,0,1,78,82,207,221,Royal Challengers Bangalore,RCB,5 runs,Glenn Maxwell
1733,2023,league,Delhi Capitals,Royal Challengers Bangalore,DC,RCB,"Sawai Mansingh Stadium, Jaipur",Jaipur,batting,Delhi Capitals,bat,0,0,80,82,204,191,Delhi Capitals,DC,16 runs,Axar Patel
1734,2024,league,Sunrisers Hyderabad,Punjab Kings,SRH,PBKS,"Rajiv Gandhi Stadium, Hyderabad",Hyderabad,balanced,Sunrisers Hyderabad,field,1,0,78,75,142,144,Punjab Kings,PBKS,7 runs,Shikhar Dhawan
1735,2025,league,Mumbai Indians,Lucknow Super Giants,MI,LSG,"Wankhede Stadium, Mumbai",Mumbai,batting,Mumbai Indians,bat,1,0,88,81,126,85,Mumbai Indians,MI,1 wickets,Ishan Kishan
1736,2025,league,Punjab Kings,Gujarat Titans,PBKS,GT,"Narendra Modi Stadium, Ahmedabad",Ahmedabad,balanced,Punjab Kings,bat,0,1,75,86,132,119,Punjab Kings,PBKS,37 runs,Arshdeep Singh
1737,2018,league,Delhi Capitals,Royal Challengers Bangalore,DC,RCB,"BRSABV Ekana Stadium, Lucknow",Lucknow,balanced,Delhi Capitals,bat,0,0,80,82,158,182,Royal Challengers Bangalore,RCB,4 wickets,Glenn Maxwell
1738,2026,league,Kolkata Knight Riders,Gujarat Titans,KKR,GT,"Eden Gardens, Kolkata",Kolkata,balanced,Kolkata Knight Riders,field,1,0,85,86,174,171,Kolkata Knight Riders,KKR,17 runs,Venkatesh Iyer
1739,2024,league,Delhi Capitals,Kolkata Knight Riders,DC,KKR,"Eden Gardens, Kolkata",Kolkata,balanced,Kolkata Knight Riders,field,0,1,80,85,142,170,Kolkata Knight Riders,KKR,34 runs,Rinku Singh
1740,2023,league,Lucknow Super Giants,Sunrisers Hyderabad,LSG,SRH,"Rajiv Gandhi Stadium, Hyderabad",Hyderabad,balanced,Lucknow Super Giants,field,0,1,81,78,145,114,Lucknow Super Giants,LSG,20 runs,Marcus Stoinis
1741,2023,final,Lucknow Super Giants,Mumbai Indians,LSG,MI,"BRSABV Ekana Stadium, Lucknow",Lucknow,balanced,Mumbai Indians,field,1,0,81,88,168,143,Lucknow Super Giants,LSG,5 runs,Quinton de Kock
1742,2018,league,Royal Challengers Bangalore,Delhi Capitals,RCB,DC,"Arun Jaitley Stadium, Delhi",Delhi,balanced,Delhi Capitals,field,0,1,82,80,188,149,Royal Challengers Bangalore,RCB,1 wickets,Mohammed Siraj
1743,2025,league,Sunrisers Hyderabad,Lucknow Super Giants,SRH,LSG,"BRSABV Ekana Stadium, Lucknow",Lucknow,balanced,Lucknow Super Giants,field,0,1,78,81,172,169,Sunrisers Hyderabad,SRH,40 runs,Travis Head
1744,2021,league,Rajasthan Royals,Punjab Kings,RR,PBKS,"IS Bindra Stadium, Mohali",Mohali,pace,Punjab Kings,field,0,1,83,75,150,157,Punjab Kings,PBKS,6 wickets,Jonny Bairstow
1745,2019,league,Kolkata Knight Riders,Sunrisers Hyderabad,KKR,SRH,"Rajiv Gandhi Stadium, Hyderabad",Hyderabad,balanced,Kolkata Knight Riders,bat,0,1,85,78,226,242,Sunrisers Hyderabad,SRH,3 wickets,Travis Head
1746,2021,league,Rajasthan Royals,Lucknow Super Giants,RR,LSG,"Sawai Mansingh Stadium, Jaipur",Jaipur,batting,Rajasthan Royals,bat,1,0,83,81,130,111,Rajasthan Royals,RR,7 wickets,Shimron Hetmyer
1747,2018,league,Chennai Super Kings,Rajasthan Royals,CSK,RR,"Sawai Mansingh Stadium, Jaipur",Jaipur,batting,Rajasthan Royals,field,0,1,90,83,214,203,Chennai Super Kings,CSK,2 wickets,Ravindra Jadeja
1748,2026,league,Lucknow Super Giants,Punjab Kings,LSG,PBKS,"M. Chinnaswamy Stadium, Bangalore",Bangalore,batting,Lucknow Super Giants,bat,0,0,81,75,177,168,Lucknow Super Giants,LSG,16 runs,Ravi Bishnoi
1749,2021,league,Kolkata Knight Riders,Lucknow Super Giants,KKR,LSG,"Sawai Mansingh Stadium, Jaipur",Jaipur,batting,Kolkata Knight Riders,field,0,0,85,81,173,168,Kolkata Knight Riders,KKR,5 wickets,Venkatesh Iyer
1750,2023,league,Mumbai Indians,Punjab Kings,MI,PBKS,"Wankhede Stadium, Mumbai",Mumbai,batting,Mumbai Indians,field,1,0,88,75,202,197,Mumbai Indians,MI,3 wickets,Rohit Sharma
1751,2025,league,Delhi Capitals,Rajasthan Royals,DC,RR,"Arun Jaitley Stadium, Delhi",Delhi,balanced,Delhi Capitals,bat,1,0,80,83,198,217,Rajasthan Royals,RR,39 runs,Jos Buttler
1752,2022,league,Kolkata Knight Riders,Gujarat Titans,KKR,GT,"Narendra Modi Stadium, Ahmedabad",Ahmedabad,balanced,Kolkata Knight Riders,bat,0,1,85,86,189,160,Kolkata Knight Riders,KKR,49 runs,Sunil Narine
1753,2018,league,Delhi Capitals,Chennai Super Kings,DC,CSK,"Narendra Modi Stadium, Ahmedabad",Ahmedabad,balanced,Delhi Capitals,field,0,0,80,90,177,137,Delhi Capitals,DC,6 wickets,Jake Fraser-McGurk
1754,2025,league,Mumbai Indians,Royal Challengers Bangalore,MI,RCB,"M. Chinnaswamy Stadium, Bangalore",Bangalore,batting,Mumbai Indians,bat,0,1,88,82,173,170,Mumbai Indians,MI,3 wickets,Tilak Varma
1755,2020,playoff,Gujarat Titans,Kolkata Knight Riders,GT,KKR,"M.A. Chidambaram Stadium, Chennai",Chennai,spin,Gujarat Titans,bat,0,0,86,85,107,125,Kolkata Knight Riders,KKR,41 runs,Rinku Singh
1756,2019,league,Kolkata Knight Riders,Mumbai Indians,KKR,MI,"Eden Gardens, Kolkata",Kolkata,balanced,Mumbai Indians,field,1,0,85,88,130,157,Mumbai Indians,MI,3 wickets,Tilak Varma
1757,2023,league,Sunrisers Hyderabad,Delhi Capitals,SRH,DC,"Rajiv Gandhi Stadium, Hyderabad",Hyderabad,balanced,Delhi Capitals,bat,1,0,78,80,115,110,Sunrisers Hyderabad,SRH,49 runs,Heinrich Klaasen
1758,2018,playoff,Chennai Super Kings,Royal Challengers Bangalore,CSK,RCB,"M. Chinnaswamy Stadium, Bangalore",Bangalore,batting,Royal Challengers Bangalore,bat,0,1,90,82,238,205,Chennai Super Kings,CSK,1 wickets,Shivam Dube
1759,2026,league,Gujarat Titans,Chennai Super Kings,GT,CSK,"M.A. Chidambaram Stadium, Chennai",Chennai,spin,Chennai Super Kings,field,0,1,86,90,154,165,Chennai Super Kings,CSK,4 wickets,Ravindra Jadeja
1760,2023,league,Lucknow Super Giants,Mumbai Indians,LSG,MI,"M. Chinnaswamy Stadium, Bangalore",Bangalore,batting,Mumbai Indians,field,0,0,81,88,212,234,Mumbai Indians,MI,34 runs,Tilak Varma
1761,2019,playoff,Rajasthan Royals,Sunrisers Hyderabad,RR,SRH,"Rajiv Gandhi Stadium, Hyderabad",Hyderabad,balanced,Sunrisers Hyderabad,field,0,1,83,78,181,168,Rajasthan Royals,RR,6 wickets,Yashasvi Jaiswal
1762,2023,league,Gujarat Titans,Kolkata Knight Riders,GT,KKR,"Narendra Modi Stadium, Ahmedabad",Ahmedabad,balanced,Gujarat Titans,field,1,0,86,85,125,153,Kolkata Knight Riders,KKR,7 wickets,Sunil Narine
1763,2025,final,Mumbai Indians,Royal Challengers Bangalore,MI,RCB,"Eden Gardens, Kolkata",Kolkata,balanced,Royal Challengers Bangalore,bat,0,0,88,82,132,137,Royal Challengers Bangalore,RCB,2 wickets,Dinesh Karthik
1764,2022,league,Lucknow Super Giants,Mumbai Indians,LSG,MI,"BRSABV Ekana Stadium, Lucknow",Lucknow,balanced,Mumbai Indians,field,1,0,81,88,132,148,Mumbai Indians,MI,39 runs,Suryakumar Yadav
1765,2021,league,Kolkata Knight Riders,Punjab Kings,KKR,PBKS,"Eden Gardens, Kolkata",Kolkata,balanced,Kolkata Knight Riders,bat,1,0,85,75,243,255,Punjab Kings,PBKS,22 runs,Liam Livingstone
1766,2019,league,Punjab Kings,Mumbai Indians,PBKS,MI,"Narendra Modi Stadium, Ahmedabad",Ahmedabad,balanced,Mumbai Indians,field,0,0,75,88,135,105,Punjab Kings,PBKS,32 runs,Arshdeep Singh
1767,2023,league,Royal Challengers Bangalore,Rajasthan Royals,RCB,RR,"M. Chinnaswamy Stadium, Bangalore",Bangalore,batting,Royal Challengers Bangalore,field,1,0,82,83,217,182,Royal Challengers Bangalore,RCB,5 wickets,Dinesh Karthik
1768,2020,league,Delhi Capitals,Punjab Kings,DC,PBKS,"IS Bindra Stadium, Mohali",Mohali,pace,Punjab Kings,field,0,1,80,75,176,143,Delhi Capitals,DC,25 runs,Rishabh Pant
1769,2025,final,Sunrisers Hyderabad,Gujarat Titans,SRH,GT,"M. Chinnaswamy Stadium, Bangalore",Bangalore,batting,Gujarat Titans,field,0,0,78,86,210,215,Gujarat Titans,GT,5 wickets,Hardik Pandya
1770,2019,league,Royal Challengers Bangalore,Lucknow Super Giants,RCB,LSG,"BRSABV Ekana Stadium, Lucknow",Lucknow,balanced,Lucknow Super Giants,bat,0,1,82,81,157,149,Royal Challengers Bangalore,RCB,3 wickets,Faf du Plessis
1771,2023,league,Lucknow Super Giants,Mumbai Indians,LSG,MI,"Sawai Mansingh Stadium, Jaipur",Jaipur,batting,Mumbai Indians,field,0,0,81,88,203,227,Mumbai Indians,MI,9 runs,Ishan Kishan
1772,2026,league,Delhi Capitals,Chennai Super Kings,DC,CSK,"M.A. Chidambaram Stadium, Chennai",Chennai,spin,Chennai Super Kings,field,0,1,80,90,166,132,Delhi Capitals,DC,36 runs,David Warner
1773,2018,league,Mumbai Indians,Rajasthan Royals,MI,RR,"M.A. Chidambaram Stadium, Chennai",Chennai,spin,Mumbai Indians,field,0,0,88,83,130,101,Mumbai Indians,MI,13 runs,Piyush Chawla
1774,2023,league,Royal Challengers Bangalore,Gujarat Titans,RCB,GT,"Narendra Modi Stadium, Ahmedabad",Ahmedabad,balanced,Royal Challengers Bangalore,field,0,1,82,86,205,226,Gujarat Titans,GT,7 wickets,Rahul Tewatia
1775,2025,league,Delhi Capitals,Kolkata Knight Riders,DC,KKR,"Arun Jaitley Stadium, Delhi",Delhi,balanced,Kolkata Knight Riders,field,1,0,80,85,185,173,Delhi Capitals,DC,2 runs,Axar Patel
1776,2019,league,Chennai Super Kings,Rajasthan Royals,CSK,RR,"M. Chinnaswamy Stadium, Bangalore",Bangalore,batting,Chennai Super Kings,field,0,0,90,83,195,184,Chennai Super Kings,CSK,32 runs,Shivam Dube
1777,2020,league,Kolkata Knight Riders,Sunrisers Hyderabad,KKR,SRH,"Rajiv Gandhi Stadium, Hyderabad",Hyderabad,balanced,Sunrisers Hyderabad,bat,0,1,85,78,126,139,Sunrisers Hyderabad,SRH,5 wickets,Travis Head
1778,2025,league,Rajasthan Royals,Chennai Super Kings,RR,CSK,"Sawai Mansingh Stadium, Jaipur",Jaipur,batting,Rajasthan Royals,field,1,0,83,90,128,152,Chennai Super Kings,CSK,19 runs,Ravindra Jadeja
1779,2020,playoff,Delhi Capitals,Royal Challengers Bangalore,DC,RCB,"M. Chinnaswamy Stadium, Bangalore",Bangalore,batting,Delhi Capitals,bat,0,1,80,82,172,173,Royal Challengers Bangalore,RCB,1 wickets,Glenn Maxwell
1780,2026,league,Kolkata Knight Riders,Rajasthan Royals,KKR,RR,"Rajiv Gandhi Stadium, Hyderabad",Hyderabad,balanced,Rajasthan Royals,bat,0,0,85,83,131,149,Rajasthan Royals,RR,2 wickets,Riyan Parag
1781,2023,league,Sunrisers Hyderabad,Royal Challengers Bangalore,SRH,RCB,"M. Chinnaswamy Stadium, Bangalore",Bangalore,batting,Sunrisers Hyderabad,field,0,1,78,82,194,200,Royal Challengers Bangalore,RCB,6 wickets,Wanindu Hasaranga
1782,2022,league,Kolkata Knight Riders,Mumbai Indians,KKR,MI,"Eden Gardens, Kolkata",Kolkata,balanced,Mumbai Indians,bat,1,0,85,88,166,135,Kolkata Knight Riders,KKR,4 wickets,Sunil Narine
1783,2021,league,Delhi Capitals,Gujarat Titans,DC,GT,"Narendra Modi Stadium, Ahmedabad",Ahmedabad,balanced,Gujarat Titans,bat,0,1,80,86,123,133,Gujarat Titans,GT,3 wickets,Rashid Khan
1784,2020,final,Rajasthan Royals,Gujarat Titans,RR,GT,"Narendra Modi Stadium, Ahmedabad",Ahmedabad,balanced,Rajasthan Royals,field,0,1,83,86,171,137,Rajasthan Royals,RR,26 runs,Trent Boult
1785,2022,league,Rajasthan Royals,Gujarat Titans,RR,GT,"Sawai Mansingh Stadium, Jaipur",Jaipur,batting,Rajasthan Royals,field,1,0,83,86,194,183,Rajasthan Royals,RR,14 runs,Sanju Samson
1786,2021,league,Rajasthan Royals,Punjab Kings,RR,PBKS,"IS Bindra Stadium, Mohali",Mohali,pace,Rajasthan Royals,bat,0,1,83,75,218,219,Punjab Kings,PBKS,7 wickets,Liam Livingstone
1787,2022,league,Kolkata Knight Riders,Gujarat Titans,KKR,GT,"M.A. Chidambaram Stadium, Chennai",Chennai,spin,Kolkata Knight Riders,bat,0,0,85,86,201,190,Kolkata Knight Riders,KKR,29 runs,Varun Chakravarthy
1788,2023,playoff,Delhi Capitals,Chennai Super Kings,DC,CSK,"Wankhede Stadium, Mumbai",Mumbai,batting,Chennai Super Kings,field,0,0,80,90,157,179,Chennai Super Kings,CSK,5 wickets,Ruturaj Gaikwad
1789,2024,league,Lucknow Super Giants,Mumbai Indians,LSG,MI,"BRSABV Ekana Stadium, Lucknow",Lucknow,balanced,Lucknow Super Giants,field,1,0,81,88,156,133,Lucknow Super Giants,LSG,26 runs,Marcus Stoinis
1790,2020,league,Gujarat Titans,Chennai Super Kings,GT,CSK,"Eden Gardens, Kolkata",Kolkata,balanced,Chennai Super Kings,field,0,0,86,90,208,205,Gujarat Titans,GT,35 runs,Rashid Khan
1791,2023,league,Kolkata Knight Riders,Royal Challengers Bangalore,KKR,RCB,"Eden Gardens, Kolkata",Kolkata,balanced,Royal Challengers Bangalore,field,1,0,85,82,190,146,Kolkata Knight Riders,KKR,1 wickets,Rinku Singh
1792,2021,league,Rajasthan Royals,Kolkata Knight Riders,RR,KKR,"Narendra Modi Stadium, Ahmedabad",Ahmedabad,balanced,Kolkata Knight Riders,bat,0,0,83,85,229,223,Rajasthan Royals,RR,31 runs,Yashasvi Jaiswal
1793,2023,playoff,Lucknow Super Giants,Kolkata Knight Riders,LSG,KKR,"BRSABV Ekana Stadium, Lucknow",Lucknow,balanced,Kolkata Knight Riders,field,1,0,81,85,165,167,Kolkata Knight Riders,KKR,29 runs,Sunil Narine
1794,2020,league,Kolkata Knight Riders,Rajasthan Royals,KKR,RR,"Eden Gardens, Kolkata",Kolkata,balanced,Rajasthan Royals,bat,1,0,85,83,169,165,Kolkata Knight Riders,KKR,25 runs,Varun Chakravarthy
1795,2019,league,Delhi Capitals,Gujarat Titans,DC,GT,"Narendra Modi Stadium, Ahmedabad",Ahmedabad,balanced,Delhi Capitals,field,0,1,80,86,154,160,Gujarat Titans,GT,14 runs,Rahul Tewatia
1796,2018,league,Sunrisers Hyderabad,Royal Challengers Bangalore,SRH,RCB,"M. Chinnaswamy Stadium, Bangalore",Bangalore,batting,Royal Challengers Bangalore,field,0,1,78,82,190,152,Sunrisers Hyderabad,SRH,4 wickets,T Natarajan
1797,2018,league,Delhi Capitals,Punjab Kings,DC,PBKS,"Arun Jaitley Stadium, Delhi",Delhi,balanced,Punjab Kings,field,1,0,80,75,123,111,Delhi Capitals,DC,5 wickets,David Warner
1798,2018,league,Chennai Super Kings,Mumbai Indians,CSK,MI,"IS Bindra Stadium, Mohali",Mohali,pace,Mumbai Indians,field,0,0,90,88,157,185,Mumbai Indians,MI,3 wickets,Ishan Kishan
1799,2026,league,Gujarat Titans,Sunrisers Hyderabad,GT,SRH,"Narendra Modi Stadium, Ahmedabad",Ahmedabad,balanced,Gujarat Titans,field,1,0,86,78,220,224,Sunrisers Hyderabad,SRH,2 wickets,Travis Head
1800,2026,league,Gujarat Titans,Delhi Capitals,GT,DC,"Narendra Modi Stadium, Ahmedabad",Ahmedabad,balanced,Delhi Capitals,field,1,0,86,80,187,214,Delhi Capitals,DC,41 runs,Jake Fraser-McGurk
1801,2026,league,Royal Challengers Bangalore,Delhi Capitals,RCB,DC,"M.A. Chidambaram Stadium, Chennai",Chennai,spin,Royal Challengers Bangalore,field,0,0,82,80,184,212,Delhi Capitals,DC,5 wickets,Rishabh Pant
1802,2020,league,Sunrisers Hyderabad,Mumbai Indians,SRH,MI,"Rajiv Gandhi Stadium, Hyderabad",Hyderabad,balanced,Sunrisers Hyderabad,field,1,0,78,88,154,125,Sunrisers Hyderabad,SRH,2 wickets,Heinrich Klaasen
1803,2025,playoff,Rajasthan Royals,Delhi Capitals,RR,DC,"Arun Jaitley Stadium, Delhi",Delhi,balanced,Delhi Capitals,bat,0,1,83,80,193,206,Delhi Capitals,DC,12 runs,Kuldeep Yadav
1804,2024,league,Rajasthan Royals,Delhi Capitals,RR,DC,"BRSABV Ekana Stadium, Lucknow",Lucknow,balanced,Rajasthan Royals,bat,0,0,83,80,211,231,Delhi Capitals,DC,1 wickets,Jake Fraser-McGurk
1805,2019,league,Royal Challengers Bangalore,Chennai Super Kings,RCB,CSK,"M. Chinnaswamy Stadium, Bangalore",Bangalore,batting,Royal Challengers Bangalore,field,1,0,82,90,177,163,Royal Challengers Bangalore,RCB,47 runs,Faf du Plessis
1806,2023,league,Kolkata Knight Riders,Delhi Capitals,KKR,DC,"Arun Jaitley Stadium, Delhi",Delhi,balanced,Delhi Capitals,field,0,1,85,80,185,161,Kolkata Knight Riders,KKR,28 runs,Varun Chakravarthy
1807,2022,league,Kolkata Knight Riders,Gujarat Titans,KKR,GT,"Narendra Modi Stadium, Ahmedabad",Ahmedabad,balanced,Gujarat Titans,bat,0,1,85,86,150,159,Gujarat Titans,GT,6 wickets,Rashid Khan
1808,2026,league,Delhi Capitals,Lucknow Super Giants,DC,LSG,"BRSABV Ekana Stadium, Lucknow",Lucknow,balanced,Lucknow Super Giants,bat,0,1,80,81,179,204,Lucknow Super Giants,LSG,3 wickets,Nicholas Pooran
1809,2019,league,Sunrisers Hyderabad,Chennai Super Kings,SRH,CSK,"M.A. Chidambaram Stadium, Chennai",Chennai,spin,Chennai Super Kings,field,0,1,78,90,186,203,Chennai Super Kings,CSK,26 runs,Ravindra Jadeja
1810,2018,league,Sunrisers Hyderabad,Delhi Capitals,SRH,DC,"BRSABV Ekana Stadium, Lucknow",Lucknow,balanced,Delhi Capitals,field,0,0,78,80,175,195,Delhi Capitals,DC,6 wickets,Rishabh Pant
1811,2019,league,Kolkata Knight Riders,Gujarat Titans,KKR,GT,"Eden Gardens, Kolkata",Kolkata,balanced,Kolkata Knight Riders,bat,1,0,85,86,174,193,Gujarat Titans,GT,6 wickets,Mohammed Shami
1812,2019,league,Delhi Capitals,Chennai Super Kings,DC,CSK,"Arun Jaitley Stadium, Delhi",Delhi,balanced,Chennai Super Kings,bat,1,0,80,90,177,205,Chennai Super Kings,CSK,4 wickets,Devon Conway
1813,2020,league,Gujarat Titans,Sunrisers Hyderabad,GT,SRH,"Arun Jaitley Stadium, Delhi",Delhi,balanced,Gujarat Titans,field,0,0,86,78,161,157,Gujarat Titans,GT,1 wickets,Shubman Gill
1814,2018,final,Chennai Super Kings,Delhi Capitals,CSK,DC,"Sawai Mansingh Stadium, Jaipur",Jaipur,batting,Chennai Super Kings,field,0,0,90,80,162,144,Chennai Super Kings,CSK,43 runs,Devon Conway
1815,2022,playoff,Lucknow Super Giants,Chennai Super Kings,LSG,CSK,"BRSABV Ekana Stadium, Lucknow",Lucknow,balanced,Lucknow Super Giants,field,1,0,81,90,149,111,Lucknow Super Giants,LSG,1 wickets,Nicholas Pooran
1816,2023,playoff,Punjab Kings,Kolkata Knight Riders,PBKS,KKR,"Arun Jaitley Stadium, Delhi",Delhi,balanced,Kolkata Knight Riders,field,0,0,75,85,177,204,Kolkata Knight Riders,KKR,4 wickets,Shreyas Iyer
1817,2024,league,Mumbai Indians,Delhi Capitals,MI,DC,"Arun Jaitley Stadium, Delhi",Delhi,balanced,Mumbai Indians,bat,0,1,88,80,140,155,Delhi Capitals,DC,3 runs,Axar Patel
1818,2026,league,Punjab Kings,Sunrisers Hyderabad,PBKS,SRH,"Narendra Modi Stadium, Ahmedabad",Ahmedabad,balanced,Punjab Kings,field,0,0,75,78,131,157,Sunrisers Hyderabad,SRH,33 runs,Aiden Markram
1819,2018,league,Delhi Capitals,Punjab Kings,DC,PBKS,"IS Bindra Stadium, Mohali",Mohali,pace,Punjab Kings,bat,0,1,80,75,172,182,Punjab Kings,PBKS,2 wickets,Jonny Bairstow
1820,2025,league,Rajasthan Royals,Chennai Super Kings,RR,CSK,"M.A. Chidambaram Stadium, Chennai",Chennai,spin,Chennai Super Kings,field,0,1,83,90,195,182,Rajasthan Royals,RR,6 wickets,Yashasvi Jaiswal
1821,2022,league,Chennai Super Kings,Kolkata Knight Riders,CSK,KKR,"M.A. Chidambaram Stadium, Chennai",Chennai,spin,Chennai Super Kings,bat,1,0,90,85,175,146,Chennai Super Kings,CSK,7 wickets,Ravindra Jadeja
1822,2026,league,Lucknow Super Giants,Rajasthan Royals,LSG,RR,"BRSABV Ekana Stadium, Lucknow",Lucknow,balanced,Lucknow Super Giants,field,1,0,81,83,221,192,Lucknow Super Giants,LSG,1 wickets,Marcus Stoinis
1823,2023,playoff,Royal Challengers Bangalore,Delhi Capitals,RCB,DC,"M. Chinnaswamy Stadium, Bangalore",Bangalore,batting,Royal Challengers Bangalore,field,1,0,82,80,190,166,Royal Challengers Bangalore,RCB,7 runs,Virat Kohli
1824,2020,league,Royal Challengers Bangalore,Lucknow Super Giants,RCB,LSG,"BRSABV Ekana Stadium, Lucknow",Lucknow,balanced,Lucknow Super Giants,field,0,1,82,81,178,181,Lucknow Super Giants,LSG,1 wickets,Marcus Stoinis
1825,2023,league,Rajasthan Royals,Royal Challengers Bangalore,RR,RCB,"Rajiv Gandhi Stadium, Hyderabad",Hyderabad,balanced,Royal Challengers Bangalore,field,0,0,83,82,176,152,Rajasthan Royals,RR,7 runs,Sanju Samson
1826,2025,league,Royal Challengers Bangalore,Delhi Capitals,RCB,DC,"M. Chinnaswamy Stadium, Bangalore",Bangalore,batting,Royal Challengers Bangalore,field,1,0,82,80,179,175,Royal Challengers Bangalore,RCB,5 wickets,Virat Kohli
1827,2019,league,Rajasthan Royals,Punjab Kings,RR,PBKS,"BRSABV Ekana Stadium, Lucknow",Lucknow,balanced,Rajasthan Royals,field,0,0,83,75,187,166,Rajasthan Royals,RR,5 wickets,Sanju Samson
1828,2022,league,Kolkata Knight Riders,Punjab Kings,KKR,PBKS,"Eden Gardens, Kolkata",Kolkata,balanced,Kolkata Knight Riders,field,1,0,85,75,157,114,Kolkata Knight Riders,KKR,46 runs,Sunil Narine
1829,2019,league,Delhi Capitals,Punjab Kings,DC,PBKS,"IS Bindra Stadium, Mohali",Mohali,pace,Delhi Capitals,field,0,1,80,75,213,194,Delhi Capitals,DC,35 runs,Anrich Nortje
1830,2025,league,Kolkata Knight Riders,Royal Challengers Bangalore,KKR,RCB,"M. Chinnaswamy Stadium, Bangalore",Bangalore,batting,Kolkata Knight Riders,field,0,1,85,82,243,255,Royal Challengers Bangalore,RCB,6 runs,Virat Kohli
1831,2026,league,Lucknow Super Giants,Rajasthan Royals,LSG,RR,"BRSABV Ekana Stadium, Lucknow",Lucknow,balanced,Lucknow Super Giants,bat,1,0,81,83,200,170,Lucknow Super Giants,LSG,30 runs,Nicholas Pooran
1832,2024,league,Mumbai Indians,Kolkata Knight Riders,MI,KKR,"Arun Jaitley Stadium, Delhi",Delhi,balanced,Mumbai Indians,bat,0,0,88,85,228,204,Mumbai Indians,MI,1 wickets,Ishan Kishan
1833,2022,league,Chennai Super Kings,Rajasthan Royals,CSK,RR,"M.A. Chidambaram Stadium, Chennai",Chennai,spin,Rajasthan Royals,field,1,0,90,83,158,142,Chennai Super Kings,CSK,10 runs,Ravindra Jadeja
1834,2024,league,Royal Challengers Bangalore,Mumbai Indians,RCB,MI,"Narendra Modi Stadium, Ahmedabad",Ahmedabad,balanced,Mumbai Indians,field,0,0,82,88,176,197,Mumbai Indians,MI,6 wickets,Ishan Kishan
1835,2022,league,Lucknow Super Giants,Punjab Kings,LSG,PBKS,"IS Bindra Stadium, Mohali",Mohali,pace,Lucknow Super Giants,bat,0,1,81,75,164,159,Lucknow Super Giants,LSG,5 wickets,Quinton de Kock
1836,2021,playoff,Chennai Super Kings,Punjab Kings,CSK,PBKS,"IS Bindra Stadium, Mohali",Mohali,pace,Punjab Kings,field,0,1,90,75,152,156,Punjab Kings,PBKS,34 runs,Sam Curran
1837,2021,playoff,Rajasthan Royals,Delhi Capitals,RR,DC,"BRSABV Ekana Stadium, Lucknow",Lucknow,balanced,Delhi Capitals,bat,0,0,83,80,191,160,Rajasthan Royals,RR,41 runs,Trent Boult
1838,2022,league,Royal Challengers Bangalore,Chennai Super Kings,RCB,CSK,"M.A. Chidambaram Stadium, Chennai",Chennai,spin,Royal Challengers Bangalore,field,0,1,82,90,132,144,Chennai Super Kings,CSK,7 wickets,Devon Conway
1839,2018,league,Gujarat Titans,Rajasthan Royals,GT,RR,"Narendra Modi Stadium, Ahmedabad",Ahmedabad,balanced,Rajasthan Royals,field,1,0,86,83,184,168,Gujarat Titans,GT,1 wickets,Hardik Pandya
1840,2021,league,Gujarat Titans,Mumbai Indians,GT,MI,"Narendra Modi Stadium, Ahmedabad",Ahmedabad,balanced,Gujarat Titans,field,1,0,86,88,165,129,Gujarat Titans,GT,3 wickets,Mohammed Shami
1841,2020,league,Gujarat Titans,Punjab Kings,GT,PBKS,"Rajiv Gandhi Stadium, Hyderabad",Hyderabad,balanced,Punjab Kings,field,0,0,86,75,148,118,Gujarat Titans,GT,47 runs,Shubman Gill
1842,2021,league,Sunrisers Hyderabad,Punjab Kings,SRH,PBKS,"Sawai Mansingh Stadium, Jaipur",Jaipur,batting,Sunrisers Hyderabad,bat,0,0,78,75,191,205,Punjab Kings,PBKS,2 wickets,Jitesh Sharma
1843,2025,league,Punjab Kings,Royal Challengers Bangalore,PBKS,RCB,"IS Bindra Stadium, Mohali",Mohali,pace,Royal Challengers Bangalore,field,1,0,75,82,147,165,Royal Challengers Bangalore,RCB,24 runs,Wanindu Hasaranga
1844,2025,league,Gujarat Titans,Mumbai Indians,GT,MI,"Wankhede Stadium, Mumbai",Mumbai,batting,Gujarat Titans,field,0,1,86,88,190,216,Mumbai Indians,MI,29 runs,Ishan Kishan
1845,2019,league,Chennai Super Kings,Punjab Kings,CSK,PBKS,"IS Bindra Stadium, Mohali",Mohali,pace,Punjab Kings,bat,0,1,90,75,159,146,Chennai Super Kings,CSK,7 runs,Ravindra Jadeja
1846,2020,league,Rajasthan Royals,Kolkata Knight Riders,RR,KKR,"Eden Gardens, Kolkata",Kolkata,balanced,Kolkata Knight Riders,bat,0,1,83,85,176,133,Rajasthan Royals,RR,5 wickets,Jos Buttler
1847,2018,league,Rajasthan Royals,Gujarat Titans,RR,GT,"M.A. Chidambaram Stadium, Chennai",Chennai,spin,Gujarat Titans,field,0,0,83,86,147,150,Gujarat Titans,GT,23 runs,Hardik Pandya
1848,2018,league,Punjab Kings,Chennai Super Kings,PBKS,CSK,"IS Bindra Stadium, Mohali",Mohali,pace,Punjab Kings,field,1,0,75,90,166,186,Chennai Super Kings,CSK,5 wickets,Ravindra Jadeja
1849,2025,league,Sunrisers Hyderabad,Rajasthan Royals,SRH,RR,"BRSABV Ekana Stadium, Lucknow",Lucknow,balanced,Rajasthan Royals,field,0,0,78,83,139,136,Sunrisers Hyderabad,SRH,2 wickets,T Natarajan
1850,2020,league,Lucknow Super Giants,Kolkata Knight Riders,LSG,KKR,"Eden Gardens, Kolkata",Kolkata,balanced,Lucknow Super Giants,bat,0,1,81,85,170,142,Lucknow Super Giants,LSG,4 wickets,KL Rahul
1851,2022,league,Lucknow Super Giants,Mumbai Indians,LSG,MI,"Arun Jaitley Stadium, Delhi",Delhi,balanced,Mumbai Indians,bat,0,0,81,88,107,112,Mumbai Indians,MI,43 runs,Tilak Varma
1852,2018,league,Royal Challengers Bangalore,Chennai Super Kings,RCB,CSK,"Arun Jaitley Stadium, Delhi",Delhi,balanced,Chennai Super Kings,field,0,0,82,90,176,134,Royal Challengers Bangalore,RCB,41 runs,Glenn Maxwell
1853,2025,league,Royal Challengers Bangalore,Rajasthan Royals,RCB,RR,"Sawai Mansingh Stadium, Jaipur",Jaipur,batting,Rajasthan Royals,field,0,1,82,83,185,144,Royal Challengers Bangalore,RCB,6 wickets,Mohammed Siraj
1854,2020,league,Sunrisers Hyderabad,Chennai Super Kings,SRH,CSK,"Rajiv Gandhi Stadium, Hyderabad",Hyderabad,balanced,Chennai Super Kings,field,1,0,78,90,204,208,Chennai Super Kings,CSK,19 runs,Devon Conway
1855,2020,playoff,Rajasthan Royals,Kolkata Knight Riders,RR,KKR,"M. Chinnaswamy Stadium, Bangalore",Bangalore,batting,Rajasthan Royals,bat,0,0,83,85,153,181,Kolkata Knight Riders,KKR,42 runs,Andre Russell
1856,2022,league,Delhi Capitals,Punjab Kings,DC,PBKS,"IS Bindra Stadium, Mohali",Mohali,pace,Punjab Kings,field,0,1,80,75,181,204,Punjab Kings,PBKS,5 runs,Sam Curran
1857,2025,league,Chennai Super Kings,Royal Challengers Bangalore,CSK,RCB,"M.A. Chidambaram Stadium, Chennai",Chennai,spin,Royal Challengers Bangalore,field,1,0,90,82,166,174,Royal Challengers Bangalore,RCB,48 runs,Faf du Plessis
1858,2025,league,Sunrisers Hyderabad,Punjab Kings,SRH,PBKS,"IS Bindra Stadium, Mohali",Mohali,pace,Punjab Kings,bat,0,1,78,75,167,156,Sunrisers Hyderabad,SRH,15 runs,Travis Head
1859,2026,league,Royal Challengers Bangalore,Delhi Capitals,RCB,DC,"Arun Jaitley Stadium, Delhi",Delhi,balanced,Royal Challengers Bangalore,bat,0,1,82,80,139,167,Delhi Capitals,DC,32 runs,Axar Patel
1860,2019,playoff,Gujarat Titans,Sunrisers Hyderabad,GT,SRH,"Narendra Modi Stadium, Ahmedabad",Ahmedabad,balanced,Gujarat Titans,bat,1,0,86,78,166,193,Sunrisers Hyderabad,SRH,14 runs,Abhishek Sharma
1861,2020,league,Punjab Kings,Delhi Capitals,PBKS,DC,"Rajiv Gandhi Stadium, Hyderabad",Hyderabad,balanced,Delhi Capitals,field,0,0,75,80,198,165,Punjab Kings,PBKS,3 runs,Shikhar Dhawan
1862,2024,league,Gujarat Titans,Kolkata Knight Riders,GT,KKR,"Eden Gardens, Kolkata",Kolkata,balanced,Gujarat Titans,field,0,1,86,85,216,209,Gujarat Titans,GT,4 runs,Shubman Gill
1863,2025,league,Chennai Super Kings,Lucknow Super Giants,CSK,LSG,"M.A. Chidambaram Stadium, Chennai",Chennai,spin,Chennai Super Kings,bat,1,0,90,81,156,122,Chennai Super Kings,CSK,6 runs,Ruturaj Gaikwad
1864,2022,playoff,Royal Challengers Bangalore,Mumbai Indians,RCB,MI,"M. Chinnaswamy Stadium, Bangalore",Bangalore,batting,Royal Challengers Bangalore,bat,1,0,82,88,205,216,Mumbai Indians,MI,40 runs,Piyush Chawla
1865,2018,league,Sunrisers Hyderabad,Kolkata Knight Riders,SRH,KKR,"Eden Gardens, Kolkata",Kolkata,balanced,Kolkata Knight Riders,bat,0,1,78,85,168,129,Sunrisers Hyderabad,SRH,7 wickets,Bhuvneshwar Kumar
1866,2020,league,Mumbai Indians,Sunrisers Hyderabad,MI,SRH,"Wankhede Stadium, Mumbai",Mumbai,batting,Sunrisers Hyderabad,field,1,0,88,78,171,160,Mumbai Indians,MI,8 runs,Piyush Chawla
1867,2022,league,Rajasthan Royals,Delhi Capitals,RR,DC,"Arun Jaitley Stadium, Delhi",Delhi,balanced,Rajasthan Royals,field,0,1,83,80,146,110,Rajasthan Royals,RR,3 wickets,Shimron Hetmyer
1868,2025,league,Royal Challengers Bangalore,Punjab Kings,RCB,PBKS,"M. Chinnaswamy Stadium, Bangalore",Bangalore,batting,Royal Challengers Bangalore,bat,1,0,82,75,205,207,Punjab Kings,PBKS,2 wickets,Shikhar Dhawan
1869,2021,league,Rajasthan Royals,Sunrisers Hyderabad,RR,SRH,"Sawai Mansingh Stadium, Jaipur",Jaipur,batting,Sunrisers Hyderabad,field,1,0,83,78,174,132,Rajasthan Royals,RR,6 wickets,Yashasvi Jaiswal
1870,2020,league,Rajasthan Royals,Delhi Capitals,RR,DC,"Eden Gardens, Kolkata",Kolkata,balanced,Rajasthan Royals,field,0,0,83,80,157,176,Delhi Capitals,DC,49 runs,Tristan Stubbs
1871,2023,league,Mumbai Indians,Sunrisers Hyderabad,MI,SRH,"M. Chinnaswamy Stadium, Bangalore",Bangalore,batting,Sunrisers Hyderabad,field,0,0,88,78,196,222,Sunrisers Hyderabad,SRH,1 wickets,Heinrich Klaasen
1872,2022,league,Kolkata Knight Riders,Lucknow Super Giants,KKR,LSG,"BRSABV Ekana Stadium, Lucknow",Lucknow,balanced,Lucknow Super Giants,bat,0,1,85,81,166,168,Lucknow Super Giants,LSG,11 runs,Quinton de Kock
1873,2021,league,Royal Challengers Bangalore,Gujarat Titans,RCB,GT,"M. Chinnaswamy Stadium, Bangalore",Bangalore,batting,Gujarat Titans,field,1,0,82,86,109,80,Royal Challengers Bangalore,RCB,22 runs,Virat Kohli
1874,2019,league,Mumbai Indians,Kolkata Knight Riders,MI,KKR,"IS Bindra Stadium, Mohali",Mohali,pace,Kolkata Knight Riders,field,0,0,88,85,162,151,Mumbai Indians,MI,7 wickets,Rohit Sharma
1875,2018,league,Mumbai Indians,Punjab Kings,MI,PBKS,"Wankhede Stadium, Mumbai",Mumbai,batting,Mumbai Indians,field,1,0,88,75,202,210,Punjab Kings,PBKS,14 runs,Kagiso Rabada
1876,2025,final,Sunrisers Hyderabad,Delhi Capitals,SRH,DC,"Arun Jaitley Stadium, Delhi",Delhi,balanced,Delhi Capitals,bat,0,1,78,80,194,204,Delhi Capitals,DC,5 wickets,Anrich Nortje
1877,2020,league,Mumbai Indians,Kolkata Knight Riders,MI,KKR,"Eden Gardens, Kolkata",Kolkata,balanced,Mumbai Indians,bat,0,1,88,85,178,192,Kolkata Knight Riders,KKR,16 runs,Andre Russell
1878,2022,league,Chennai Super Kings,Gujarat Titans,CSK,GT,"Narendra Modi Stadium, Ahmedabad",Ahmedabad,balanced,Gujarat Titans,field,0,1,90,86,195,190,Chennai Super Kings,CSK,4 runs,Ruturaj Gaikwad
1879,2021,playoff,Kolkata Knight Riders,Mumbai Indians,KKR,MI,"Eden Gardens, Kolkata",Kolkata,balanced,Kolkata Knight Riders,bat,1,0,85,88,147,124,Kolkata Knight Riders,KKR,14 runs,Rinku Singh
1880,2023,league,Delhi Capitals,Gujarat Titans,DC,GT,"Wankhede Stadium, Mumbai",Mumbai,batting,Gujarat Titans,field,0,0,80,86,212,195,Delhi Capitals,DC,42 runs,David Warner
1881,2019,league,Lucknow Super Giants,Mumbai Indians,LSG,MI,"M.A. Chidambaram Stadium, Chennai",Chennai,spin,Lucknow Super Giants,field,0,0,81,88,146,143,Lucknow Super Giants,LSG,15 runs,Nicholas Pooran
1882,2020,league,Mumbai Indians,Rajasthan Royals,MI,RR,"M. Chinnaswamy Stadium, Bangalore",Bangalore,batting,Mumbai Indians,field,0,0,88,83,151,131,Mumbai Indians,MI,5 runs,Tim David
1883,2025,league,Punjab Kings,Chennai Super Kings,PBKS,CSK,"Narendra Modi Stadium, Ahmedabad",Ahmedabad,balanced,Punjab Kings,bat,0,0,75,90,114,80,Punjab Kings,PBKS,2 wickets,Kagiso Rabada
1884,2019,league,Delhi Capitals,Lucknow Super Giants,DC,LSG,"Narendra Modi Stadium, Ahmedabad",Ahmedabad,balanced,Lucknow Super Giants,field,0,0,80,81,121,138,Lucknow Super Giants,LSG,5 wickets,Nicholas Pooran
1885,2018,league,Delhi Capitals,Kolkata Knight Riders,DC,KKR,"Eden Gardens, Kolkata",Kolkata,balanced,Kolkata Knight Riders,bat,0,1,80,85,170,186,Kolkata Knight Riders,KKR,17 runs,Venkatesh Iyer
1886,2023,league,Delhi Capitals,Gujarat Titans,DC,GT,"Narendra Modi Stadium, Ahmedabad",Ahmedabad,balanced,Gujarat Titans,bat,0,1,80,86,191,209,Gujarat Titans,GT,3 wickets,Rahul Tewatia
1887,2018,league,Lucknow Super Giants,Rajasthan Royals,LSG,RR,"Narendra Modi Stadium, Ahmedabad",Ahmedabad,balanced,Lucknow Super Giants,field,0,0,81,83,147,165,Rajasthan Royals,RR,2 runs,Jos Buttler
1888,2025,league,Gujarat Titans,Kolkata Knight Riders,GT,KKR,"Eden Gardens, Kolkata",Kolkata,balanced,Kolkata Knight Riders,field,0,1,86,85,130,109,Gujarat Titans,GT,49 runs,David Miller
1889,2025,league,Punjab Kings,Sunrisers Hyderabad,PBKS,SRH,"Sawai Mansingh Stadium, Jaipur",Jaipur,batting,Sunrisers Hyderabad,field,0,0,75,78,223,218,Punjab Kings,PBKS,7 wickets,Shikhar Dhawan
1890,2020,playoff,Gujarat Titans,Delhi Capitals,GT,DC,"Arun Jaitley Stadium, Delhi",Delhi,balanced,Gujarat Titans,field,0,1,86,80,169,163,Gujarat Titans,GT,1 wickets,Shubman Gill
1891,2021,league,Chennai Super Kings,Gujarat Titans,CSK,GT,"M.A. Chidambaram Stadium, Chennai",Chennai,spin,Chennai Super Kings,field,1,0,90,86,137,127,Chennai Super Kings,CSK,2 wickets,Ruturaj Gaikwad
1892,2026,league,Delhi Capitals,Kolkata Knight Riders,DC,KKR,"Rajiv Gandhi Stadium, Hyderabad",Hyderabad,balanced,Kolkata Knight Riders,bat,0,0,80,85,170,136,Delhi Capitals,DC,4 wickets,Kuldeep Yadav
1893,2023,playoff,Sunrisers Hyderabad,Chennai Super Kings,SRH,CSK,"M.A. Chidambaram Stadium, Chennai",Chennai,spin,Sunrisers Hyderabad,bat,0,1,78,90,218,176,Sunrisers Hyderabad,SRH,48 runs,Heinrich Klaasen
1894,2018,league,Kolkata Knight Riders,Rajasthan Royals,KKR,RR,"IS Bindra Stadium, Mohali",Mohali,pace,Kolkata Knight Riders,bat,0,0,85,83,152,146,Kolkata Knight Riders,KKR,46 runs,Sunil Narine
1895,2026,playoff,Gujarat Titans,Lucknow Super Giants,GT,LSG,"Arun Jaitley Stadium, Delhi",Delhi,balanced,Lucknow Super Giants,bat,0,0,86,81,208,220,Lucknow Super Giants,LSG,23 runs,Quinton de Kock
1896,2024,playoff,Sunrisers Hyderabad,Punjab Kings,SRH,PBKS,"Rajiv Gandhi Stadium, Hyderabad",Hyderabad,balanced,Punjab Kings,field,1,0,78,75,168,195,Punjab Kings,PBKS,8 runs,Liam Livingstone
1897,2020,final,Royal Challengers Bangalore,Punjab Kings,RCB,PBKS,"M. Chinnaswamy Stadium, Bangalore",Bangalore,batting,Royal Challengers Bangalore,field,1,0,82,75,168,156,Royal Challengers Bangalore,RCB,2 wickets,Rajat Patidar
1898,2020,league,Rajasthan Royals,Gujarat Titans,RR,GT,"Narendra Modi Stadium, Ahmedabad",Ahmedabad,balanced,Gujarat Titans,field,0,1,83,86,148,149,Gujarat Titans,GT,20 runs,Rahul Tewatia
1899,2018,league,Lucknow Super Giants,Rajasthan Royals,LSG,RR,"M. Chinnaswamy Stadium, Bangalore",Bangalore,batting,Lucknow Super Giants,bat,0,0,81,83,143,118,Lucknow Super Giants,LSG,7 wickets,Quinton de Kock
1900,2025,playoff,Kolkata Knight Riders,Rajasthan Royals,KKR,RR,"Eden Gardens, Kolkata",Kolkata,balanced,Kolkata Knight Riders,field,1,0,85,83,177,156,Kolkata Knight Riders,KKR,3 wickets,Sunil Narine
1901,2023,league,Royal Challengers Bangalore,Sunrisers Hyderabad,RCB,SRH,"Rajiv Gandhi Stadium, Hyderabad",Hyderabad,balanced,Royal Challengers Bangalore,field,0,1,82,78,171,179,Sunrisers Hyderabad,SRH,4 runs,Heinrich Klaasen
1902,2026,final,Punjab Kings,Delhi Capitals,PBKS,DC,"IS Bindra Stadium, Mohali",Mohali,pace,Punjab Kings,field,1,0,75,80,159,118,Punjab Kings,PBKS,45 runs,Kagiso Rabada
1903,2020,league,Rajasthan Royals,Punjab Kings,RR,PBKS,"Sawai Mansingh Stadium, Jaipur",Jaipur,batting,Rajasthan Royals,field,1,0,83,75,184,209,Punjab Kings,PBKS,7 wickets,Liam Livingstone
1904,2023,league,Lucknow Super Giants,Punjab Kings,LSG,PBKS,"Eden Gardens, Kolkata",Kolkata,balanced,Punjab Kings,field,0,0,81,75,126,144,Punjab Kings,PBKS,9 runs,Shikhar Dhawan
1905,2025,league,Lucknow Super Giants,Mumbai Indians,LSG,MI,"Wankhede Stadium, Mumbai",Mumbai,batting,Mumbai Indians,bat,0,1,81,88,217,226,Mumbai Indians,MI,7 runs,Tilak Varma
1906,2024,league,Gujarat Titans,Lucknow Super Giants,GT,LSG,"BRSABV Ekana Stadium, Lucknow",Lucknow,balanced,Lucknow Super Giants,field,0,1,86,81,217,224,Lucknow Super Giants,LSG,6 wickets,Mark Wood
1907,2021,league,Lucknow Super Giants,Sunrisers Hyderabad,LSG,SRH,"Eden Gardens, Kolkata",Kolkata,balanced,Lucknow Super Giants,bat,0,0,81,78,147,107,Lucknow Super Giants,LSG,32 runs,Quinton de Kock
1908,2025,league,Gujarat Titans,Rajasthan Royals,GT,RR,"Narendra Modi Stadium, Ahmedabad",Ahmedabad,balanced,Gujarat Titans,bat,1,0,86,83,107,80,Gujarat Titans,GT,6 wickets,Hardik Pandya
1909,2023,playoff,Punjab Kings,Chennai Super Kings,PBKS,CSK,"IS Bindra Stadium, Mohali",Mohali,pace,Punjab Kings,field,1,0,75,90,220,205,Punjab Kings,PBKS,2 wickets,Jitesh Sharma
1910,2024,league,Delhi Capitals,Mumbai Indians,DC,MI,"Wankhede Stadium, Mumbai",Mumbai,batting,Mumbai Indians,bat,0,1,80,88,191,196,Mumbai Indians,MI,7 runs,Jasprit Bumrah
1911,2020,playoff,Gujarat Titans,Kolkata Knight Riders,GT,KKR,"Eden Gardens, Kolkata",Kolkata,balanced,Kolkata Knight Riders,field,0,1,86,85,173,186,Kolkata Knight Riders,KKR,20 runs,Andre Russell
1912,2020,league,Gujarat Titans,Delhi Capitals,GT,DC,"Arun Jaitley Stadium, Delhi",Delhi,balanced,Delhi Capitals,field,0,1,86,80,211,200,Gujarat Titans,GT,4 wickets,Hardik Pandya
1913,2021,league,Royal Challengers Bangalore,Chennai Super Kings,RCB,CSK,"M.A. Chidambaram Stadium, Chennai",Chennai,spin,Chennai Super Kings,field,0,1,82,90,145,151,Chennai Super Kings,CSK,6 wickets,Shivam Dube
1914,2018,league,Gujarat Titans,Sunrisers Hyderabad,GT,SRH,"Rajiv Gandhi Stadium, Hyderabad",Hyderabad,balanced,Gujarat Titans,field,0,1,86,78,162,171,Sunrisers Hyderabad,SRH,3 wickets,T Natarajan
1915,2024,league,Chennai Super Kings,Royal Challengers Bangalore,CSK,RCB,"M.A. Chidambaram Stadium, Chennai",Chennai,spin,Royal Challengers Bangalore,field,1,0,90,82,145,156,Royal Challengers Bangalore,RCB,42 runs,Rajat Patidar
1916,2025,league,Sunrisers Hyderabad,Lucknow Super Giants,SRH,LSG,"BRSABV Ekana Stadium, Lucknow",Lucknow,balanced,Sunrisers Hyderabad,bat,0,1,78,81,210,173,Sunrisers Hyderabad,SRH,29 runs,Travis Head
1917,2018,league,Rajasthan Royals,Punjab Kings,RR,PBKS,"IS Bindra Stadium, Mohali",Mohali,pace,Punjab Kings,field,0,1,83,75,203,221,Punjab Kings,PBKS,26 runs,Arshdeep Singh
1918,2024,league,Lucknow Super Giants,Mumbai Indians,LSG,MI,"Narendra Modi Stadium, Ahmedabad",Ahmedabad,balanced,Lucknow Super Giants,field,0,0,81,88,127,122,Lucknow Super Giants,LSG,5 runs,KL Rahul
1919,2020,league,Punjab Kings,Royal Challengers Bangalore,PBKS,RCB,"Rajiv Gandhi Stadium, Hyderabad",Hyderabad,balanced,Royal Challengers Bangalore,field,0,0,75,82,200,188,Punjab Kings,PBKS,10 runs,Jitesh Sharma
1920,2019,league,Royal Challengers Bangalore,Rajasthan Royals,RCB,RR,"Eden Gardens, Kolkata",Kolkata,balanced,Rajasthan Royals,field,0,0,82,83,181,198,Rajasthan Royals,RR,2 wickets,Yashasvi Jaiswal
1921,2026,league,Delhi Capitals,Gujarat Titans,DC,GT,"Arun Jaitley Stadium, Delhi",Delhi,balanced,Gujarat Titans,bat,1,0,80,86,185,198,Gujarat Titans,GT,7 wickets,David Miller
1922,2024,league,Punjab Kings,Rajasthan Royals,PBKS,RR,"Sawai Mansingh Stadium, Jaipur",Jaipur,batting,Punjab Kings,field,0,1,75,83,200,161,Punjab Kings,PBKS,37 runs,Jitesh Sharma
1923,2018,final,Delhi Capitals,Punjab Kings,DC,PBKS,"IS Bindra Stadium, Mohali",Mohali,pace,Delhi Capitals,bat,0,1,80,75,157,121,Delhi Capitals,DC,3 wickets,Jake Fraser-McGurk
1924,2021,playoff,Delhi Capitals,Sunrisers Hyderabad,DC,SRH,"Rajiv Gandhi Stadium, Hyderabad",Hyderabad,balanced,Delhi Capitals,field,0,1,80,78,191,210,Sunrisers Hyderabad,SRH,28 runs,Nitish Kumar Reddy
1925,2020,playoff,Royal Challengers Bangalore,Gujarat Titans,RCB,GT,"M. Chinnaswamy Stadium, Bangalore",Bangalore,batting,Royal Challengers Bangalore,bat,1,0,82,86,155,133,Royal Challengers Bangalore,RCB,2 wickets,Virat Kohli
1926,2018,league,Kolkata Knight Riders,Punjab Kings,KKR,PBKS,"Sawai Mansingh Stadium, Jaipur",Jaipur,batting,Punjab Kings,field,0,0,85,75,195,161,Kolkata Knight Riders,KKR,1 wickets,Venkatesh Iyer
1927,2020,league,Rajasthan Royals,Punjab Kings,RR,PBKS,"IS Bindra Stadium, Mohali",Mohali,pace,Rajasthan Royals,field,0,1,83,75,181,157,Rajasthan Royals,RR,30 runs,Shimron Hetmyer
1928,2023,league,Lucknow Super Giants,Chennai Super Kings,LSG,CSK,"BRSABV Ekana Stadium, Lucknow",Lucknow,balanced,Chennai Super Kings,field,1,0,81,90,141,164,Chennai Super Kings,CSK,5 wickets,Devon Conway
1929,2018,league,Sunrisers Hyderabad,Royal Challengers Bangalore,SRH,RCB,"M. Chinnaswamy Stadium, Bangalore",Bangalore,batting,Sunrisers Hyderabad,field,0,1,78,82,178,194,Royal Challengers Bangalore,RCB,25 runs,Glenn Maxwell
1930,2024,league,Gujarat Titans,Punjab Kings,GT,PBKS,"IS Bindra Stadium, Mohali",Mohali,pace,Punjab Kings,field,0,1,86,75,150,165,Punjab Kings,PBKS,27 runs,Liam Livingstone
1931,2023,league,Gujarat Titans,Kolkata Knight Riders,GT,KKR,"Wankhede Stadium, Mumbai",Mumbai,batting,Kolkata Knight Riders,field,0,0,86,85,137,94,Gujarat Titans,GT,4 wickets,Rashid Khan
1932,2024,final,Punjab Kings,Kolkata Knight Riders,PBKS,KKR,"M. Chinnaswamy Stadium, Bangalore",Bangalore,batting,Punjab Kings,field,0,0,75,85,178,180,Kolkata Knight Riders,KKR,2 wickets,Sunil Narine
1933,2020,league,Mumbai Indians,Royal Challengers Bangalore,MI,RCB,"M. Chinnaswamy Stadium, Bangalore",Bangalore,batting,Mumbai Indians,field,0,1,88,82,171,155,Mumbai Indians,MI,6 runs,Tim David
1934,2019,league,Delhi Capitals,Chennai Super Kings,DC,CSK,"Narendra Modi Stadium, Ahmedabad",Ahmedabad,balanced,Chennai Super Kings,field,0,0,80,90,167,139,Delhi Capitals,DC,22 runs,Axar Patel
1935,2020,league,Punjab Kings,Sunrisers Hyderabad,PBKS,SRH,"Arun Jaitley Stadium, Delhi",Delhi,balanced,Punjab Kings,field,0,0,75,78,159,165,Sunrisers Hyderabad,SRH,7 wickets,Bhuvneshwar Kumar
1936,2018,league,Sunrisers Hyderabad,Mumbai Indians,SRH,MI,"Arun Jaitley Stadium, Delhi",Delhi,balanced,Sunrisers Hyderabad,field,0,0,78,88,198,209,Mumbai Indians,MI,2 wickets,Tim David
1937,2023,playoff,Lucknow Super Giants,Rajasthan Royals,LSG,RR,"Narendra Modi Stadium, Ahmedabad",Ahmedabad,balanced,Lucknow Super Giants,field,0,0,81,83,210,205,Lucknow Super Giants,LSG,40 runs,Ravi Bishnoi
1938,2025,league,Punjab Kings,Royal Challengers Bangalore,PBKS,RCB,"IS Bindra Stadium, Mohali",Mohali,pace,Royal Challengers Bangalore,field,1,0,75,82,222,239,Royal Challengers Bangalore,RCB,2 wickets,Wanindu Hasaranga
1939,2019,league,Sunrisers Hyderabad,Rajasthan Royals,SRH,RR,"M.A. Chidambaram Stadium, Chennai",Chennai,spin,Rajasthan Royals,field,0,0,78,83,161,183,Rajasthan Royals,RR,21 runs,Trent Boult
1940,2021,league,Gujarat Titans,Rajasthan Royals,GT,RR,"Wankhede Stadium, Mumbai",Mumbai,batting,Rajasthan Royals,field,0,0,86,83,223,181,Gujarat Titans,GT,5 wickets,Hardik Pandya
1941,2026,playoff,Royal Challengers Bangalore,Gujarat Titans,RCB,GT,"Sawai Mansingh Stadium, Jaipur",Jaipur,batting,Royal Challengers Bangalore,field,0,0,82,86,148,136,Royal Challengers Bangalore,RCB,21 runs,Mohammed Siraj
1942,2023,league,Gujarat Titans,Rajasthan Royals,GT,RR,"Narendra Modi Stadium, Ahmedabad",Ahmedabad,balanced,Rajasthan Royals,bat,1,0,86,83,148,131,Gujarat Titans,GT,19 runs,Rashid Khan
1943,2018,league,Lucknow Super Giants,Kolkata Knight Riders,LSG,KKR,"BRSABV Ekana Stadium, Lucknow",Lucknow,balanced,Lucknow Super Giants,field,1,0,81,85,189,157,Lucknow Super Giants,LSG,4 wickets,Mark Wood
1944,2020,league,Punjab Kings,Sunrisers Hyderabad,PBKS,SRH,"M. Chinnaswamy Stadium, Bangalore",Bangalore,batting,Sunrisers Hyderabad,field,0,0,75,78,200,210,Sunrisers Hyderabad,SRH,6 runs,Abhishek Sharma
1945,2024,league,Gujarat Titans,Punjab Kings,GT,PBKS,"Narendra Modi Stadium, Ahmedabad",Ahmedabad,balanced,Gujarat Titans,bat,1,0,86,75,117,145,Punjab Kings,PBKS,6 wickets,Arshdeep Singh
1946,2018,league,Lucknow Super Giants,Mumbai Indians,LSG,MI,"BRSABV Ekana Stadium, Lucknow",Lucknow,balanced,Mumbai Indians,field,1,0,81,88,230,214,Lucknow Super Giants,LSG,20 runs,KL Rahul
1947,2022,league,Rajasthan Royals,Gujarat Titans,RR,GT,"Sawai Mansingh Stadium, Jaipur",Jaipur,batting,Gujarat Titans,field,1,0,83,86,115,132,Gujarat Titans,GT,36 runs,Hardik Pandya
1948,2024,final,Royal Challengers Bangalore,Sunrisers Hyderabad,RCB,SRH,"Rajiv Gandhi Stadium, Hyderabad",Hyderabad,balanced,Sunrisers Hyderabad,field,0,1,82,78,178,196,Sunrisers Hyderabad,SRH,5 wickets,Abhishek Sharma
1949,2021,league,Kolkata Knight Riders,Lucknow Super Giants,KKR,LSG,"M. Chinnaswamy Stadium, Bangalore",Bangalore,batting,Lucknow Super Giants,bat,0,0,85,81,209,190,Kolkata Knight Riders,KKR,6 wickets,Andre Russell
1950,2026,league,Mumbai Indians,Lucknow Super Giants,MI,LSG,"M.A. Chidambaram Stadium, Chennai",Chennai,spin,Mumbai Indians,bat,0,0,88,81,115,91,Mumbai Indians,MI,26 runs,Tim David
1951,2018,playoff,Gujarat Titans,Chennai Super Kings,GT,CSK,"BRSABV Ekana Stadium, Lucknow",Lucknow,balanced,Gujarat Titans,bat,0,0,86,90,207,185,Gujarat Titans,GT,3 wickets,Hardik Pandya
1952,2020,league,Sunrisers Hyderabad,Punjab Kings,SRH,PBKS,"M.A. Chidambaram Stadium, Chennai",Chennai,spin,Punjab Kings,field,0,0,78,75,165,181,Punjab Kings,PBKS,3 wickets,Jonny Bairstow
1953,2020,league,Sunrisers Hyderabad,Gujarat Titans,SRH,GT,"Rajiv Gandhi Stadium, Hyderabad",Hyderabad,balanced,Sunrisers Hyderabad,field,1,0,78,86,160,125,Sunrisers Hyderabad,SRH,46 runs,Abhishek Sharma
1954,2021,playoff,Delhi Capitals,Sunrisers Hyderabad,DC,SRH,"Rajiv Gandhi Stadium, Hyderabad",Hyderabad,balanced,Sunrisers Hyderabad,field,0,1,80,78,142,160,Sunrisers Hyderabad,SRH,7 wickets,Nitish Kumar Reddy
1955,2018,league,Lucknow Super Giants,Mumbai Indians,LSG,MI,"BRSABV Ekana Stadium, Lucknow",Lucknow,balanced,Mumbai Indians,field,1,0,81,88,193,218,Mumbai Indians,MI,6 wickets,Tim David
1956,2019,league,Gujarat Titans,Lucknow Super Giants,GT,LSG,"Sawai Mansingh Stadium, Jaipur",Jaipur,batting,Gujarat Titans,bat,0,0,86,81,132,150,Lucknow Super Giants,LSG,22 runs,Marcus Stoinis
1957,2021,league,Gujarat Titans,Delhi Capitals,GT,DC,"Arun Jaitley Stadium, Delhi",Delhi,balanced,Gujarat Titans,field,0,1,86,80,149,137,Gujarat Titans,GT,20 runs,Hardik Pandya
1958,2019,league,Lucknow Super Giants,Rajasthan Royals,LSG,RR,"BRSABV Ekana Stadium, Lucknow",Lucknow,balanced,Lucknow Super Giants,field,1,0,81,83,161,125,Lucknow Super Giants,LSG,3 wickets,Marcus Stoinis
1959,2019,league,Royal Challengers Bangalore,Mumbai Indians,RCB,MI,"Wankhede Stadium, Mumbai",Mumbai,batting,Mumbai Indians,bat,0,1,82,88,136,160,Mumbai Indians,MI,6 wickets,Suryakumar Yadav
1960,2023,league,Chennai Super Kings,Mumbai Indians,CSK,MI,"M. Chinnaswamy Stadium, Bangalore",Bangalore,batting,Mumbai Indians,field,0,0,90,88,209,192,Chennai Super Kings,CSK,47 runs,Ravindra Jadeja
1961,2025,league,Royal Challengers Bangalore,Chennai Super Kings,RCB,CSK,"M.A. Chidambaram Stadium, Chennai",Chennai,spin,Royal Challengers Bangalore,field,0,1,82,90,161,139,Royal Challengers Bangalore,RCB,21 runs,Rajat Patidar
1962,2020,league,Lucknow Super Giants,Sunrisers Hyderabad,LSG,SRH,"M.A. Chidambaram Stadium, Chennai",Chennai,spin,Sunrisers Hyderabad,bat,0,0,81,78,131,146,Sunrisers Hyderabad,SRH,40 runs,Abhishek Sharma
1963,2023,league,Royal Challengers Bangalore,Chennai Super Kings,RCB,CSK,"M.A. Chidambaram Stadium, Chennai",Chennai,spin,Royal Challengers Bangalore,bat,0,1,82,90,149,122,Royal Challengers Bangalore,RCB,5 wickets,Rajat Patidar
1964,2021,league,Chennai Super Kings,Royal Challengers Bangalore,CSK,RCB,"Arun Jaitley Stadium, Delhi",Delhi,balanced,Royal Challengers Bangalore,bat,0,0,90,82,201,212,Royal Challengers Bangalore,RCB,31 runs,Dinesh Karthik
1965,2019,league,Delhi Capitals,Chennai Super Kings,DC,CSK,"Arun Jaitley Stadium, Delhi",Delhi,balanced,Delhi Capitals,field,1,0,80,90,148,153,Chennai Super Kings,CSK,6 runs,Ravindra Jadeja
1966,2022,league,Kolkata Knight Riders,Gujarat Titans,KKR,GT,"Eden Gardens, Kolkata",Kolkata,balanced,Kolkata Knight Riders,field,1,0,85,86,186,178,Kolkata Knight Riders,KKR,16 runs,Andre Russell
1967,2022,final,Sunrisers Hyderabad,Kolkata Knight Riders,SRH,KKR,"Rajiv Gandhi Stadium, Hyderabad",Hyderabad,balanced,Kolkata Knight Riders,field,1,0,78,85,159,167,Kolkata Knight Riders,KKR,14 runs,Shreyas Iyer
1968,2019,league,Delhi Capitals,Rajasthan Royals,DC,RR,"Arun Jaitley Stadium, Delhi",Delhi,balanced,Delhi Capitals,bat,1,0,80,83,127,133,Rajasthan Royals,RR,2 wickets,Sanju Samson
1969,2020,league,Punjab Kings,Lucknow Super Giants,PBKS,LSG,"IS Bindra Stadium, Mohali",Mohali,pace,Lucknow Super Giants,bat,1,0,75,81,148,176,Lucknow Super Giants,LSG,5 wickets,Ravi Bishnoi
1970,2025,league,Chennai Super Kings,Gujarat Titans,CSK,GT,"IS Bindra Stadium, Mohali",Mohali,pace,Chennai Super Kings,field,0,0,90,86,182,162,Chennai Super Kings,CSK,10 runs,Ravindra Jadeja
1971,2020,league,Gujarat Titans,Delhi Capitals,GT,DC,"Arun Jaitley Stadium, Delhi",Delhi,balanced,Delhi Capitals,bat,0,1,86,80,140,153,Delhi Capitals,DC,4 wickets,Rishabh Pant
1972,2021,final,Mumbai Indians,Gujarat Titans,MI,GT,"Eden Gardens, Kolkata",Kolkata,balanced,Gujarat Titans,field,0,0,88,86,156,163,Gujarat Titans,GT,47 runs,Hardik Pandya
1973,2024,league,Royal Challengers Bangalore,Gujarat Titans,RCB,GT,"Narendra Modi Stadium, Ahmedabad",Ahmedabad,balanced,Gujarat Titans,field,0,1,82,86,152,165,Gujarat Titans,GT,47 runs,Wriddhiman Saha
1974,2023,league,Gujarat Titans,Sunrisers Hyderabad,GT,SRH,"BRSABV Ekana Stadium, Lucknow",Lucknow,balanced,Sunrisers Hyderabad,field,0,0,86,78,123,111,Gujarat Titans,GT,1 wickets,David Miller
1975,2018,league,Royal Challengers Bangalore,Lucknow Super Giants,RCB,LSG,"Rajiv Gandhi Stadium, Hyderabad",Hyderabad,balanced,Royal Challengers Bangalore,bat,0,0,82,81,175,176,Lucknow Super Giants,LSG,20 runs,KL Rahul
1976,2025,league,Punjab Kings,Kolkata Knight Riders,PBKS,KKR,"Eden Gardens, Kolkata",Kolkata,balanced,Punjab Kings,bat,0,1,75,85,172,161,Punjab Kings,PBKS,41 runs,Jitesh Sharma
1977,2024,league,Royal Challengers Bangalore,Gujarat Titans,RCB,GT,"Narendra Modi Stadium, Ahmedabad",Ahmedabad,balanced,Royal Challengers Bangalore,field,0,1,82,86,169,184,Gujarat Titans,GT,27 runs,Mohammed Shami
1978,2025,league,Gujarat Titans,Punjab Kings,GT,PBKS,"Sawai Mansingh Stadium, Jaipur",Jaipur,batting,Punjab Kings,bat,0,0,86,75,213,232,Punjab Kings,PBKS,37 runs,Jitesh Sharma
1979,2019,playoff,Sunrisers Hyderabad,Lucknow Super Giants,SRH,LSG,"Narendra Modi Stadium, Ahmedabad",Ahmedabad,balanced,Sunrisers Hyderabad,field,0,0,78,81,184,153,Sunrisers Hyderabad,SRH,34 runs,Nitish Kumar Reddy
1980,2019,playoff,Punjab Kings,Lucknow Super Giants,PBKS,LSG,"BRSABV Ekana Stadium, Lucknow",Lucknow,balanced,Punjab Kings,field,0,1,75,81,182,185,Lucknow Super Giants,LSG,3 runs,Ayush Badoni
1981,2020,playoff,Sunrisers Hyderabad,Rajasthan Royals,SRH,RR,"BRSABV Ekana Stadium, Lucknow",Lucknow,balanced,Rajasthan Royals,field,0,0,78,83,208,233,Rajasthan Royals,RR,7 wickets,Shimron Hetmyer
1982,2023,league,Chennai Super Kings,Sunrisers Hyderabad,CSK,SRH,"M.A. Chidambaram Stadium, Chennai",Chennai,spin,Sunrisers Hyderabad,field,1,0,90,78,179,183,Sunrisers Hyderabad,SRH,18 runs,Heinrich Klaasen
1983,2024,league,Royal Challengers Bangalore,Mumbai Indians,RCB,MI,"M. Chinnaswamy Stadium, Bangalore",Bangalore,batting,Mumbai Indians,bat,1,0,82,88,166,153,Royal Challengers Bangalore,RCB,1 wickets,Faf du Plessis
1984,2020,league,Gujarat Titans,Chennai Super Kings,GT,CSK,"IS Bindra Stadium, Mohali",Mohali,pace,Chennai Super Kings,bat,0,0,86,90,157,139,Gujarat Titans,GT,17 runs,Mohammed Shami
1985,2023,league,Mumbai Indians,Royal Challengers Bangalore,MI,RCB,"M. Chinnaswamy Stadium, Bangalore",Bangalore,batting,Royal Challengers Bangalore,field,0,1,88,82,175,137,Mumbai Indians,MI,5 wickets,Tim David
1986,2019,league,Chennai Super Kings,Punjab Kings,CSK,PBKS,"M.A. Chidambaram Stadium, Chennai",Chennai,spin,Chennai Super Kings,field,1,0,90,75,150,129,Chennai Super Kings,CSK,42 runs,Shivam Dube
1987,2021,league,Chennai Super Kings,Mumbai Indians,CSK,MI,"Sawai Mansingh Stadium, Jaipur",Jaipur,batting,Mumbai Indians,field,0,0,90,88,195,179,Chennai Super Kings,CSK,2 wickets,Ruturaj Gaikwad
1988,2026,league,Mumbai Indians,Punjab Kings,MI,PBKS,"IS Bindra Stadium, Mohali",Mohali,pace,Mumbai Indians,field,0,1,88,75,173,201,Punjab Kings,PBKS,1 wickets,Arshdeep Singh
1989,2020,league,Lucknow Super Giants,Delhi Capitals,LSG,DC,"BRSABV Ekana Stadium, Lucknow",Lucknow,balanced,Delhi Capitals,field,1,0,81,80,224,248,Delhi Capitals,DC,40 runs,Axar Patel
1990,2020,playoff,Kolkata Knight Riders,Delhi Capitals,KKR,DC,"Eden Gardens, Kolkata",Kolkata,balanced,Kolkata Knight Riders,field,1,0,85,80,153,112,Kolkata Knight Riders,KKR,9 runs,Sunil Narine
1991,2026,playoff,Delhi Capitals,Mumbai Indians,DC,MI,"Eden Gardens, Kolkata",Kolkata,balanced,Delhi Capitals,field,0,0,80,88,195,181,Delhi Capitals,DC,4 wickets,Kuldeep Yadav
1992,2026,final,Mumbai Indians,Chennai Super Kings,MI,CSK,"Arun Jaitley Stadium, Delhi",Delhi,balanced,Mumbai Indians,bat,0,0,88,90,173,165,Mumbai Indians,MI,14 runs,Ishan Kishan
1993,2020,league,Lucknow Super Giants,Royal Challengers Bangalore,LSG,RCB,"Rajiv Gandhi Stadium, Hyderabad",Hyderabad,balanced,Royal Challengers Bangalore,bat,0,0,81,82,130,95,Lucknow Super Giants,LSG,40 runs,Quinton de Kock
1994,2023,league,Gujarat Titans,Chennai Super Kings,GT,CSK,"Narendra Modi Stadium, Ahmedabad",Ahmedabad,balanced,Gujarat Titans,field,1,0,86,90,210,169,Gujarat Titans,GT,3 wickets,Shubman Gill
1995,2026,league,Lucknow Super Giants,Gujarat Titans,LSG,GT,"Wankhede Stadium, Mumbai",Mumbai,batting,Lucknow Super Giants,field,0,0,81,86,172,192,Gujarat Titans,GT,5 runs,Shubman Gill
1996,2025,league,Punjab Kings,Chennai Super Kings,PBKS,CSK,"IS Bindra Stadium, Mohali",Mohali,pace,Chennai Super Kings,bat,1,0,75,90,199,217,Chennai Super Kings,CSK,17 runs,Ruturaj Gaikwad
1997,2018,league,Gujarat Titans,Rajasthan Royals,GT,RR,"Rajiv Gandhi Stadium, Hyderabad",Hyderabad,balanced,Gujarat Titans,field,0,0,86,83,105,116,Rajasthan Royals,RR,2 wickets,Riyan Parag
1998,2025,league,Lucknow Super Giants,Sunrisers Hyderabad,LSG,SRH,"BRSABV Ekana Stadium, Lucknow",Lucknow,balanced,Lucknow Super Giants,field,1,0,81,78,153,170,Sunrisers Hyderabad,SRH,5 wickets,Travis Head
1999,2022,league,Chennai Super Kings,Gujarat Titans,CSK,GT,"M.A. Chidambaram Stadium, Chennai",Chennai,spin,Chennai Super Kings,field,1,0,90,86,116,138,Gujarat Titans,GT,4 wickets,Wriddhiman Saha
2000,2023,playoff,Sunrisers Hyderabad,Punjab Kings,SRH,PBKS,"Eden Gardens, Kolkata",Kolkata,balanced,Punjab Kings,field,0,0,78,75,177,166,Sunrisers Hyderabad,SRH,40 runs,Aiden Markram
